domain,port,group,supported,cipher,tls_version,server_temp_key,reason
test.openquantumsafe.org,443,X25519MLKEM768,YES,TLS_AES_256_GCM_SHA384,,"X25519MLKEM768",
test.openquantumsafe.org,443,SecP256r1MLKEM768,YES,TLS_AES_256_GCM_SHA384,,"SecP256r1MLKEM768",
test.openquantumsafe.org,443,SecP384r1MLKEM1024,YES,TLS_AES_256_GCM_SHA384,,"SecP384r1MLKEM1024",
test.openquantumsafe.org,443,MLKEM768,YES,TLS_AES_256_GCM_SHA384,,"MLKEM768",
test.openquantumsafe.org,443,MLKEM512,YES,TLS_AES_256_GCM_SHA384,,"MLKEM512",
test.openquantumsafe.org,443,MLKEM1024,YES,TLS_AES_256_GCM_SHA384,,"MLKEM1024",
ubs.com,443,X25519MLKEM768,NO,,,"",handshake_failure
ubs.com,443,SecP256r1MLKEM768,NO,,,"",handshake_failure
ubs.com,443,SecP384r1MLKEM1024,NO,,,"",handshake_failure
ubs.com,443,MLKEM768,NO,,,"",handshake_failure
ubs.com,443,MLKEM512,NO,,,"",handshake_failure
ubs.com,443,MLKEM1024,NO,,,"",handshake_failure
jpmorganchase.com,443,X25519MLKEM768,NO,,,"",handshake_failure
jpmorganchase.com,443,SecP256r1MLKEM768,NO,,,"",handshake_failure
jpmorganchase.com,443,SecP384r1MLKEM1024,NO,,,"",handshake_failure
jpmorganchase.com,443,MLKEM768,NO,,,"",handshake_failure
jpmorganchase.com,443,MLKEM512,NO,,,"",handshake_failure
jpmorganchase.com,443,MLKEM1024,NO,,,"",handshake_failure
bankofamerica.com,443,X25519MLKEM768,YES,TLS_AES_128_GCM_SHA256,,"X25519MLKEM768",
bankofamerica.com,443,SecP256r1MLKEM768,YES,TLS_AES_128_GCM_SHA256,,"SecP256r1MLKEM768",
bankofamerica.com,443,SecP384r1MLKEM1024,NO,,,"",unsupported_or_unknown
bankofamerica.com,443,MLKEM768,NO,,,"",unsupported_or_unknown
bankofamerica.com,443,MLKEM512,NO,,,"",unsupported_or_unknown
bankofamerica.com,443,MLKEM1024,NO,,,"",unsupported_or_unknown
citigroup.com,443,X25519MLKEM768,NO,,,"",protocol_mismatch
citigroup.com,443,SecP256r1MLKEM768,NO,,,"",protocol_mismatch
citigroup.com,443,SecP384r1MLKEM1024,NO,,,"",protocol_mismatch
citigroup.com,443,MLKEM768,NO,,,"",protocol_mismatch
citigroup.com,443,MLKEM512,NO,,,"",protocol_mismatch
citigroup.com,443,MLKEM1024,NO,,,"",protocol_mismatch
goldmansachs.com,443,X25519MLKEM768,NO,,,"",handshake_failure
goldmansachs.com,443,SecP256r1MLKEM768,NO,,,"",handshake_failure
goldmansachs.com,443,SecP384r1MLKEM1024,NO,,,"",handshake_failure
goldmansachs.com,443,MLKEM768,NO,,,"",handshake_failure
goldmansachs.com,443,MLKEM512,NO,,,"",handshake_failure
goldmansachs.com,443,MLKEM1024,NO,,,"",handshake_failure
morganstanley.com,443,X25519MLKEM768,NO,,,"",protocol_mismatch
morganstanley.com,443,SecP256r1MLKEM768,NO,,,"",protocol_mismatch
morganstanley.com,443,SecP384r1MLKEM1024,NO,,,"",protocol_mismatch
morganstanley.com,443,MLKEM768,NO,,,"",protocol_mismatch
morganstanley.com,443,MLKEM512,NO,,,"",protocol_mismatch
morganstanley.com,443,MLKEM1024,NO,,,"",protocol_mismatch
hsbc.com,443,X25519MLKEM768,NO,,,"",handshake_failure
hsbc.com,443,SecP256r1MLKEM768,NO,,,"",handshake_failure
hsbc.com,443,SecP384r1MLKEM1024,NO,,,"",handshake_failure
hsbc.com,443,MLKEM768,NO,,,"",handshake_failure
hsbc.com,443,MLKEM512,NO,,,"",handshake_failure
hsbc.com,443,MLKEM1024,NO,,,"",handshake_failure
barclays.com,443,X25519MLKEM768,NO,,,"",handshake_failure
barclays.com,443,SecP256r1MLKEM768,NO,,,"",handshake_failure
barclays.com,443,SecP384r1MLKEM1024,NO,,,"",handshake_failure
barclays.com,443,MLKEM768,NO,,,"",handshake_failure
barclays.com,443,MLKEM512,NO,,,"",handshake_failure
barclays.com,443,MLKEM1024,NO,,,"",handshake_failure
deutsche-bank.com,443,X25519MLKEM768,ERROR,,,"",connection_failed
deutsche-bank.com,443,SecP256r1MLKEM768,ERROR,,,"",connection_failed
deutsche-bank.com,443,SecP384r1MLKEM1024,ERROR,,,"",connection_failed
deutsche-bank.com,443,MLKEM768,ERROR,,,"",connection_failed
deutsche-bank.com,443,MLKEM512,ERROR,,,"",connection_failed
deutsche-bank.com,443,MLKEM1024,ERROR,,,"",connection_failed
bnpparibas.com,443,X25519MLKEM768,NO,,,"",handshake_failure
bnpparibas.com,443,SecP256r1MLKEM768,NO,,,"",handshake_failure
bnpparibas.com,443,SecP384r1MLKEM1024,NO,,,"",handshake_failure
bnpparibas.com,443,MLKEM768,NO,,,"",handshake_failure
bnpparibas.com,443,MLKEM512,NO,,,"",handshake_failure
bnpparibas.com,443,MLKEM1024,NO,,,"",handshake_failure
credit-agricole.com,443,X25519MLKEM768,NO,,,"",handshake_failure
credit-agricole.com,443,SecP256r1MLKEM768,NO,,,"",handshake_failure
credit-agricole.com,443,SecP384r1MLKEM1024,NO,,,"",handshake_failure
credit-agricole.com,443,MLKEM768,NO,,,"",handshake_failure
credit-agricole.com,443,MLKEM512,NO,,,"",handshake_failure
credit-agricole.com,443,MLKEM1024,NO,,,"",handshake_failure
societegenerale.com,443,X25519MLKEM768,YES,TLS_AES_128_GCM_SHA256,,"X25519MLKEM768",
societegenerale.com,443,SecP256r1MLKEM768,NO,,,"",handshake_failure
societegenerale.com,443,SecP384r1MLKEM1024,NO,,,"",handshake_failure
societegenerale.com,443,MLKEM768,NO,,,"",handshake_failure
societegenerale.com,443,MLKEM512,NO,,,"",handshake_failure
societegenerale.com,443,MLKEM1024,NO,,,"",handshake_failure
standardchartered.com,443,X25519MLKEM768,ERROR,,,"",connection_failed
standardchartered.com,443,SecP256r1MLKEM768,ERROR,,,"",connection_failed
standardchartered.com,443,SecP384r1MLKEM1024,ERROR,,,"",connection_failed
standardchartered.com,443,MLKEM768,ERROR,,,"",connection_failed
standardchartered.com,443,MLKEM512,ERROR,,,"",connection_failed
standardchartered.com,443,MLKEM1024,ERROR,,,"",connection_failed
mufg.jp,443,X25519MLKEM768,ERROR,,,"",connection_failed
mufg.jp,443,SecP256r1MLKEM768,ERROR,,,"",connection_failed
mufg.jp,443,SecP384r1MLKEM1024,ERROR,,,"",connection_failed
mufg.jp,443,MLKEM768,ERROR,,,"",connection_failed
mufg.jp,443,MLKEM512,ERROR,,,"",connection_failed
mufg.jp,443,MLKEM1024,ERROR,,,"",connection_failed
smfg.co.jp,443,X25519MLKEM768,ERROR,,,"",connection_failed
smfg.co.jp,443,SecP256r1MLKEM768,ERROR,,,"",connection_failed
smfg.co.jp,443,SecP384r1MLKEM1024,ERROR,,,"",connection_failed
smfg.co.jp,443,MLKEM768,ERROR,,,"",connection_failed
smfg.co.jp,443,MLKEM512,ERROR,,,"",connection_failed
smfg.co.jp,443,MLKEM1024,ERROR,,,"",connection_failed
mizuho-fg.com,443,X25519MLKEM768,ERROR,,,"",connection_failed
mizuho-fg.com,443,SecP256r1MLKEM768,ERROR,,,"",connection_failed
mizuho-fg.com,443,SecP384r1MLKEM1024,ERROR,,,"",connection_failed
mizuho-fg.com,443,MLKEM768,ERROR,,,"",connection_failed
mizuho-fg.com,443,MLKEM512,ERROR,,,"",connection_failed
mizuho-fg.com,443,MLKEM1024,ERROR,,,"",connection_failed
icbc.com.cn,443,X25519MLKEM768,NO,,,"",unsupported_or_unknown
icbc.com.cn,443,SecP256r1MLKEM768,NO,,,"",unsupported_or_unknown
icbc.com.cn,443,SecP384r1MLKEM1024,NO,,,"",unsupported_or_unknown
icbc.com.cn,443,MLKEM768,NO,,,"",unsupported_or_unknown
icbc.com.cn,443,MLKEM512,NO,,,"",unsupported_or_unknown
icbc.com.cn,443,MLKEM1024,NO,,,"",unsupported_or_unknown
ccb.com,443,X25519MLKEM768,NO,,,"",unsupported_or_unknown
ccb.com,443,SecP256r1MLKEM768,NO,,,"",unsupported_or_unknown
ccb.com,443,SecP384r1MLKEM1024,NO,,,"",unsupported_or_unknown
ccb.com,443,MLKEM768,NO,,,"",unsupported_or_unknown
ccb.com,443,MLKEM512,NO,,,"",unsupported_or_unknown
ccb.com,443,MLKEM1024,NO,,,"",unsupported_or_unknown
bankofchina.com,443,X25519MLKEM768,ERROR,,,"",connection_failed
bankofchina.com,443,SecP256r1MLKEM768,ERROR,,,"",connection_failed
bankofchina.com,443,SecP384r1MLKEM1024,ERROR,,,"",connection_failed
bankofchina.com,443,MLKEM768,ERROR,,,"",connection_failed
bankofchina.com,443,MLKEM512,ERROR,,,"",connection_failed
bankofchina.com,443,MLKEM1024,ERROR,,,"",connection_failed
abcchina.com,443,X25519MLKEM768,ERROR,,,"",connection_failed
abcchina.com,443,SecP256r1MLKEM768,ERROR,,,"",connection_failed
abcchina.com,443,SecP384r1MLKEM1024,ERROR,,,"",connection_failed
abcchina.com,443,MLKEM768,ERROR,,,"",connection_failed
abcchina.com,443,MLKEM512,ERROR,,,"",connection_failed
abcchina.com,443,MLKEM1024,ERROR,,,"",connection_failed
wellsfargo.com,443,X25519MLKEM768,NO,,,"",handshake_failure
wellsfargo.com,443,SecP256r1MLKEM768,NO,,,"",handshake_failure
wellsfargo.com,443,SecP384r1MLKEM1024,NO,,,"",handshake_failure
wellsfargo.com,443,MLKEM768,NO,,,"",handshake_failure
wellsfargo.com,443,MLKEM512,NO,,,"",handshake_failure
wellsfargo.com,443,MLKEM1024,NO,,,"",handshake_failure
usbank.com,443,X25519MLKEM768,NO,,,"",handshake_failure
usbank.com,443,SecP256r1MLKEM768,NO,,,"",handshake_failure
usbank.com,443,SecP384r1MLKEM1024,NO,,,"",handshake_failure
usbank.com,443,MLKEM768,NO,,,"",handshake_failure
usbank.com,443,MLKEM512,NO,,,"",handshake_failure
usbank.com,443,MLKEM1024,NO,,,"",handshake_failure
pnc.com,443,X25519MLKEM768,NO,,,"",handshake_failure
pnc.com,443,SecP256r1MLKEM768,NO,,,"",handshake_failure
pnc.com,443,SecP384r1MLKEM1024,NO,,,"",handshake_failure
pnc.com,443,MLKEM768,NO,,,"",handshake_failure
pnc.com,443,MLKEM512,NO,,,"",handshake_failure
pnc.com,443,MLKEM1024,NO,,,"",handshake_failure
td.com,443,X25519MLKEM768,NO,,,"",handshake_failure
td.com,443,SecP256r1MLKEM768,NO,,,"",handshake_failure
td.com,443,SecP384r1MLKEM1024,NO,,,"",handshake_failure
td.com,443,MLKEM768,NO,,,"",handshake_failure
td.com,443,MLKEM512,NO,,,"",handshake_failure
td.com,443,MLKEM1024,NO,,,"",handshake_failure
rbc.com,443,X25519MLKEM768,NO,,,"",handshake_failure
rbc.com,443,SecP256r1MLKEM768,NO,,,"",handshake_failure
rbc.com,443,SecP384r1MLKEM1024,NO,,,"",handshake_failure
rbc.com,443,MLKEM768,NO,,,"",handshake_failure
rbc.com,443,MLKEM512,NO,,,"",handshake_failure
rbc.com,443,MLKEM1024,NO,,,"",handshake_failure
scotiabank.com,443,X25519MLKEM768,NO,,,"",handshake_failure
scotiabank.com,443,SecP256r1MLKEM768,NO,,,"",handshake_failure
scotiabank.com,443,SecP384r1MLKEM1024,NO,,,"",handshake_failure
scotiabank.com,443,MLKEM768,NO,,,"",handshake_failure
scotiabank.com,443,MLKEM512,NO,,,"",handshake_failure
scotiabank.com,443,MLKEM1024,NO,,,"",handshake_failure
ing.com,443,X25519MLKEM768,NO,,,"",handshake_failure
ing.com,443,SecP256r1MLKEM768,NO,,,"",handshake_failure
ing.com,443,SecP384r1MLKEM1024,NO,,,"",handshake_failure
ing.com,443,MLKEM768,NO,,,"",handshake_failure
ing.com,443,MLKEM512,NO,,,"",handshake_failure
ing.com,443,MLKEM1024,NO,,,"",handshake_failure
santander.com,443,X25519MLKEM768,YES,TLS_AES_128_GCM_SHA256,,"X25519MLKEM768",
santander.com,443,SecP256r1MLKEM768,NO,,,"",handshake_failure
santander.com,443,SecP384r1MLKEM1024,NO,,,"",handshake_failure
santander.com,443,MLKEM768,NO,,,"",handshake_failure
santander.com,443,MLKEM512,NO,,,"",handshake_failure
santander.com,443,MLKEM1024,NO,,,"",handshake_failure
unicreditgroup.eu,443,X25519MLKEM768,NO,,,"",handshake_failure
unicreditgroup.eu,443,SecP256r1MLKEM768,NO,,,"",handshake_failure
unicreditgroup.eu,443,SecP384r1MLKEM1024,NO,,,"",handshake_failure
unicreditgroup.eu,443,MLKEM768,NO,,,"",handshake_failure
unicreditgroup.eu,443,MLKEM512,NO,,,"",handshake_failure
unicreditgroup.eu,443,MLKEM1024,NO,,,"",handshake_failure
intesa-sanpaolo.com,443,X25519MLKEM768,ERROR,,,"",connection_failed
intesa-sanpaolo.com,443,SecP256r1MLKEM768,ERROR,,,"",connection_failed
intesa-sanpaolo.com,443,SecP384r1MLKEM1024,ERROR,,,"",connection_failed
intesa-sanpaolo.com,443,MLKEM768,ERROR,,,"",connection_failed
intesa-sanpaolo.com,443,MLKEM512,ERROR,,,"",connection_failed
intesa-sanpaolo.com,443,MLKEM1024,ERROR,,,"",connection_failed
dbs.com,443,X25519MLKEM768,NO,,,"",handshake_failure
dbs.com,443,SecP256r1MLKEM768,NO,,,"",handshake_failure
dbs.com,443,SecP384r1MLKEM1024,NO,,,"",handshake_failure
dbs.com,443,MLKEM768,NO,,,"",handshake_failure
dbs.com,443,MLKEM512,NO,,,"",handshake_failure
dbs.com,443,MLKEM1024,NO,,,"",handshake_failure
ocbc.com,443,X25519MLKEM768,NO,,,"",handshake_failure
ocbc.com,443,SecP256r1MLKEM768,NO,,,"",handshake_failure
ocbc.com,443,SecP384r1MLKEM1024,NO,,,"",handshake_failure
ocbc.com,443,MLKEM768,NO,,,"",handshake_failure
ocbc.com,443,MLKEM512,NO,,,"",handshake_failure
ocbc.com,443,MLKEM1024,NO,,,"",handshake_failure
uobgroup.com,443,X25519MLKEM768,NO,,,"",handshake_failure
uobgroup.com,443,SecP256r1MLKEM768,NO,,,"",handshake_failure
uobgroup.com,443,SecP384r1MLKEM1024,NO,,,"",handshake_failure
uobgroup.com,443,MLKEM768,NO,,,"",handshake_failure
uobgroup.com,443,MLKEM512,NO,,,"",handshake_failure
uobgroup.com,443,MLKEM1024,NO,,,"",handshake_failure
maybank.com,443,X25519MLKEM768,YES,TLS_AES_128_GCM_SHA256,,"X25519MLKEM768",
maybank.com,443,SecP256r1MLKEM768,NO,,,"",handshake_failure
maybank.com,443,SecP384r1MLKEM1024,NO,,,"",handshake_failure
maybank.com,443,MLKEM768,NO,,,"",handshake_failure
maybank.com,443,MLKEM512,NO,,,"",handshake_failure
maybank.com,443,MLKEM1024,NO,,,"",handshake_failure
visa.com,443,X25519MLKEM768,YES,TLS_AES_256_GCM_SHA384,,"X25519MLKEM768",
visa.com,443,SecP256r1MLKEM768,NO,,,"",handshake_failure
visa.com,443,SecP384r1MLKEM1024,NO,,,"",handshake_failure
visa.com,443,MLKEM768,NO,,,"",handshake_failure
visa.com,443,MLKEM512,NO,,,"",handshake_failure
visa.com,443,MLKEM1024,NO,,,"",handshake_failure
mastercard.com,443,X25519MLKEM768,NO,,,"",handshake_failure
mastercard.com,443,SecP256r1MLKEM768,NO,,,"",handshake_failure
mastercard.com,443,SecP384r1MLKEM1024,NO,,,"",handshake_failure
mastercard.com,443,MLKEM768,NO,,,"",handshake_failure
mastercard.com,443,MLKEM512,NO,,,"",handshake_failure
mastercard.com,443,MLKEM1024,NO,,,"",handshake_failure
americanexpress.com,443,X25519MLKEM768,NO,,,"",handshake_failure
americanexpress.com,443,SecP256r1MLKEM768,NO,,,"",handshake_failure
americanexpress.com,443,SecP384r1MLKEM1024,NO,,,"",handshake_failure
americanexpress.com,443,MLKEM768,NO,,,"",handshake_failure
americanexpress.com,443,MLKEM512,NO,,,"",handshake_failure
americanexpress.com,443,MLKEM1024,NO,,,"",handshake_failure
discover.com,443,X25519MLKEM768,NO,,,"",handshake_failure
discover.com,443,SecP256r1MLKEM768,NO,,,"",handshake_failure
discover.com,443,SecP384r1MLKEM1024,NO,,,"",handshake_failure
discover.com,443,MLKEM768,NO,,,"",handshake_failure
discover.com,443,MLKEM512,NO,,,"",handshake_failure
discover.com,443,MLKEM1024,NO,,,"",handshake_failure
paypal.com,443,X25519MLKEM768,YES,TLS_AES_256_GCM_SHA384,,"X25519MLKEM768",
paypal.com,443,SecP256r1MLKEM768,NO,,,"",handshake_failure
paypal.com,443,SecP384r1MLKEM1024,NO,,,"",handshake_failure
paypal.com,443,MLKEM768,NO,,,"",handshake_failure
paypal.com,443,MLKEM512,NO,,,"",handshake_failure
paypal.com,443,MLKEM1024,NO,,,"",handshake_failure
stripe.com,443,X25519MLKEM768,NO,,,"",handshake_failure
stripe.com,443,SecP256r1MLKEM768,NO,,,"",handshake_failure
stripe.com,443,SecP384r1MLKEM1024,NO,,,"",handshake_failure
stripe.com,443,MLKEM768,NO,,,"",handshake_failure
stripe.com,443,MLKEM512,NO,,,"",handshake_failure
stripe.com,443,MLKEM1024,NO,,,"",handshake_failure
adyen.com,443,X25519MLKEM768,NO,,,"",handshake_failure
adyen.com,443,SecP256r1MLKEM768,NO,,,"",handshake_failure
adyen.com,443,SecP384r1MLKEM1024,NO,,,"",handshake_failure
adyen.com,443,MLKEM768,NO,,,"",handshake_failure
adyen.com,443,MLKEM512,NO,,,"",handshake_failure
adyen.com,443,MLKEM1024,NO,,,"",handshake_failure
squareup.com,443,X25519MLKEM768,YES,TLS_AES_256_GCM_SHA384,,"X25519MLKEM768",
squareup.com,443,SecP256r1MLKEM768,NO,,,"",handshake_failure
squareup.com,443,SecP384r1MLKEM1024,NO,,,"",handshake_failure
squareup.com,443,MLKEM768,NO,,,"",handshake_failure
squareup.com,443,MLKEM512,NO,,,"",handshake_failure
squareup.com,443,MLKEM1024,NO,,,"",handshake_failure
worldpay.com,443,X25519MLKEM768,NO,,,"",handshake_failure
worldpay.com,443,SecP256r1MLKEM768,NO,,,"",handshake_failure
worldpay.com,443,SecP384r1MLKEM1024,NO,,,"",handshake_failure
worldpay.com,443,MLKEM768,NO,,,"",handshake_failure
worldpay.com,443,MLKEM512,NO,,,"",handshake_failure
worldpay.com,443,MLKEM1024,NO,,,"",handshake_failure
nasdaq.com,443,X25519MLKEM768,YES,TLS_AES_128_GCM_SHA256,,"X25519MLKEM768",
nasdaq.com,443,SecP256r1MLKEM768,NO,,,"",handshake_failure
nasdaq.com,443,SecP384r1MLKEM1024,NO,,,"",handshake_failure
nasdaq.com,443,MLKEM768,NO,,,"",handshake_failure
nasdaq.com,443,MLKEM512,NO,,,"",handshake_failure
nasdaq.com,443,MLKEM1024,NO,,,"",handshake_failure
nyse.com,443,X25519MLKEM768,YES,TLS_AES_256_GCM_SHA384,,"X25519MLKEM768",
nyse.com,443,SecP256r1MLKEM768,NO,,,"",handshake_failure
nyse.com,443,SecP384r1MLKEM1024,NO,,,"",handshake_failure
nyse.com,443,MLKEM768,NO,,,"",handshake_failure
nyse.com,443,MLKEM512,NO,,,"",handshake_failure
nyse.com,443,MLKEM1024,NO,,,"",handshake_failure
cmegroup.com,443,X25519MLKEM768,NO,,,"",handshake_failure
cmegroup.com,443,SecP256r1MLKEM768,NO,,,"",handshake_failure
cmegroup.com,443,SecP384r1MLKEM1024,NO,,,"",handshake_failure
cmegroup.com,443,MLKEM768,NO,,,"",handshake_failure
cmegroup.com,443,MLKEM512,NO,,,"",handshake_failure
cmegroup.com,443,MLKEM1024,NO,,,"",handshake_failure
lseg.com,443,X25519MLKEM768,YES,TLS_AES_256_GCM_SHA384,,"X25519MLKEM768",
lseg.com,443,SecP256r1MLKEM768,NO,,,"",handshake_failure
lseg.com,443,SecP384r1MLKEM1024,NO,,,"",handshake_failure
lseg.com,443,MLKEM768,NO,,,"",handshake_failure
lseg.com,443,MLKEM512,NO,,,"",handshake_failure
lseg.com,443,MLKEM1024,NO,,,"",handshake_failure
eurex.com,443,X25519MLKEM768,NO,,,"",handshake_failure
eurex.com,443,SecP256r1MLKEM768,NO,,,"",handshake_failure
eurex.com,443,SecP384r1MLKEM1024,NO,,,"",handshake_failure
eurex.com,443,MLKEM768,NO,,,"",handshake_failure
eurex.com,443,MLKEM512,NO,,,"",handshake_failure
eurex.com,443,MLKEM1024,NO,,,"",handshake_failure
hkex.com.hk,443,X25519MLKEM768,ERROR,,,"",connection_failed
hkex.com.hk,443,SecP256r1MLKEM768,ERROR,,,"",connection_failed
hkex.com.hk,443,SecP384r1MLKEM1024,ERROR,,,"",connection_failed
hkex.com.hk,443,MLKEM768,ERROR,,,"",connection_failed
hkex.com.hk,443,MLKEM512,ERROR,,,"",connection_failed
hkex.com.hk,443,MLKEM1024,ERROR,,,"",connection_failed
sgx.com,443,X25519MLKEM768,NO,,,"",handshake_failure
sgx.com,443,SecP256r1MLKEM768,NO,,,"",handshake_failure
sgx.com,443,SecP384r1MLKEM1024,NO,,,"",handshake_failure
sgx.com,443,MLKEM768,NO,,,"",handshake_failure
sgx.com,443,MLKEM512,NO,,,"",handshake_failure
sgx.com,443,MLKEM1024,NO,,,"",handshake_failure
blackrock.com,443,X25519MLKEM768,NO,,,"",handshake_failure
blackrock.com,443,SecP256r1MLKEM768,NO,,,"",handshake_failure
blackrock.com,443,SecP384r1MLKEM1024,NO,,,"",handshake_failure
blackrock.com,443,MLKEM768,NO,,,"",handshake_failure
blackrock.com,443,MLKEM512,NO,,,"",handshake_failure
blackrock.com,443,MLKEM1024,NO,,,"",handshake_failure
vanguard.com,443,X25519MLKEM768,YES,TLS_AES_256_GCM_SHA384,,"X25519MLKEM768",
vanguard.com,443,SecP256r1MLKEM768,NO,,,"",handshake_failure
vanguard.com,443,SecP384r1MLKEM1024,NO,,,"",handshake_failure
vanguard.com,443,MLKEM768,NO,,,"",handshake_failure
vanguard.com,443,MLKEM512,NO,,,"",handshake_failure
vanguard.com,443,MLKEM1024,NO,,,"",handshake_failure
fidelity.com,443,X25519MLKEM768,NO,,,"",unsupported_or_unknown
fidelity.com,443,SecP256r1MLKEM768,NO,,,"",unsupported_or_unknown
fidelity.com,443,SecP384r1MLKEM1024,NO,,,"",unsupported_or_unknown
fidelity.com,443,MLKEM768,NO,,,"",unsupported_or_unknown
fidelity.com,443,MLKEM512,NO,,,"",unsupported_or_unknown
fidelity.com,443,MLKEM1024,NO,,,"",unsupported_or_unknown
state-street.com,443,X25519MLKEM768,NO,,,"",handshake_failure
state-street.com,443,SecP256r1MLKEM768,NO,,,"",handshake_failure
state-street.com,443,SecP384r1MLKEM1024,NO,,,"",handshake_failure
state-street.com,443,MLKEM768,NO,,,"",handshake_failure
state-street.com,443,MLKEM512,NO,,,"",handshake_failure
state-street.com,443,MLKEM1024,NO,,,"",handshake_failure
northerntrust.com,443,X25519MLKEM768,NO,,,"",handshake_failure
northerntrust.com,443,SecP256r1MLKEM768,NO,,,"",handshake_failure
northerntrust.com,443,SecP384r1MLKEM1024,NO,,,"",handshake_failure
northerntrust.com,443,MLKEM768,NO,,,"",handshake_failure
northerntrust.com,443,MLKEM512,NO,,,"",handshake_failure
northerntrust.com,443,MLKEM1024,NO,,,"",handshake_failure
hsbc.com,443,X25519MLKEM768,NO,,,"",handshake_failure
hsbc.com,443,SecP256r1MLKEM768,NO,,,"",handshake_failure
hsbc.com,443,SecP384r1MLKEM1024,NO,,,"",handshake_failure
hsbc.com,443,MLKEM512,NO,,,"",handshake_failure
hsbc.com,443,MLKEM768,NO,,,"",handshake_failure
hsbc.com,443,MLKEM1024,NO,,,"",handshake_failure
hsbc.co.uk,443,X25519MLKEM768,NO,,,"",unsupported_or_unknown
hsbc.co.uk,443,SecP256r1MLKEM768,NO,,,"",unsupported_or_unknown
hsbc.co.uk,443,SecP384r1MLKEM1024,NO,,,"",unsupported_or_unknown
hsbc.co.uk,443,MLKEM512,NO,,,"",unsupported_or_unknown
hsbc.co.uk,443,MLKEM768,NO,,,"",unsupported_or_unknown
hsbc.co.uk,443,MLKEM1024,NO,,,"",unsupported_or_unknown
barclays.com,443,X25519MLKEM768,NO,,,"",handshake_failure
barclays.com,443,SecP256r1MLKEM768,NO,,,"",handshake_failure
barclays.com,443,SecP384r1MLKEM1024,NO,,,"",handshake_failure
barclays.com,443,MLKEM512,NO,,,"",handshake_failure
barclays.com,443,MLKEM768,NO,,,"",handshake_failure
barclays.com,443,MLKEM1024,NO,,,"",handshake_failure
barclays.co.uk,443,X25519MLKEM768,NO,,,"",handshake_failure
barclays.co.uk,443,SecP256r1MLKEM768,NO,,,"",handshake_failure
barclays.co.uk,443,SecP384r1MLKEM1024,NO,,,"",handshake_failure
barclays.co.uk,443,MLKEM512,NO,,,"",handshake_failure
barclays.co.uk,443,MLKEM768,NO,,,"",handshake_failure
barclays.co.uk,443,MLKEM1024,NO,,,"",handshake_failure
lloydsbank.com,443,X25519MLKEM768,NO,,,"",handshake_failure
lloydsbank.com,443,SecP256r1MLKEM768,NO,,,"",handshake_failure
lloydsbank.com,443,SecP384r1MLKEM1024,NO,,,"",handshake_failure
lloydsbank.com,443,MLKEM512,NO,,,"",handshake_failure
lloydsbank.com,443,MLKEM768,NO,,,"",handshake_failure
lloydsbank.com,443,MLKEM1024,NO,,,"",handshake_failure
lloydsbankinggroup.com,443,X25519MLKEM768,NO,,,"",handshake_failure
lloydsbankinggroup.com,443,SecP256r1MLKEM768,NO,,,"",handshake_failure
lloydsbankinggroup.com,443,SecP384r1MLKEM1024,NO,,,"",handshake_failure
lloydsbankinggroup.com,443,MLKEM512,NO,,,"",handshake_failure
lloydsbankinggroup.com,443,MLKEM768,NO,,,"",handshake_failure
lloydsbankinggroup.com,443,MLKEM1024,NO,,,"",handshake_failure
natwest.com,443,X25519MLKEM768,NO,,,"",handshake_failure
natwest.com,443,SecP256r1MLKEM768,NO,,,"",handshake_failure
natwest.com,443,SecP384r1MLKEM1024,NO,,,"",handshake_failure
natwest.com,443,MLKEM512,NO,,,"",handshake_failure
natwest.com,443,MLKEM768,NO,,,"",handshake_failure
natwest.com,443,MLKEM1024,NO,,,"",handshake_failure
natwestgroup.com,443,X25519MLKEM768,NO,,,"",handshake_failure
natwestgroup.com,443,SecP256r1MLKEM768,NO,,,"",handshake_failure
natwestgroup.com,443,SecP384r1MLKEM1024,NO,,,"",handshake_failure
natwestgroup.com,443,MLKEM512,NO,,,"",handshake_failure
natwestgroup.com,443,MLKEM768,NO,,,"",handshake_failure
natwestgroup.com,443,MLKEM1024,NO,,,"",handshake_failure
rbs.co.uk,443,X25519MLKEM768,NO,,,"",handshake_failure
rbs.co.uk,443,SecP256r1MLKEM768,NO,,,"",handshake_failure
rbs.co.uk,443,SecP384r1MLKEM1024,NO,,,"",handshake_failure
rbs.co.uk,443,MLKEM512,NO,,,"",handshake_failure
rbs.co.uk,443,MLKEM768,NO,,,"",handshake_failure
rbs.co.uk,443,MLKEM1024,NO,,,"",handshake_failure
standardchartered.com,443,X25519MLKEM768,ERROR,,,"",connection_failed
standardchartered.com,443,SecP256r1MLKEM768,ERROR,,,"",connection_failed
standardchartered.com,443,SecP384r1MLKEM1024,ERROR,,,"",connection_failed
standardchartered.com,443,MLKEM512,ERROR,,,"",connection_failed
standardchartered.com,443,MLKEM768,ERROR,,,"",connection_failed
standardchartered.com,443,MLKEM1024,ERROR,,,"",connection_failed
bnpparibas.com,443,X25519MLKEM768,NO,,,"",handshake_failure
bnpparibas.com,443,SecP256r1MLKEM768,NO,,,"",handshake_failure
bnpparibas.com,443,SecP384r1MLKEM1024,NO,,,"",handshake_failure
bnpparibas.com,443,MLKEM512,NO,,,"",handshake_failure
bnpparibas.com,443,MLKEM768,NO,,,"",handshake_failure
bnpparibas.com,443,MLKEM1024,NO,,,"",handshake_failure
bnpparibas-fortis.com,443,X25519MLKEM768,ERROR,,,"",connection_failed
bnpparibas-fortis.com,443,SecP256r1MLKEM768,ERROR,,,"",connection_failed
bnpparibas-fortis.com,443,SecP384r1MLKEM1024,ERROR,,,"",connection_failed
bnpparibas-fortis.com,443,MLKEM512,ERROR,,,"",connection_failed
bnpparibas-fortis.com,443,MLKEM768,ERROR,,,"",connection_failed
bnpparibas-fortis.com,443,MLKEM1024,ERROR,,,"",connection_failed
societegenerale.com,443,X25519MLKEM768,YES,TLS_AES_128_GCM_SHA256,,"X25519MLKEM768",
societegenerale.com,443,SecP256r1MLKEM768,NO,,,"",handshake_failure
societegenerale.com,443,SecP384r1MLKEM1024,NO,,,"",handshake_failure
societegenerale.com,443,MLKEM512,NO,,,"",handshake_failure
societegenerale.com,443,MLKEM768,NO,,,"",handshake_failure
societegenerale.com,443,MLKEM1024,NO,,,"",handshake_failure
creditagricole.com,443,X25519MLKEM768,NO,,,"",handshake_failure
creditagricole.com,443,SecP256r1MLKEM768,NO,,,"",handshake_failure
creditagricole.com,443,SecP384r1MLKEM1024,NO,,,"",handshake_failure
creditagricole.com,443,MLKEM512,NO,,,"",handshake_failure
creditagricole.com,443,MLKEM768,NO,,,"",handshake_failure
creditagricole.com,443,MLKEM1024,NO,,,"",handshake_failure
bfrv.fr,443,X25519MLKEM768,ERROR,,,"",connection_failed
bfrv.fr,443,SecP256r1MLKEM768,ERROR,,,"",connection_failed
bfrv.fr,443,SecP384r1MLKEM1024,ERROR,,,"",connection_failed
bfrv.fr,443,MLKEM512,ERROR,,,"",connection_failed
bfrv.fr,443,MLKEM768,ERROR,,,"",connection_failed
bfrv.fr,443,MLKEM1024,ERROR,,,"",connection_failed
deutschebank.com,443,X25519MLKEM768,ERROR,,,"",connection_failed
deutschebank.com,443,SecP256r1MLKEM768,ERROR,,,"",connection_failed
deutschebank.com,443,SecP384r1MLKEM1024,ERROR,,,"",connection_failed
deutschebank.com,443,MLKEM512,ERROR,,,"",connection_failed
deutschebank.com,443,MLKEM768,ERROR,,,"",connection_failed
deutschebank.com,443,MLKEM1024,ERROR,,,"",connection_failed
db.com,443,X25519MLKEM768,NO,,,"",handshake_failure
db.com,443,SecP256r1MLKEM768,NO,,,"",handshake_failure
db.com,443,SecP384r1MLKEM1024,NO,,,"",handshake_failure
db.com,443,MLKEM512,NO,,,"",handshake_failure
db.com,443,MLKEM768,NO,,,"",handshake_failure
db.com,443,MLKEM1024,NO,,,"",handshake_failure
commerzbank.com,443,X25519MLKEM768,YES,TLS_AES_256_GCM_SHA384,,"X25519MLKEM768",
commerzbank.com,443,SecP256r1MLKEM768,NO,,,"",handshake_failure
commerzbank.com,443,SecP384r1MLKEM1024,NO,,,"",handshake_failure
commerzbank.com,443,MLKEM512,NO,,,"",handshake_failure
commerzbank.com,443,MLKEM768,NO,,,"",handshake_failure
commerzbank.com,443,MLKEM1024,NO,,,"",handshake_failure
ingbank.com,443,X25519MLKEM768,ERROR,,,"",connection_failed
ingbank.com,443,SecP256r1MLKEM768,ERROR,,,"",connection_failed
ingbank.com,443,SecP384r1MLKEM1024,ERROR,,,"",connection_failed
ingbank.com,443,MLKEM512,ERROR,,,"",connection_failed
ingbank.com,443,MLKEM768,ERROR,,,"",connection_failed
ingbank.com,443,MLKEM1024,ERROR,,,"",connection_failed
ing.com,443,X25519MLKEM768,NO,,,"",handshake_failure
ing.com,443,SecP256r1MLKEM768,NO,,,"",handshake_failure
ing.com,443,SecP384r1MLKEM1024,NO,,,"",handshake_failure
ing.com,443,MLKEM512,NO,,,"",handshake_failure
ing.com,443,MLKEM768,NO,,,"",handshake_failure
ing.com,443,MLKEM1024,NO,,,"",handshake_failure
rabobank.com,443,X25519MLKEM768,NO,,,"",handshake_failure
rabobank.com,443,SecP256r1MLKEM768,NO,,,"",handshake_failure
rabobank.com,443,SecP384r1MLKEM1024,NO,,,"",handshake_failure
rabobank.com,443,MLKEM512,NO,,,"",handshake_failure
rabobank.com,443,MLKEM768,NO,,,"",handshake_failure
rabobank.com,443,MLKEM1024,NO,,,"",handshake_failure
abnamro.com,443,X25519MLKEM768,NO,,,"",handshake_failure
abnamro.com,443,SecP256r1MLKEM768,NO,,,"",handshake_failure
abnamro.com,443,SecP384r1MLKEM1024,NO,,,"",handshake_failure
abnamro.com,443,MLKEM512,NO,,,"",handshake_failure
abnamro.com,443,MLKEM768,NO,,,"",handshake_failure
abnamro.com,443,MLKEM1024,NO,,,"",handshake_failure
abn-amro.com,443,X25519MLKEM768,ERROR,,,"",connection_failed
abn-amro.com,443,SecP256r1MLKEM768,ERROR,,,"",connection_failed
abn-amro.com,443,SecP384r1MLKEM1024,ERROR,,,"",connection_failed
abn-amro.com,443,MLKEM512,ERROR,,,"",connection_failed
abn-amro.com,443,MLKEM768,ERROR,,,"",connection_failed
abn-amro.com,443,MLKEM1024,ERROR,,,"",connection_failed
ubs.com,443,X25519MLKEM768,NO,,,"",handshake_failure
ubs.com,443,SecP256r1MLKEM768,NO,,,"",handshake_failure
ubs.com,443,SecP384r1MLKEM1024,NO,,,"",handshake_failure
ubs.com,443,MLKEM512,NO,,,"",handshake_failure
ubs.com,443,MLKEM768,NO,,,"",handshake_failure
ubs.com,443,MLKEM1024,NO,,,"",handshake_failure
credit-suisse.com,443,X25519MLKEM768,NO,,,"",handshake_failure
credit-suisse.com,443,SecP256r1MLKEM768,NO,,,"",handshake_failure
credit-suisse.com,443,SecP384r1MLKEM1024,NO,,,"",handshake_failure
credit-suisse.com,443,MLKEM512,NO,,,"",handshake_failure
credit-suisse.com,443,MLKEM768,NO,,,"",handshake_failure
credit-suisse.com,443,MLKEM1024,NO,,,"",handshake_failure
juliusbaer.com,443,X25519MLKEM768,NO,,,"",handshake_failure
juliusbaer.com,443,SecP256r1MLKEM768,NO,,,"",handshake_failure
juliusbaer.com,443,SecP384r1MLKEM1024,NO,,,"",handshake_failure
juliusbaer.com,443,MLKEM512,NO,,,"",handshake_failure
juliusbaer.com,443,MLKEM768,NO,,,"",handshake_failure
juliusbaer.com,443,MLKEM1024,NO,,,"",handshake_failure
nordea.com,443,X25519MLKEM768,NO,,,"",handshake_failure
nordea.com,443,SecP256r1MLKEM768,NO,,,"",handshake_failure
nordea.com,443,SecP384r1MLKEM1024,NO,,,"",handshake_failure
nordea.com,443,MLKEM512,NO,,,"",handshake_failure
nordea.com,443,MLKEM768,NO,,,"",handshake_failure
nordea.com,443,MLKEM1024,NO,,,"",handshake_failure
seb.se,443,X25519MLKEM768,NO,,,"",handshake_failure
seb.se,443,SecP256r1MLKEM768,NO,,,"",handshake_failure
seb.se,443,SecP384r1MLKEM1024,NO,,,"",handshake_failure
seb.se,443,MLKEM512,NO,,,"",handshake_failure
seb.se,443,MLKEM768,NO,,,"",handshake_failure
seb.se,443,MLKEM1024,NO,,,"",handshake_failure
handelsbanken.se,443,X25519MLKEM768,NO,,,"",handshake_failure
handelsbanken.se,443,SecP256r1MLKEM768,NO,,,"",handshake_failure
handelsbanken.se,443,SecP384r1MLKEM1024,NO,,,"",handshake_failure
handelsbanken.se,443,MLKEM512,NO,,,"",handshake_failure
handelsbanken.se,443,MLKEM768,NO,,,"",handshake_failure
handelsbanken.se,443,MLKEM1024,NO,,,"",handshake_failure
swedbank.com,443,X25519MLKEM768,YES,TLS_AES_128_GCM_SHA256,TLSv1.3,"X25519MLKEM768",
swedbank.com,443,SecP256r1MLKEM768,NO,,,"",handshake_failure
swedbank.com,443,SecP384r1MLKEM1024,NO,,,"",handshake_failure
swedbank.com,443,MLKEM512,NO,,,"",handshake_failure
swedbank.com,443,MLKEM768,NO,,,"",handshake_failure
swedbank.com,443,MLKEM1024,NO,,,"",handshake_failure
danskebank.com,443,X25519MLKEM768,NO,,,"",handshake_failure
danskebank.com,443,SecP256r1MLKEM768,NO,,,"",handshake_failure
danskebank.com,443,SecP384r1MLKEM1024,NO,,,"",handshake_failure
danskebank.com,443,MLKEM512,NO,,,"",handshake_failure
danskebank.com,443,MLKEM768,NO,,,"",handshake_failure
danskebank.com,443,MLKEM1024,NO,,,"",handshake_failure
unicredit.it,443,X25519MLKEM768,NO,,,"",handshake_failure
unicredit.it,443,SecP256r1MLKEM768,NO,,,"",handshake_failure
unicredit.it,443,SecP384r1MLKEM1024,NO,,,"",handshake_failure
unicredit.it,443,MLKEM512,NO,,,"",handshake_failure
unicredit.it,443,MLKEM768,NO,,,"",handshake_failure
unicredit.it,443,MLKEM1024,NO,,,"",handshake_failure
intesasanpaolo.com,443,X25519MLKEM768,NO,,,"",handshake_failure
intesasanpaolo.com,443,SecP256r1MLKEM768,NO,,,"",handshake_failure
intesasanpaolo.com,443,SecP384r1MLKEM1024,NO,,,"",handshake_failure
intesasanpaolo.com,443,MLKEM512,NO,,,"",handshake_failure
intesasanpaolo.com,443,MLKEM768,NO,,,"",handshake_failure
intesasanpaolo.com,443,MLKEM1024,NO,,,"",handshake_failure
mediobanca.com,443,X25519MLKEM768,NO,,,"",handshake_failure
mediobanca.com,443,SecP256r1MLKEM768,NO,,,"",handshake_failure
mediobanca.com,443,SecP384r1MLKEM1024,NO,,,"",handshake_failure
mediobanca.com,443,MLKEM512,NO,,,"",handshake_failure
mediobanca.com,443,MLKEM768,NO,,,"",handshake_failure
mediobanca.com,443,MLKEM1024,NO,,,"",handshake_failure
santander.com,443,X25519MLKEM768,YES,TLS_AES_128_GCM_SHA256,,"X25519MLKEM768",
santander.com,443,SecP256r1MLKEM768,NO,,,"",handshake_failure
santander.com,443,SecP384r1MLKEM1024,NO,,,"",handshake_failure
santander.com,443,MLKEM512,NO,,,"",handshake_failure
santander.com,443,MLKEM768,NO,,,"",handshake_failure
santander.com,443,MLKEM1024,NO,,,"",handshake_failure
bbva.com,443,X25519MLKEM768,NO,,,"",handshake_failure
bbva.com,443,SecP256r1MLKEM768,NO,,,"",handshake_failure
bbva.com,443,SecP384r1MLKEM1024,NO,,,"",handshake_failure
bbva.com,443,MLKEM512,NO,,,"",handshake_failure
bbva.com,443,MLKEM768,NO,,,"",handshake_failure
bbva.com,443,MLKEM1024,NO,,,"",handshake_failure
caixabank.com,443,X25519MLKEM768,NO,,,"",protocol_mismatch
caixabank.com,443,SecP256r1MLKEM768,NO,,,"",protocol_mismatch
caixabank.com,443,SecP384r1MLKEM1024,NO,,,"",protocol_mismatch
caixabank.com,443,MLKEM512,NO,,,"",unsupported_or_unknown
caixabank.com,443,MLKEM768,NO,,,"",protocol_mismatch
caixabank.com,443,MLKEM1024,NO,,,"",protocol_mismatch
bankinter.com,443,X25519MLKEM768,YES,TLS_AES_256_GCM_SHA384,,"X25519MLKEM768",
bankinter.com,443,SecP256r1MLKEM768,NO,,,"",handshake_failure
bankinter.com,443,SecP384r1MLKEM1024,NO,,,"",handshake_failure
bankinter.com,443,MLKEM512,NO,,,"",handshake_failure
bankinter.com,443,MLKEM768,NO,,,"",handshake_failure
bankinter.com,443,MLKEM1024,NO,,,"",handshake_failure
sabadell.com,443,X25519MLKEM768,NO,,,"",unsupported_or_unknown
sabadell.com,443,SecP256r1MLKEM768,NO,,,"",unsupported_or_unknown
sabadell.com,443,SecP384r1MLKEM1024,NO,,,"",unsupported_or_unknown
sabadell.com,443,MLKEM512,NO,,,"",unsupported_or_unknown
sabadell.com,443,MLKEM768,NO,,,"",unsupported_or_unknown
sabadell.com,443,MLKEM1024,NO,,,"",unsupported_or_unknown
erste-group.com,443,X25519MLKEM768,NO,,,"",unsupported_or_unknown
erste-group.com,443,SecP256r1MLKEM768,NO,,,"",unsupported_or_unknown
erste-group.com,443,SecP384r1MLKEM1024,NO,,,"",unsupported_or_unknown
erste-group.com,443,MLKEM512,NO,,,"",unsupported_or_unknown
erste-group.com,443,MLKEM768,NO,,,"",unsupported_or_unknown
erste-group.com,443,MLKEM1024,NO,,,"",unsupported_or_unknown
raiffeisen.at,443,X25519MLKEM768,NO,,,"",handshake_failure
raiffeisen.at,443,SecP256r1MLKEM768,NO,,,"",handshake_failure
raiffeisen.at,443,SecP384r1MLKEM1024,NO,,,"",handshake_failure
raiffeisen.at,443,MLKEM512,NO,,,"",handshake_failure
raiffeisen.at,443,MLKEM768,NO,,,"",handshake_failure
raiffeisen.at,443,MLKEM1024,NO,,,"",handshake_failure
kbc.com,443,X25519MLKEM768,NO,,,"",handshake_failure
kbc.com,443,SecP256r1MLKEM768,NO,,,"",handshake_failure
kbc.com,443,SecP384r1MLKEM1024,NO,,,"",handshake_failure
kbc.com,443,MLKEM512,NO,,,"",handshake_failure
kbc.com,443,MLKEM768,NO,,,"",handshake_failure
kbc.com,443,MLKEM1024,NO,,,"",handshake_failure
belfius.be,443,X25519MLKEM768,NO,,,"",handshake_failure
belfius.be,443,SecP256r1MLKEM768,NO,,,"",handshake_failure
belfius.be,443,SecP384r1MLKEM1024,NO,,,"",handshake_failure
belfius.be,443,MLKEM512,NO,,,"",handshake_failure
belfius.be,443,MLKEM768,NO,,,"",handshake_failure
belfius.be,443,MLKEM1024,NO,,,"",handshake_failure
dnb.no,443,X25519MLKEM768,NO,,,"",handshake_failure
dnb.no,443,SecP256r1MLKEM768,NO,,,"",handshake_failure
dnb.no,443,SecP384r1MLKEM1024,NO,,,"",handshake_failure
dnb.no,443,MLKEM512,NO,,,"",handshake_failure
dnb.no,443,MLKEM768,NO,,,"",handshake_failure
dnb.no,443,MLKEM1024,NO,,,"",handshake_failure
sparebank1.no,443,X25519MLKEM768,NO,,,"",handshake_failure
sparebank1.no,443,SecP256r1MLKEM768,NO,,,"",handshake_failure
sparebank1.no,443,SecP384r1MLKEM1024,NO,,,"",handshake_failure
sparebank1.no,443,MLKEM512,NO,,,"",handshake_failure
sparebank1.no,443,MLKEM768,NO,,,"",handshake_failure
sparebank1.no,443,MLKEM1024,NO,,,"",handshake_failure
mufg.jp,443,X25519MLKEM768,ERROR,,,"",connection_failed
mufg.jp,443,SecP256r1MLKEM768,ERROR,,,"",connection_failed
mufg.jp,443,SecP384r1MLKEM1024,ERROR,,,"",connection_failed
mufg.jp,443,MLKEM512,ERROR,,,"",connection_failed
mufg.jp,443,MLKEM768,ERROR,,,"",connection_failed
mufg.jp,443,MLKEM1024,ERROR,,,"",connection_failed
smfg.co.jp,443,X25519MLKEM768,ERROR,,,"",connection_failed
smfg.co.jp,443,SecP256r1MLKEM768,ERROR,,,"",connection_failed
smfg.co.jp,443,SecP384r1MLKEM1024,ERROR,,,"",connection_failed
smfg.co.jp,443,MLKEM512,ERROR,,,"",connection_failed
smfg.co.jp,443,MLKEM768,ERROR,,,"",connection_failed
smfg.co.jp,443,MLKEM1024,ERROR,,,"",connection_failed
smbc.co.jp,443,X25519MLKEM768,ERROR,,,"",connection_failed
smbc.co.jp,443,SecP256r1MLKEM768,ERROR,,,"",connection_failed
smbc.co.jp,443,SecP384r1MLKEM1024,ERROR,,,"",connection_failed
smbc.co.jp,443,MLKEM512,ERROR,,,"",connection_failed
smbc.co.jp,443,MLKEM768,ERROR,,,"",connection_failed
smbc.co.jp,443,MLKEM1024,ERROR,,,"",connection_failed
mizuhogroup.com,443,X25519MLKEM768,YES,TLS_AES_256_GCM_SHA384,,"X25519MLKEM768",
mizuhogroup.com,443,SecP256r1MLKEM768,NO,,,"",handshake_failure
mizuhogroup.com,443,SecP384r1MLKEM1024,NO,,,"",handshake_failure
mizuhogroup.com,443,MLKEM512,NO,,,"",handshake_failure
mizuhogroup.com,443,MLKEM768,NO,,,"",handshake_failure
mizuhogroup.com,443,MLKEM1024,NO,,,"",handshake_failure
mizuho-fg.co.jp,443,X25519MLKEM768,ERROR,,,"",connection_failed
mizuho-fg.co.jp,443,SecP256r1MLKEM768,ERROR,,,"",connection_failed
mizuho-fg.co.jp,443,SecP384r1MLKEM1024,ERROR,,,"",connection_failed
mizuho-fg.co.jp,443,MLKEM512,ERROR,,,"",connection_failed
mizuho-fg.co.jp,443,MLKEM768,ERROR,,,"",connection_failed
mizuho-fg.co.jp,443,MLKEM1024,ERROR,,,"",connection_failed
nomurafoundation.or.jp,443,X25519MLKEM768,NO,,,"",handshake_failure
nomurafoundation.or.jp,443,SecP256r1MLKEM768,NO,,,"",handshake_failure
nomurafoundation.or.jp,443,SecP384r1MLKEM1024,NO,,,"",handshake_failure
nomurafoundation.or.jp,443,MLKEM512,NO,,,"",handshake_failure
nomurafoundation.or.jp,443,MLKEM768,NO,,,"",handshake_failure
nomurafoundation.or.jp,443,MLKEM1024,NO,,,"",handshake_failure
nomuraholdings.com,443,X25519MLKEM768,ERROR,,,"",connection_failed
nomuraholdings.com,443,SecP256r1MLKEM768,ERROR,,,"",connection_failed
nomuraholdings.com,443,SecP384r1MLKEM1024,ERROR,,,"",connection_failed
nomuraholdings.com,443,MLKEM512,ERROR,,,"",connection_failed
nomuraholdings.com,443,MLKEM768,ERROR,,,"",connection_failed
nomuraholdings.com,443,MLKEM1024,ERROR,,,"",connection_failed
nomura.com,443,X25519MLKEM768,NO,,,"",handshake_failure
nomura.com,443,SecP256r1MLKEM768,NO,,,"",handshake_failure
nomura.com,443,SecP384r1MLKEM1024,NO,,,"",handshake_failure
nomura.com,443,MLKEM512,NO,,,"",handshake_failure
nomura.com,443,MLKEM768,NO,,,"",handshake_failure
nomura.com,443,MLKEM1024,NO,,,"",handshake_failure
daiwa.co.jp,443,X25519MLKEM768,ERROR,,,"",connection_failed
daiwa.co.jp,443,SecP256r1MLKEM768,ERROR,,,"",connection_failed
daiwa.co.jp,443,SecP384r1MLKEM1024,ERROR,,,"",connection_failed
daiwa.co.jp,443,MLKEM512,ERROR,,,"",connection_failed
daiwa.co.jp,443,MLKEM768,ERROR,,,"",connection_failed
daiwa.co.jp,443,MLKEM1024,ERROR,,,"",connection_failed
boc.cn,443,X25519MLKEM768,ERROR,,,"",connection_failed
boc.cn,443,SecP256r1MLKEM768,ERROR,,,"",connection_failed
boc.cn,443,SecP384r1MLKEM1024,ERROR,,,"",connection_failed
boc.cn,443,MLKEM512,ERROR,,,"",connection_failed
boc.cn,443,MLKEM768,ERROR,,,"",connection_failed
boc.cn,443,MLKEM1024,ERROR,,,"",connection_failed
icbc.com.cn,443,X25519MLKEM768,NO,,,"",unsupported_or_unknown
icbc.com.cn,443,SecP256r1MLKEM768,NO,,,"",unsupported_or_unknown
icbc.com.cn,443,SecP384r1MLKEM1024,NO,,,"",unsupported_or_unknown
icbc.com.cn,443,MLKEM512,NO,,,"",unsupported_or_unknown
icbc.com.cn,443,MLKEM768,NO,,,"",unsupported_or_unknown
icbc.com.cn,443,MLKEM1024,NO,,,"",unsupported_or_unknown
ccb.cn,443,X25519MLKEM768,NO,,,"",unsupported_or_unknown
ccb.cn,443,SecP256r1MLKEM768,NO,,,"",unsupported_or_unknown
ccb.cn,443,SecP384r1MLKEM1024,NO,,,"",unsupported_or_unknown
ccb.cn,443,MLKEM512,NO,,,"",unsupported_or_unknown
ccb.cn,443,MLKEM768,NO,,,"",unsupported_or_unknown
ccb.cn,443,MLKEM1024,NO,,,"",unsupported_or_unknown
abchina.com,443,X25519MLKEM768,ERROR,,,"",connection_failed
abchina.com,443,SecP256r1MLKEM768,ERROR,,,"",connection_failed
abchina.com,443,SecP384r1MLKEM1024,ERROR,,,"",connection_failed
abchina.com,443,MLKEM512,ERROR,,,"",connection_failed
abchina.com,443,MLKEM768,ERROR,,,"",connection_failed
abchina.com,443,MLKEM1024,ERROR,,,"",connection_failed
bankcomm.com,443,X25519MLKEM768,NO,,,"",unsupported_or_unknown
bankcomm.com,443,SecP256r1MLKEM768,NO,,,"",unsupported_or_unknown
bankcomm.com,443,SecP384r1MLKEM1024,NO,,,"",unsupported_or_unknown
bankcomm.com,443,MLKEM512,NO,,,"",unsupported_or_unknown
bankcomm.com,443,MLKEM768,NO,,,"",unsupported_or_unknown
bankcomm.com,443,MLKEM1024,NO,,,"",unsupported_or_unknown
cmbchina.com,443,X25519MLKEM768,NO,,,"",handshake_failure
cmbchina.com,443,SecP256r1MLKEM768,NO,,,"",handshake_failure
cmbchina.com,443,SecP384r1MLKEM1024,NO,,,"",handshake_failure
cmbchina.com,443,MLKEM512,NO,,,"",handshake_failure
cmbchina.com,443,MLKEM768,NO,,,"",handshake_failure
cmbchina.com,443,MLKEM1024,NO,,,"",handshake_failure
cmbc.com.cn,443,X25519MLKEM768,ERROR,,,"",connection_failed
cmbc.com.cn,443,SecP256r1MLKEM768,ERROR,,,"",connection_failed
cmbc.com.cn,443,SecP384r1MLKEM1024,ERROR,,,"",connection_failed
cmbc.com.cn,443,MLKEM512,ERROR,,,"",connection_failed
cmbc.com.cn,443,MLKEM768,ERROR,,,"",connection_failed
cmbc.com.cn,443,MLKEM1024,ERROR,,,"",connection_failed
cncbinternational.com,443,X25519MLKEM768,ERROR,,,"",connection_failed
cncbinternational.com,443,SecP256r1MLKEM768,ERROR,,,"",connection_failed
cncbinternational.com,443,SecP384r1MLKEM1024,ERROR,,,"",connection_failed
cncbinternational.com,443,MLKEM512,ERROR,,,"",connection_failed
cncbinternational.com,443,MLKEM768,ERROR,,,"",connection_failed
cncbinternational.com,443,MLKEM1024,ERROR,,,"",connection_failed
cebbank.com,443,X25519MLKEM768,ERROR,,,"",connection_failed
cebbank.com,443,SecP256r1MLKEM768,ERROR,,,"",connection_failed
cebbank.com,443,SecP384r1MLKEM1024,ERROR,,,"",connection_failed
cebbank.com,443,MLKEM512,ERROR,,,"",connection_failed
cebbank.com,443,MLKEM768,ERROR,,,"",connection_failed
cebbank.com,443,MLKEM1024,ERROR,,,"",connection_failed
psbc.com,443,X25519MLKEM768,ERROR,,,"",connection_failed
psbc.com,443,SecP256r1MLKEM768,ERROR,,,"",connection_failed
psbc.com,443,SecP384r1MLKEM1024,ERROR,,,"",connection_failed
psbc.com,443,MLKEM512,ERROR,,,"",connection_failed
psbc.com,443,MLKEM768,ERROR,,,"",connection_failed
psbc.com,443,MLKEM1024,ERROR,,,"",connection_failed
citicsecurities.com,443,X25519MLKEM768,NO,,,"",handshake_failure
citicsecurities.com,443,SecP256r1MLKEM768,NO,,,"",handshake_failure
citicsecurities.com,443,SecP384r1MLKEM1024,NO,,,"",handshake_failure
citicsecurities.com,443,MLKEM512,NO,,,"",handshake_failure
citicsecurities.com,443,MLKEM768,NO,,,"",handshake_failure
citicsecurities.com,443,MLKEM1024,NO,,,"",handshake_failure
citicbank.com,443,X25519MLKEM768,ERROR,,,"",connection_failed
citicbank.com,443,SecP256r1MLKEM768,ERROR,,,"",connection_failed
citicbank.com,443,SecP384r1MLKEM1024,ERROR,,,"",connection_failed
citicbank.com,443,MLKEM512,ERROR,,,"",connection_failed
citicbank.com,443,MLKEM768,ERROR,,,"",connection_failed
citicbank.com,443,MLKEM1024,ERROR,,,"",connection_failed
hangseng.com,443,X25519MLKEM768,NO,,,"",unsupported_or_unknown
hangseng.com,443,SecP256r1MLKEM768,NO,,,"",unsupported_or_unknown
hangseng.com,443,SecP384r1MLKEM1024,NO,,,"",unsupported_or_unknown
hangseng.com,443,MLKEM512,NO,,,"",unsupported_or_unknown
hangseng.com,443,MLKEM768,NO,,,"",unsupported_or_unknown
hangseng.com,443,MLKEM1024,NO,,,"",unsupported_or_unknown
bochk.com,443,X25519MLKEM768,NO,,,"",protocol_mismatch
bochk.com,443,SecP256r1MLKEM768,NO,,,"",protocol_mismatch
bochk.com,443,SecP384r1MLKEM1024,NO,,,"",protocol_mismatch
bochk.com,443,MLKEM512,NO,,,"",protocol_mismatch
bochk.com,443,MLKEM768,NO,,,"",protocol_mismatch
bochk.com,443,MLKEM1024,NO,,,"",protocol_mismatch
bea.com.hk,443,X25519MLKEM768,ERROR,,,"",connection_failed
bea.com.hk,443,SecP256r1MLKEM768,ERROR,,,"",connection_failed
bea.com.hk,443,SecP384r1MLKEM1024,ERROR,,,"",connection_failed
bea.com.hk,443,MLKEM512,ERROR,,,"",connection_failed
bea.com.hk,443,MLKEM768,ERROR,,,"",connection_failed
bea.com.hk,443,MLKEM1024,ERROR,,,"",connection_failed
dbs.com,443,X25519MLKEM768,NO,,,"",handshake_failure
dbs.com,443,SecP256r1MLKEM768,NO,,,"",handshake_failure
dbs.com,443,SecP384r1MLKEM1024,NO,,,"",handshake_failure
dbs.com,443,MLKEM512,NO,,,"",handshake_failure
dbs.com,443,MLKEM768,NO,,,"",handshake_failure
dbs.com,443,MLKEM1024,NO,,,"",handshake_failure
dbsvickers.com,443,X25519MLKEM768,NO,,,"",handshake_failure
dbsvickers.com,443,SecP256r1MLKEM768,NO,,,"",handshake_failure
dbsvickers.com,443,SecP384r1MLKEM1024,NO,,,"",handshake_failure
dbsvickers.com,443,MLKEM512,NO,,,"",handshake_failure
dbsvickers.com,443,MLKEM768,NO,,,"",handshake_failure
dbsvickers.com,443,MLKEM1024,NO,,,"",handshake_failure
kasikornbank.com,443,X25519MLKEM768,ERROR,,,"",connection_failed
kasikornbank.com,443,SecP256r1MLKEM768,ERROR,,,"",connection_failed
kasikornbank.com,443,SecP384r1MLKEM1024,ERROR,,,"",connection_failed
kasikornbank.com,443,MLKEM512,ERROR,,,"",connection_failed
kasikornbank.com,443,MLKEM768,ERROR,,,"",connection_failed
kasikornbank.com,443,MLKEM1024,ERROR,,,"",connection_failed
kbank.com,443,X25519MLKEM768,ERROR,,,"",connection_failed
kbank.com,443,SecP256r1MLKEM768,ERROR,,,"",connection_failed
kbank.com,443,SecP384r1MLKEM1024,ERROR,,,"",connection_failed
kbank.com,443,MLKEM512,ERROR,,,"",connection_failed
kbank.com,443,MLKEM768,ERROR,,,"",connection_failed
kbank.com,443,MLKEM1024,ERROR,,,"",connection_failed
scb.co.th,443,X25519MLKEM768,YES,TLS_AES_256_GCM_SHA384,,"X25519MLKEM768",
scb.co.th,443,SecP256r1MLKEM768,NO,,,"",handshake_failure
scb.co.th,443,SecP384r1MLKEM1024,NO,,,"",handshake_failure
scb.co.th,443,MLKEM512,NO,,,"",handshake_failure
scb.co.th,443,MLKEM768,NO,,,"",handshake_failure
scb.co.th,443,MLKEM1024,NO,,,"",handshake_failure
bangkokbank.com,443,X25519MLKEM768,ERROR,,,"",connection_failed
bangkokbank.com,443,SecP256r1MLKEM768,ERROR,,,"",connection_failed
bangkokbank.com,443,SecP384r1MLKEM1024,ERROR,,,"",connection_failed
bangkokbank.com,443,MLKEM512,ERROR,,,"",connection_failed
bangkokbank.com,443,MLKEM768,ERROR,,,"",connection_failed
bangkokbank.com,443,MLKEM1024,ERROR,,,"",connection_failed
ktb.co.th,443,X25519MLKEM768,ERROR,,,"",connection_failed
ktb.co.th,443,SecP256r1MLKEM768,ERROR,,,"",connection_failed
ktb.co.th,443,SecP384r1MLKEM1024,ERROR,,,"",connection_failed
ktb.co.th,443,MLKEM512,ERROR,,,"",connection_failed
ktb.co.th,443,MLKEM768,ERROR,,,"",connection_failed
ktb.co.th,443,MLKEM1024,ERROR,,,"",connection_failed
krungsri.com,443,X25519MLKEM768,YES,TLS_AES_128_GCM_SHA256,,"X25519MLKEM768",
krungsri.com,443,SecP256r1MLKEM768,NO,,,"",handshake_failure
krungsri.com,443,SecP384r1MLKEM1024,NO,,,"",handshake_failure
krungsri.com,443,MLKEM512,NO,,,"",handshake_failure
krungsri.com,443,MLKEM768,NO,,,"",handshake_failure
krungsri.com,443,MLKEM1024,NO,,,"",handshake_failure
tmbbank.com,443,X25519MLKEM768,NO,,,"",handshake_failure
tmbbank.com,443,SecP256r1MLKEM768,NO,,,"",handshake_failure
tmbbank.com,443,SecP384r1MLKEM1024,NO,,,"",handshake_failure
tmbbank.com,443,MLKEM512,NO,,,"",handshake_failure
tmbbank.com,443,MLKEM768,NO,,,"",handshake_failure
tmbbank.com,443,MLKEM1024,NO,,,"",handshake_failure
bca.co.id,443,X25519MLKEM768,NO,,,"",handshake_failure
bca.co.id,443,SecP256r1MLKEM768,NO,,,"",handshake_failure
bca.co.id,443,SecP384r1MLKEM1024,NO,,,"",handshake_failure
bca.co.id,443,MLKEM512,NO,,,"",handshake_failure
bca.co.id,443,MLKEM768,NO,,,"",handshake_failure
bca.co.id,443,MLKEM1024,NO,,,"",handshake_failure
bri.co.id,443,X25519MLKEM768,YES,TLS_AES_128_GCM_SHA256,,"X25519MLKEM768",
bri.co.id,443,SecP256r1MLKEM768,NO,,,"",handshake_failure
bri.co.id,443,SecP384r1MLKEM1024,NO,,,"",handshake_failure
bri.co.id,443,MLKEM512,NO,,,"",handshake_failure
bri.co.id,443,MLKEM768,NO,,,"",handshake_failure
bri.co.id,443,MLKEM1024,NO,,,"",handshake_failure
bankmandiri.co.id,443,X25519MLKEM768,NO,,,"",handshake_failure
bankmandiri.co.id,443,SecP256r1MLKEM768,NO,,,"",handshake_failure
bankmandiri.co.id,443,SecP384r1MLKEM1024,NO,,,"",handshake_failure
bankmandiri.co.id,443,MLKEM512,NO,,,"",handshake_failure
bankmandiri.co.id,443,MLKEM768,NO,,,"",handshake_failure
bankmandiri.co.id,443,MLKEM1024,NO,,,"",handshake_failure
bni.co.id,443,X25519MLKEM768,YES,TLS_AES_128_GCM_SHA256,,"X25519MLKEM768",
bni.co.id,443,SecP256r1MLKEM768,NO,,,"",handshake_failure
bni.co.id,443,SecP384r1MLKEM1024,NO,,,"",handshake_failure
bni.co.id,443,MLKEM512,NO,,,"",handshake_failure
bni.co.id,443,MLKEM768,NO,,,"",handshake_failure
bni.co.id,443,MLKEM1024,NO,,,"",handshake_failure
danamon.co.id,443,X25519MLKEM768,ERROR,,,"",connection_failed
danamon.co.id,443,SecP256r1MLKEM768,ERROR,,,"",connection_failed
danamon.co.id,443,SecP384r1MLKEM1024,ERROR,,,"",connection_failed
danamon.co.id,443,MLKEM512,ERROR,,,"",connection_failed
danamon.co.id,443,MLKEM768,ERROR,,,"",connection_failed
danamon.co.id,443,MLKEM1024,ERROR,,,"",connection_failed
panin.co.id,443,X25519MLKEM768,ERROR,,,"",connection_failed
panin.co.id,443,SecP256r1MLKEM768,ERROR,,,"",connection_failed
panin.co.id,443,SecP384r1MLKEM1024,ERROR,,,"",connection_failed
panin.co.id,443,MLKEM512,ERROR,,,"",connection_failed
panin.co.id,443,MLKEM768,ERROR,,,"",connection_failed
panin.co.id,443,MLKEM1024,ERROR,,,"",connection_failed
cimbniaga.co.id,443,X25519MLKEM768,YES,TLS_AES_128_GCM_SHA256,,"X25519MLKEM768",
cimbniaga.co.id,443,SecP256r1MLKEM768,NO,,,"",handshake_failure
cimbniaga.co.id,443,SecP384r1MLKEM1024,NO,,,"",handshake_failure
cimbniaga.co.id,443,MLKEM512,NO,,,"",handshake_failure
cimbniaga.co.id,443,MLKEM768,NO,,,"",handshake_failure
cimbniaga.co.id,443,MLKEM1024,NO,,,"",handshake_failure
bdo.com.ph,443,X25519MLKEM768,NO,,,"",protocol_mismatch
bdo.com.ph,443,SecP256r1MLKEM768,NO,,,"",protocol_mismatch
bdo.com.ph,443,SecP384r1MLKEM1024,NO,,,"",protocol_mismatch
bdo.com.ph,443,MLKEM512,NO,,,"",protocol_mismatch
bdo.com.ph,443,MLKEM768,NO,,,"",protocol_mismatch
bdo.com.ph,443,MLKEM1024,NO,,,"",protocol_mismatch
bpiexpressonline.com,443,X25519MLKEM768,NO,,,"",handshake_failure
bpiexpressonline.com,443,SecP256r1MLKEM768,NO,,,"",handshake_failure
bpiexpressonline.com,443,SecP384r1MLKEM1024,NO,,,"",handshake_failure
bpiexpressonline.com,443,MLKEM512,NO,,,"",handshake_failure
bpiexpressonline.com,443,MLKEM768,NO,,,"",handshake_failure
bpiexpressonline.com,443,MLKEM1024,NO,,,"",handshake_failure
metrobank.com.ph,443,X25519MLKEM768,NO,,,"",handshake_failure
metrobank.com.ph,443,SecP256r1MLKEM768,NO,,,"",handshake_failure
metrobank.com.ph,443,SecP384r1MLKEM1024,NO,,,"",handshake_failure
metrobank.com.ph,443,MLKEM512,NO,,,"",handshake_failure
metrobank.com.ph,443,MLKEM768,NO,,,"",handshake_failure
metrobank.com.ph,443,MLKEM1024,NO,,,"",handshake_failure
unionbankph.com,443,X25519MLKEM768,NO,,,"",handshake_failure
unionbankph.com,443,SecP256r1MLKEM768,NO,,,"",handshake_failure
unionbankph.com,443,SecP384r1MLKEM1024,NO,,,"",handshake_failure
unionbankph.com,443,MLKEM512,NO,,,"",handshake_failure
unionbankph.com,443,MLKEM768,NO,,,"",handshake_failure
unionbankph.com,443,MLKEM1024,NO,,,"",handshake_failure
rcbc.com,443,X25519MLKEM768,NO,,,"",handshake_failure
rcbc.com,443,SecP256r1MLKEM768,NO,,,"",handshake_failure
rcbc.com,443,SecP384r1MLKEM1024,NO,,,"",handshake_failure
rcbc.com,443,MLKEM512,NO,,,"",handshake_failure
rcbc.com,443,MLKEM768,NO,,,"",handshake_failure
rcbc.com,443,MLKEM1024,NO,,,"",handshake_failure
landbank.com,443,X25519MLKEM768,NO,,,"",handshake_failure
landbank.com,443,SecP256r1MLKEM768,NO,,,"",handshake_failure
landbank.com,443,SecP384r1MLKEM1024,NO,,,"",handshake_failure
landbank.com,443,MLKEM512,NO,,,"",handshake_failure
landbank.com,443,MLKEM768,NO,,,"",handshake_failure
landbank.com,443,MLKEM1024,NO,,,"",handshake_failure
securitybank.com.ph,443,X25519MLKEM768,ERROR,,,"",connection_failed
securitybank.com.ph,443,SecP256r1MLKEM768,ERROR,,,"",connection_failed
securitybank.com.ph,443,SecP384r1MLKEM1024,ERROR,,,"",connection_failed
securitybank.com.ph,443,MLKEM512,ERROR,,,"",connection_failed
securitybank.com.ph,443,MLKEM768,ERROR,,,"",connection_failed
securitybank.com.ph,443,MLKEM1024,ERROR,,,"",connection_failed
chinabank.ph,443,X25519MLKEM768,ERROR,,,"",connection_failed
chinabank.ph,443,SecP256r1MLKEM768,ERROR,,,"",connection_failed
chinabank.ph,443,SecP384r1MLKEM1024,ERROR,,,"",connection_failed
chinabank.ph,443,MLKEM512,ERROR,,,"",connection_failed
chinabank.ph,443,MLKEM768,ERROR,,,"",connection_failed
chinabank.ph,443,MLKEM1024,ERROR,,,"",connection_failed
koreaexim.go.kr,443,X25519MLKEM768,NO,,,"",unsupported_or_unknown
koreaexim.go.kr,443,SecP256r1MLKEM768,NO,,,"",handshake_failure
koreaexim.go.kr,443,SecP384r1MLKEM1024,NO,,,"",handshake_failure
koreaexim.go.kr,443,MLKEM512,NO,,,"",handshake_failure
koreaexim.go.kr,443,MLKEM768,NO,,,"",handshake_failure
koreaexim.go.kr,443,MLKEM1024,NO,,,"",handshake_failure
kbfg.com,443,X25519MLKEM768,NO,,,"",handshake_failure
kbfg.com,443,SecP256r1MLKEM768,NO,,,"",handshake_failure
kbfg.com,443,SecP384r1MLKEM1024,NO,,,"",handshake_failure
kbfg.com,443,MLKEM512,NO,,,"",handshake_failure
kbfg.com,443,MLKEM768,NO,,,"",handshake_failure
kbfg.com,443,MLKEM1024,NO,,,"",handshake_failure
shinhan.com,443,X25519MLKEM768,NO,,,"",handshake_failure
shinhan.com,443,SecP256r1MLKEM768,NO,,,"",handshake_failure
shinhan.com,443,SecP384r1MLKEM1024,NO,,,"",handshake_failure
shinhan.com,443,MLKEM512,NO,,,"",handshake_failure
shinhan.com,443,MLKEM768,NO,,,"",handshake_failure
shinhan.com,443,MLKEM1024,NO,,,"",handshake_failure
wooribank.com,443,X25519MLKEM768,NO,,,"",handshake_failure
wooribank.com,443,SecP256r1MLKEM768,NO,,,"",handshake_failure
wooribank.com,443,SecP384r1MLKEM1024,NO,,,"",handshake_failure
wooribank.com,443,MLKEM512,NO,,,"",handshake_failure
wooribank.com,443,MLKEM768,NO,,,"",handshake_failure
wooribank.com,443,MLKEM1024,NO,,,"",handshake_failure
kebhana.com,443,X25519MLKEM768,NO,,,"",unsupported_or_unknown
kebhana.com,443,SecP256r1MLKEM768,NO,,,"",unsupported_or_unknown
kebhana.com,443,SecP384r1MLKEM1024,NO,,,"",unsupported_or_unknown
kebhana.com,443,MLKEM512,NO,,,"",unsupported_or_unknown
kebhana.com,443,MLKEM768,NO,,,"",unsupported_or_unknown
kebhana.com,443,MLKEM1024,NO,,,"",unsupported_or_unknown
ibk.co.kr,443,X25519MLKEM768,NO,,,"",protocol_mismatch
ibk.co.kr,443,SecP256r1MLKEM768,NO,,,"",protocol_mismatch
ibk.co.kr,443,SecP384r1MLKEM1024,NO,,,"",protocol_mismatch
ibk.co.kr,443,MLKEM512,NO,,,"",protocol_mismatch
ibk.co.kr,443,MLKEM768,NO,,,"",protocol_mismatch
ibk.co.kr,443,MLKEM1024,NO,,,"",protocol_mismatch
nhbank.com,443,X25519MLKEM768,ERROR,,,"",connection_failed
nhbank.com,443,SecP256r1MLKEM768,ERROR,,,"",connection_failed
nhbank.com,443,SecP384r1MLKEM1024,ERROR,,,"",connection_failed
nhbank.com,443,MLKEM512,ERROR,,,"",connection_failed
nhbank.com,443,MLKEM768,ERROR,,,"",connection_failed
nhbank.com,443,MLKEM1024,ERROR,,,"",connection_failed
australiagroup.com.au,443,X25519MLKEM768,NO,,,"",handshake_failure
australiagroup.com.au,443,SecP256r1MLKEM768,NO,,,"",handshake_failure
australiagroup.com.au,443,SecP384r1MLKEM1024,NO,,,"",handshake_failure
australiagroup.com.au,443,MLKEM512,NO,,,"",handshake_failure
australiagroup.com.au,443,MLKEM768,NO,,,"",handshake_failure
australiagroup.com.au,443,MLKEM1024,NO,,,"",handshake_failure
commbank.com.au,443,X25519MLKEM768,NO,,,"",protocol_mismatch
commbank.com.au,443,SecP256r1MLKEM768,NO,,,"",protocol_mismatch
commbank.com.au,443,SecP384r1MLKEM1024,NO,,,"",protocol_mismatch
commbank.com.au,443,MLKEM512,NO,,,"",protocol_mismatch
commbank.com.au,443,MLKEM768,NO,,,"",protocol_mismatch
commbank.com.au,443,MLKEM1024,NO,,,"",protocol_mismatch
anz.com.au,443,X25519MLKEM768,YES,TLS_AES_128_GCM_SHA256,,"X25519MLKEM768",
anz.com.au,443,SecP256r1MLKEM768,NO,,,"",handshake_failure
anz.com.au,443,SecP384r1MLKEM1024,NO,,,"",handshake_failure
anz.com.au,443,MLKEM512,NO,,,"",handshake_failure
anz.com.au,443,MLKEM768,NO,,,"",handshake_failure
anz.com.au,443,MLKEM1024,NO,,,"",handshake_failure
anz.co.nz,443,X25519MLKEM768,YES,TLS_AES_128_GCM_SHA256,,"X25519MLKEM768",
anz.co.nz,443,SecP256r1MLKEM768,NO,,,"",handshake_failure
anz.co.nz,443,SecP384r1MLKEM1024,NO,,,"",handshake_failure
anz.co.nz,443,MLKEM512,NO,,,"",handshake_failure
anz.co.nz,443,MLKEM768,NO,,,"",handshake_failure
anz.co.nz,443,MLKEM1024,NO,,,"",handshake_failure
westpac.com.au,443,X25519MLKEM768,YES,TLS_AES_128_GCM_SHA256,,"X25519MLKEM768",
westpac.com.au,443,SecP256r1MLKEM768,YES,TLS_AES_128_GCM_SHA256,,"SecP256r1MLKEM768",
westpac.com.au,443,SecP384r1MLKEM1024,NO,,,"",unsupported_or_unknown
westpac.com.au,443,MLKEM512,NO,,,"",unsupported_or_unknown
westpac.com.au,443,MLKEM768,NO,,,"",unsupported_or_unknown
westpac.com.au,443,MLKEM1024,NO,,,"",unsupported_or_unknown
nab.com.au,443,X25519MLKEM768,NO,,,"",handshake_failure
nab.com.au,443,SecP256r1MLKEM768,NO,,,"",handshake_failure
nab.com.au,443,SecP384r1MLKEM1024,NO,,,"",handshake_failure
nab.com.au,443,MLKEM512,NO,,,"",handshake_failure
nab.com.au,443,MLKEM768,NO,,,"",handshake_failure
nab.com.au,443,MLKEM1024,NO,,,"",handshake_failure
macquarie.com,443,X25519MLKEM768,NO,,,"",handshake_failure
macquarie.com,443,SecP256r1MLKEM768,NO,,,"",handshake_failure
macquarie.com,443,SecP384r1MLKEM1024,NO,,,"",handshake_failure
macquarie.com,443,MLKEM512,NO,,,"",handshake_failure
macquarie.com,443,MLKEM768,NO,,,"",handshake_failure
macquarie.com,443,MLKEM1024,NO,,,"",handshake_failure
bendigoadelaide.com.au,443,X25519MLKEM768,NO,,,"",handshake_failure
bendigoadelaide.com.au,443,SecP256r1MLKEM768,NO,,,"",handshake_failure
bendigoadelaide.com.au,443,SecP384r1MLKEM1024,NO,,,"",handshake_failure
bendigoadelaide.com.au,443,MLKEM512,NO,,,"",handshake_failure
bendigoadelaide.com.au,443,MLKEM768,NO,,,"",handshake_failure
bendigoadelaide.com.au,443,MLKEM1024,NO,,,"",handshake_failure
bankofqueensland.com.au,443,X25519MLKEM768,ERROR,,,"",connection_failed
bankofqueensland.com.au,443,SecP256r1MLKEM768,ERROR,,,"",connection_failed
bankofqueensland.com.au,443,SecP384r1MLKEM1024,ERROR,,,"",connection_failed
bankofqueensland.com.au,443,MLKEM512,ERROR,,,"",connection_failed
bankofqueensland.com.au,443,MLKEM768,ERROR,,,"",connection_failed
bankofqueensland.com.au,443,MLKEM1024,ERROR,,,"",connection_failed
suncorp.com.au,443,X25519MLKEM768,YES,TLS_AES_128_GCM_SHA256,,"X25519MLKEM768",
suncorp.com.au,443,SecP256r1MLKEM768,NO,,,"",handshake_failure
suncorp.com.au,443,SecP384r1MLKEM1024,NO,,,"",handshake_failure
suncorp.com.au,443,MLKEM512,NO,,,"",handshake_failure
suncorp.com.au,443,MLKEM768,NO,,,"",handshake_failure
suncorp.com.au,443,MLKEM1024,NO,,,"",handshake_failure
emirates-nbd.com,443,X25519MLKEM768,ERROR,,,"",connection_failed
emirates-nbd.com,443,SecP256r1MLKEM768,ERROR,,,"",connection_failed
emirates-nbd.com,443,SecP384r1MLKEM1024,ERROR,,,"",connection_failed
emirates-nbd.com,443,MLKEM512,ERROR,,,"",connection_failed
emirates-nbd.com,443,MLKEM768,ERROR,,,"",connection_failed
emirates-nbd.com,443,MLKEM1024,ERROR,,,"",connection_failed
adcb.com,443,X25519MLKEM768,NO,,,"",handshake_failure
adcb.com,443,SecP256r1MLKEM768,NO,,,"",handshake_failure
adcb.com,443,SecP384r1MLKEM1024,NO,,,"",handshake_failure
adcb.com,443,MLKEM512,NO,,,"",handshake_failure
adcb.com,443,MLKEM768,NO,,,"",handshake_failure
adcb.com,443,MLKEM1024,NO,,,"",handshake_failure
fab.com,443,X25519MLKEM768,YES,TLS_AES_128_GCM_SHA256,,"X25519MLKEM768",
fab.com,443,SecP256r1MLKEM768,YES,TLS_AES_128_GCM_SHA256,,"SecP256r1MLKEM768",
fab.com,443,SecP384r1MLKEM1024,NO,,,"",unsupported_or_unknown
fab.com,443,MLKEM512,NO,,,"",unsupported_or_unknown
fab.com,443,MLKEM768,NO,,,"",unsupported_or_unknown
fab.com,443,MLKEM1024,NO,,,"",unsupported_or_unknown
mashreqbank.com,443,X25519MLKEM768,NO,,,"",handshake_failure
mashreqbank.com,443,SecP256r1MLKEM768,NO,,,"",handshake_failure
mashreqbank.com,443,SecP384r1MLKEM1024,NO,,,"",handshake_failure
mashreqbank.com,443,MLKEM512,NO,,,"",handshake_failure
mashreqbank.com,443,MLKEM768,NO,,,"",handshake_failure
mashreqbank.com,443,MLKEM1024,NO,,,"",handshake_failure
cbd.ae,443,X25519MLKEM768,NO,,,"",protocol_mismatch
cbd.ae,443,SecP256r1MLKEM768,NO,,,"",protocol_mismatch
cbd.ae,443,SecP384r1MLKEM1024,NO,,,"",protocol_mismatch
cbd.ae,443,MLKEM512,NO,,,"",protocol_mismatch
cbd.ae,443,MLKEM768,NO,,,"",protocol_mismatch
cbd.ae,443,MLKEM1024,NO,,,"",protocol_mismatch
dib.ae,443,X25519MLKEM768,NO,,,"",handshake_failure
dib.ae,443,SecP256r1MLKEM768,NO,,,"",handshake_failure
dib.ae,443,SecP384r1MLKEM1024,NO,,,"",handshake_failure
dib.ae,443,MLKEM512,NO,,,"",handshake_failure
dib.ae,443,MLKEM768,NO,,,"",handshake_failure
dib.ae,443,MLKEM1024,NO,,,"",handshake_failure
nbf.ae,443,X25519MLKEM768,NO,,,"",handshake_failure
nbf.ae,443,SecP256r1MLKEM768,NO,,,"",handshake_failure
nbf.ae,443,SecP384r1MLKEM1024,NO,,,"",handshake_failure
nbf.ae,443,MLKEM512,NO,,,"",handshake_failure
nbf.ae,443,MLKEM768,NO,,,"",handshake_failure
nbf.ae,443,MLKEM1024,NO,,,"",handshake_failure
ajmanbank.com,443,X25519MLKEM768,YES,TLS_AES_128_GCM_SHA256,,"X25519MLKEM768",
ajmanbank.com,443,SecP256r1MLKEM768,NO,,,"",handshake_failure
ajmanbank.com,443,SecP384r1MLKEM1024,NO,,,"",handshake_failure
ajmanbank.com,443,MLKEM512,NO,,,"",handshake_failure
ajmanbank.com,443,MLKEM768,NO,,,"",handshake_failure
ajmanbank.com,443,MLKEM1024,NO,,,"",handshake_failure
rak-bank.com,443,X25519MLKEM768,ERROR,,,"",connection_failed
rak-bank.com,443,SecP256r1MLKEM768,ERROR,,,"",connection_failed
rak-bank.com,443,SecP384r1MLKEM1024,ERROR,,,"",connection_failed
rak-bank.com,443,MLKEM512,ERROR,,,"",connection_failed
rak-bank.com,443,MLKEM768,ERROR,,,"",connection_failed
rak-bank.com,443,MLKEM1024,ERROR,,,"",connection_failed
nbk.com,443,X25519MLKEM768,NO,,,"",handshake_failure
nbk.com,443,SecP256r1MLKEM768,NO,,,"",handshake_failure
nbk.com,443,SecP384r1MLKEM1024,NO,,,"",handshake_failure
nbk.com,443,MLKEM512,NO,,,"",handshake_failure
nbk.com,443,MLKEM768,NO,,,"",handshake_failure
nbk.com,443,MLKEM1024,NO,,,"",handshake_failure
qnb.com,443,X25519MLKEM768,YES,TLS_AES_256_GCM_SHA384,,"X25519MLKEM768",
qnb.com,443,SecP256r1MLKEM768,NO,,,"",handshake_failure
qnb.com,443,SecP384r1MLKEM1024,NO,,,"",handshake_failure
qnb.com,443,MLKEM512,NO,,,"",handshake_failure
qnb.com,443,MLKEM768,NO,,,"",handshake_failure
qnb.com,443,MLKEM1024,NO,,,"",handshake_failure
alarabi.com.sa,443,X25519MLKEM768,NO,,,"",handshake_failure
alarabi.com.sa,443,SecP256r1MLKEM768,NO,,,"",handshake_failure
alarabi.com.sa,443,SecP384r1MLKEM1024,NO,,,"",handshake_failure
alarabi.com.sa,443,MLKEM512,NO,,,"",handshake_failure
alarabi.com.sa,443,MLKEM768,NO,,,"",handshake_failure
alarabi.com.sa,443,MLKEM1024,NO,,,"",handshake_failure
alrajhibank.com.sa,443,X25519MLKEM768,NO,,,"",handshake_failure
alrajhibank.com.sa,443,SecP256r1MLKEM768,NO,,,"",handshake_failure
alrajhibank.com.sa,443,SecP384r1MLKEM1024,NO,,,"",handshake_failure
alrajhibank.com.sa,443,MLKEM512,NO,,,"",handshake_failure
alrajhibank.com.sa,443,MLKEM768,NO,,,"",handshake_failure
alrajhibank.com.sa,443,MLKEM1024,NO,,,"",handshake_failure
sabb.com,443,X25519MLKEM768,NO,,,"",handshake_failure
sabb.com,443,SecP256r1MLKEM768,NO,,,"",handshake_failure
sabb.com,443,SecP384r1MLKEM1024,NO,,,"",handshake_failure
sabb.com,443,MLKEM512,NO,,,"",handshake_failure
sabb.com,443,MLKEM768,NO,,,"",handshake_failure
sabb.com,443,MLKEM1024,NO,,,"",handshake_failure
sambagroup.com,443,X25519MLKEM768,ERROR,,,"",connection_failed
sambagroup.com,443,SecP256r1MLKEM768,ERROR,,,"",connection_failed
sambagroup.com,443,SecP384r1MLKEM1024,ERROR,,,"",connection_failed
sambagroup.com,443,MLKEM512,ERROR,,,"",connection_failed
sambagroup.com,443,MLKEM768,ERROR,,,"",connection_failed
sambagroup.com,443,MLKEM1024,ERROR,,,"",connection_failed
bnpparibas.com.sa,443,X25519MLKEM768,ERROR,,,"",connection_failed
bnpparibas.com.sa,443,SecP256r1MLKEM768,ERROR,,,"",connection_failed
bnpparibas.com.sa,443,SecP384r1MLKEM1024,ERROR,,,"",connection_failed
bnpparibas.com.sa,443,MLKEM512,ERROR,,,"",connection_failed
bnpparibas.com.sa,443,MLKEM768,ERROR,,,"",connection_failed
bnpparibas.com.sa,443,MLKEM1024,ERROR,,,"",connection_failed
riyadbank.com,443,X25519MLKEM768,NO,,,"",unsupported_or_unknown
riyadbank.com,443,SecP256r1MLKEM768,NO,,,"",unsupported_or_unknown
riyadbank.com,443,SecP384r1MLKEM1024,NO,,,"",unsupported_or_unknown
riyadbank.com,443,MLKEM512,NO,,,"",unsupported_or_unknown
riyadbank.com,443,MLKEM768,NO,,,"",unsupported_or_unknown
riyadbank.com,443,MLKEM1024,NO,,,"",unsupported_or_unknown
fnb.co.za,443,X25519MLKEM768,NO,,,"",handshake_failure
fnb.co.za,443,SecP256r1MLKEM768,NO,,,"",handshake_failure
fnb.co.za,443,SecP384r1MLKEM1024,NO,,,"",handshake_failure
fnb.co.za,443,MLKEM512,NO,,,"",handshake_failure
fnb.co.za,443,MLKEM768,NO,,,"",handshake_failure
fnb.co.za,443,MLKEM1024,NO,,,"",handshake_failure
standardbank.com,443,X25519MLKEM768,YES,TLS_AES_256_GCM_SHA384,,"X25519MLKEM768",
standardbank.com,443,SecP256r1MLKEM768,NO,,,"",handshake_failure
standardbank.com,443,SecP384r1MLKEM1024,NO,,,"",handshake_failure
standardbank.com,443,MLKEM512,NO,,,"",handshake_failure
standardbank.com,443,MLKEM768,NO,,,"",handshake_failure
standardbank.com,443,MLKEM1024,NO,,,"",handshake_failure
standardbank.co.za,443,X25519MLKEM768,YES,TLS_AES_256_GCM_SHA384,,"X25519MLKEM768",
standardbank.co.za,443,SecP256r1MLKEM768,NO,,,"",handshake_failure
standardbank.co.za,443,SecP384r1MLKEM1024,NO,,,"",handshake_failure
standardbank.co.za,443,MLKEM512,NO,,,"",handshake_failure
standardbank.co.za,443,MLKEM768,NO,,,"",handshake_failure
standardbank.co.za,443,MLKEM1024,NO,,,"",handshake_failure
nedbank.co.za,443,X25519MLKEM768,NO,,,"",handshake_failure
nedbank.co.za,443,SecP256r1MLKEM768,NO,,,"",handshake_failure
nedbank.co.za,443,SecP384r1MLKEM1024,NO,,,"",handshake_failure
nedbank.co.za,443,MLKEM512,NO,,,"",handshake_failure
nedbank.co.za,443,MLKEM768,NO,,,"",handshake_failure
nedbank.co.za,443,MLKEM1024,NO,,,"",handshake_failure
absa.co.za,443,X25519MLKEM768,NO,,,"",handshake_failure
absa.co.za,443,SecP256r1MLKEM768,NO,,,"",handshake_failure
absa.co.za,443,SecP384r1MLKEM1024,NO,,,"",handshake_failure
absa.co.za,443,MLKEM512,NO,,,"",handshake_failure
absa.co.za,443,MLKEM768,NO,,,"",handshake_failure
absa.co.za,443,MLKEM1024,NO,,,"",handshake_failure
investec.com,443,X25519MLKEM768,YES,TLS_AES_256_GCM_SHA384,,"X25519MLKEM768",
investec.com,443,SecP256r1MLKEM768,NO,,,"",handshake_failure
investec.com,443,SecP384r1MLKEM1024,NO,,,"",handshake_failure
investec.com,443,MLKEM512,NO,,,"",handshake_failure
investec.com,443,MLKEM768,NO,,,"",handshake_failure
investec.com,443,MLKEM1024,NO,,,"",handshake_failure
capitecbank.co.za,443,X25519MLKEM768,YES,TLS_AES_256_GCM_SHA384,,"X25519MLKEM768",
capitecbank.co.za,443,SecP256r1MLKEM768,NO,,,"",handshake_failure
capitecbank.co.za,443,SecP384r1MLKEM1024,NO,,,"",handshake_failure
capitecbank.co.za,443,MLKEM512,NO,,,"",handshake_failure
capitecbank.co.za,443,MLKEM768,NO,,,"",handshake_failure
capitecbank.co.za,443,MLKEM1024,NO,,,"",handshake_failure
aig.com,443,X25519MLKEM768,NO,,,"",unsupported_or_unknown
aig.com,443,SecP256r1MLKEM768,NO,,,"",unsupported_or_unknown
aig.com,443,SecP384r1MLKEM1024,NO,,,"",unsupported_or_unknown
aig.com,443,MLKEM512,NO,,,"",unsupported_or_unknown
aig.com,443,MLKEM768,NO,,,"",unsupported_or_unknown
aig.com,443,MLKEM1024,NO,,,"",unsupported_or_unknown
aigdirect.com,443,X25519MLKEM768,YES,TLS_AES_128_GCM_SHA256,,"X25519MLKEM768",
aigdirect.com,443,SecP256r1MLKEM768,NO,,,"",handshake_failure
aigdirect.com,443,SecP384r1MLKEM1024,NO,,,"",handshake_failure
aigdirect.com,443,MLKEM512,NO,,,"",handshake_failure
aigdirect.com,443,MLKEM768,NO,,,"",handshake_failure
aigdirect.com,443,MLKEM1024,NO,,,"",handshake_failure
metlife.com,443,X25519MLKEM768,NO,,,"",handshake_failure
metlife.com,443,SecP256r1MLKEM768,NO,,,"",handshake_failure
metlife.com,443,SecP384r1MLKEM1024,NO,,,"",handshake_failure
metlife.com,443,MLKEM512,NO,,,"",handshake_failure
metlife.com,443,MLKEM768,NO,,,"",handshake_failure
metlife.com,443,MLKEM1024,NO,,,"",handshake_failure
prudential.com,443,X25519MLKEM768,ERROR,,,"",connection_failed
prudential.com,443,SecP256r1MLKEM768,ERROR,,,"",connection_failed
prudential.com,443,SecP384r1MLKEM1024,ERROR,,,"",connection_failed
prudential.com,443,MLKEM512,ERROR,,,"",connection_failed
prudential.com,443,MLKEM768,ERROR,,,"",connection_failed
prudential.com,443,MLKEM1024,ERROR,,,"",connection_failed
prudentialplc.com,443,X25519MLKEM768,YES,TLS_AES_128_GCM_SHA256,,"X25519MLKEM768",
prudentialplc.com,443,SecP256r1MLKEM768,NO,,,"",handshake_failure
prudentialplc.com,443,SecP384r1MLKEM1024,NO,,,"",handshake_failure
prudentialplc.com,443,MLKEM512,NO,,,"",handshake_failure
prudentialplc.com,443,MLKEM768,NO,,,"",handshake_failure
prudentialplc.com,443,MLKEM1024,NO,,,"",handshake_failure
prudential.com.sg,443,X25519MLKEM768,YES,TLS_AES_128_GCM_SHA256,,"X25519MLKEM768",
prudential.com.sg,443,SecP256r1MLKEM768,NO,,,"",handshake_failure
prudential.com.sg,443,SecP384r1MLKEM1024,NO,,,"",handshake_failure
prudential.com.sg,443,MLKEM512,NO,,,"",handshake_failure
prudential.com.sg,443,MLKEM768,NO,,,"",handshake_failure
prudential.com.sg,443,MLKEM1024,NO,,,"",handshake_failure
axa.com,443,X25519MLKEM768,NO,,,"",handshake_failure
axa.com,443,SecP256r1MLKEM768,NO,,,"",handshake_failure
axa.com,443,SecP384r1MLKEM1024,NO,,,"",handshake_failure
axa.com,443,MLKEM512,NO,,,"",handshake_failure
axa.com,443,MLKEM768,NO,,,"",handshake_failure
axa.com,443,MLKEM1024,NO,,,"",handshake_failure
allianz.com,443,X25519MLKEM768,NO,,,"",unsupported_or_unknown
allianz.com,443,SecP256r1MLKEM768,NO,,,"",unsupported_or_unknown
allianz.com,443,SecP384r1MLKEM1024,NO,,,"",unsupported_or_unknown
allianz.com,443,MLKEM512,NO,,,"",unsupported_or_unknown
allianz.com,443,MLKEM768,NO,,,"",unsupported_or_unknown
allianz.com,443,MLKEM1024,NO,,,"",unsupported_or_unknown
zurich.com,443,X25519MLKEM768,YES,TLS_AES_128_GCM_SHA256,,"X25519MLKEM768",
zurich.com,443,SecP256r1MLKEM768,NO,,,"",handshake_failure
zurich.com,443,SecP384r1MLKEM1024,NO,,,"",handshake_failure
zurich.com,443,MLKEM512,NO,,,"",handshake_failure
zurich.com,443,MLKEM768,NO,,,"",handshake_failure
zurich.com,443,MLKEM1024,NO,,,"",handshake_failure
swissre.com,443,X25519MLKEM768,YES,TLS_AES_256_GCM_SHA384,,"X25519MLKEM768",
swissre.com,443,SecP256r1MLKEM768,NO,,,"",handshake_failure
swissre.com,443,SecP384r1MLKEM1024,NO,,,"",handshake_failure
swissre.com,443,MLKEM512,NO,,,"",handshake_failure
swissre.com,443,MLKEM768,NO,,,"",handshake_failure
swissre.com,443,MLKEM1024,NO,,,"",handshake_failure
munichre.com,443,X25519MLKEM768,NO,,,"",handshake_failure
munichre.com,443,SecP256r1MLKEM768,NO,,,"",handshake_failure
munichre.com,443,SecP384r1MLKEM1024,NO,,,"",handshake_failure
munichre.com,443,MLKEM512,NO,,,"",handshake_failure
munichre.com,443,MLKEM768,NO,,,"",handshake_failure
munichre.com,443,MLKEM1024,NO,,,"",handshake_failure
generali.com,443,X25519MLKEM768,YES,TLS_AES_128_GCM_SHA256,,"X25519MLKEM768",
generali.com,443,SecP256r1MLKEM768,NO,,,"",handshake_failure
generali.com,443,SecP384r1MLKEM1024,NO,,,"",handshake_failure
generali.com,443,MLKEM512,NO,,,"",handshake_failure
generali.com,443,MLKEM768,NO,,,"",handshake_failure
generali.com,443,MLKEM1024,NO,,,"",handshake_failure
aviva.com,443,X25519MLKEM768,NO,,,"",unsupported_or_unknown
aviva.com,443,SecP256r1MLKEM768,NO,,,"",unsupported_or_unknown
aviva.com,443,SecP384r1MLKEM1024,NO,,,"",unsupported_or_unknown
aviva.com,443,MLKEM512,NO,,,"",unsupported_or_unknown
aviva.com,443,MLKEM768,NO,,,"",unsupported_or_unknown
aviva.com,443,MLKEM1024,NO,,,"",unsupported_or_unknown
chubb.com,443,X25519MLKEM768,NO,,,"",handshake_failure
chubb.com,443,SecP256r1MLKEM768,NO,,,"",handshake_failure
chubb.com,443,SecP384r1MLKEM1024,NO,,,"",handshake_failure
chubb.com,443,MLKEM512,NO,,,"",handshake_failure
chubb.com,443,MLKEM768,NO,,,"",handshake_failure
chubb.com,443,MLKEM1024,NO,,,"",handshake_failure
manulife.com,443,X25519MLKEM768,NO,,,"",handshake_failure
manulife.com,443,SecP256r1MLKEM768,NO,,,"",handshake_failure
manulife.com,443,SecP384r1MLKEM1024,NO,,,"",handshake_failure
manulife.com,443,MLKEM512,NO,,,"",handshake_failure
manulife.com,443,MLKEM768,NO,,,"",handshake_failure
manulife.com,443,MLKEM1024,NO,,,"",handshake_failure
sunlife.com,443,X25519MLKEM768,NO,,,"",handshake_failure
sunlife.com,443,SecP256r1MLKEM768,NO,,,"",handshake_failure
sunlife.com,443,SecP384r1MLKEM1024,NO,,,"",handshake_failure
sunlife.com,443,MLKEM512,NO,,,"",handshake_failure
sunlife.com,443,MLKEM768,NO,,,"",handshake_failure
sunlife.com,443,MLKEM1024,NO,,,"",handshake_failure
greateastern.com,443,X25519MLKEM768,ERROR,,,"",connection_failed
greateastern.com,443,SecP256r1MLKEM768,ERROR,,,"",connection_failed
greateastern.com,443,SecP384r1MLKEM1024,ERROR,,,"",connection_failed
greateastern.com,443,MLKEM512,ERROR,,,"",connection_failed
greateastern.com,443,MLKEM768,ERROR,,,"",connection_failed
greateastern.com,443,MLKEM1024,ERROR,,,"",connection_failed
greateasternlife.com.sg,443,X25519MLKEM768,ERROR,,,"",connection_failed
greateasternlife.com.sg,443,SecP256r1MLKEM768,ERROR,,,"",connection_failed
greateasternlife.com.sg,443,SecP384r1MLKEM1024,ERROR,,,"",connection_failed
greateasternlife.com.sg,443,MLKEM512,ERROR,,,"",connection_failed
greateasternlife.com.sg,443,MLKEM768,ERROR,,,"",connection_failed
greateasternlife.com.sg,443,MLKEM1024,ERROR,,,"",connection_failed
fwd.com,443,X25519MLKEM768,YES,TLS_AES_256_GCM_SHA384,,"X25519MLKEM768",
fwd.com,443,SecP256r1MLKEM768,NO,,,"",handshake_failure
fwd.com,443,SecP384r1MLKEM1024,NO,,,"",handshake_failure
fwd.com,443,MLKEM512,NO,,,"",handshake_failure
fwd.com,443,MLKEM768,NO,,,"",handshake_failure
fwd.com,443,MLKEM1024,NO,,,"",handshake_failure
aia.com,443,X25519MLKEM768,ERROR,,,"",connection_failed
aia.com,443,SecP256r1MLKEM768,ERROR,,,"",connection_failed
aia.com,443,SecP384r1MLKEM1024,ERROR,,,"",connection_failed
aia.com,443,MLKEM512,ERROR,,,"",connection_failed
aia.com,443,MLKEM768,ERROR,,,"",connection_failed
aia.com,443,MLKEM1024,ERROR,,,"",connection_failed
aiapremierclub.com,443,X25519MLKEM768,ERROR,,,"",connection_failed
aiapremierclub.com,443,SecP256r1MLKEM768,ERROR,,,"",connection_failed
aiapremierclub.com,443,SecP384r1MLKEM1024,ERROR,,,"",connection_failed
aiapremierclub.com,443,MLKEM512,ERROR,,,"",connection_failed
aiapremierclub.com,443,MLKEM768,ERROR,,,"",connection_failed
aiapremierclub.com,443,MLKEM1024,ERROR,,,"",connection_failed
tokiomarine.com,443,X25519MLKEM768,YES,TLS_AES_128_GCM_SHA256,,"X25519MLKEM768",
tokiomarine.com,443,SecP256r1MLKEM768,NO,,,"",handshake_failure
tokiomarine.com,443,SecP384r1MLKEM1024,NO,,,"",handshake_failure
tokiomarine.com,443,MLKEM512,NO,,,"",handshake_failure
tokiomarine.com,443,MLKEM768,NO,,,"",handshake_failure
tokiomarine.com,443,MLKEM1024,NO,,,"",handshake_failure
sompo-intl.com,443,X25519MLKEM768,YES,TLS_AES_256_GCM_SHA384,,"X25519MLKEM768",
sompo-intl.com,443,SecP256r1MLKEM768,NO,,,"",handshake_failure
sompo-intl.com,443,SecP384r1MLKEM1024,NO,,,"",handshake_failure
sompo-intl.com,443,MLKEM512,NO,,,"",handshake_failure
sompo-intl.com,443,MLKEM768,NO,,,"",handshake_failure
sompo-intl.com,443,MLKEM1024,NO,,,"",handshake_failure
msig.com.sg,443,X25519MLKEM768,YES,TLS_AES_256_GCM_SHA384,,"X25519MLKEM768",
msig.com.sg,443,SecP256r1MLKEM768,NO,,,"",handshake_failure
msig.com.sg,443,SecP384r1MLKEM1024,NO,,,"",handshake_failure
msig.com.sg,443,MLKEM512,NO,,,"",handshake_failure
msig.com.sg,443,MLKEM768,NO,,,"",handshake_failure
msig.com.sg,443,MLKEM1024,NO,,,"",handshake_failure
aetna.com,443,X25519MLKEM768,NO,,,"",handshake_failure
aetna.com,443,SecP256r1MLKEM768,NO,,,"",handshake_failure
aetna.com,443,SecP384r1MLKEM1024,NO,,,"",handshake_failure
aetna.com,443,MLKEM512,NO,,,"",handshake_failure
aetna.com,443,MLKEM768,NO,,,"",handshake_failure
aetna.com,443,MLKEM1024,NO,,,"",handshake_failure
humana.com,443,X25519MLKEM768,ERROR,,,"",connection_failed
humana.com,443,SecP256r1MLKEM768,ERROR,,,"",connection_failed
humana.com,443,SecP384r1MLKEM1024,ERROR,,,"",connection_failed
humana.com,443,MLKEM512,ERROR,,,"",connection_failed
humana.com,443,MLKEM768,ERROR,,,"",connection_failed
humana.com,443,MLKEM1024,ERROR,,,"",connection_failed
unitedhealth.com,443,X25519MLKEM768,ERROR,,,"",connection_failed
unitedhealth.com,443,SecP256r1MLKEM768,ERROR,,,"",connection_failed
unitedhealth.com,443,SecP384r1MLKEM1024,ERROR,,,"",connection_failed
unitedhealth.com,443,MLKEM512,ERROR,,,"",connection_failed
unitedhealth.com,443,MLKEM768,ERROR,,,"",connection_failed
unitedhealth.com,443,MLKEM1024,ERROR,,,"",connection_failed
uhg.com,443,X25519MLKEM768,YES,TLS_AES_128_GCM_SHA256,TLSv1.3,"X25519MLKEM768",
uhg.com,443,SecP256r1MLKEM768,NO,,,"",handshake_failure
uhg.com,443,SecP384r1MLKEM1024,NO,,,"",handshake_failure
uhg.com,443,MLKEM512,NO,,,"",handshake_failure
uhg.com,443,MLKEM768,NO,,,"",handshake_failure
uhg.com,443,MLKEM1024,NO,,,"",handshake_failure
anthem.com,443,X25519MLKEM768,NO,,,"",handshake_failure
anthem.com,443,SecP256r1MLKEM768,NO,,,"",handshake_failure
anthem.com,443,SecP384r1MLKEM1024,NO,,,"",handshake_failure
anthem.com,443,MLKEM512,NO,,,"",handshake_failure
anthem.com,443,MLKEM768,NO,,,"",handshake_failure
anthem.com,443,MLKEM1024,NO,,,"",handshake_failure
elevancehealth.com,443,X25519MLKEM768,NO,,,"",handshake_failure
elevancehealth.com,443,SecP256r1MLKEM768,NO,,,"",handshake_failure
elevancehealth.com,443,SecP384r1MLKEM1024,NO,,,"",handshake_failure
elevancehealth.com,443,MLKEM512,NO,,,"",handshake_failure
elevancehealth.com,443,MLKEM768,NO,,,"",handshake_failure
elevancehealth.com,443,MLKEM1024,NO,,,"",handshake_failure
cigna.com,443,X25519MLKEM768,NO,,,"",handshake_failure
cigna.com,443,SecP256r1MLKEM768,NO,,,"",handshake_failure
cigna.com,443,SecP384r1MLKEM1024,NO,,,"",handshake_failure
cigna.com,443,MLKEM512,NO,,,"",handshake_failure
cigna.com,443,MLKEM768,NO,,,"",handshake_failure
cigna.com,443,MLKEM1024,NO,,,"",handshake_failure
aflac.com,443,X25519MLKEM768,YES,TLS_AES_128_GCM_SHA256,,"X25519MLKEM768",
aflac.com,443,SecP256r1MLKEM768,NO,,,"",handshake_failure
aflac.com,443,SecP384r1MLKEM1024,NO,,,"",handshake_failure
aflac.com,443,MLKEM512,NO,,,"",handshake_failure
aflac.com,443,MLKEM768,NO,,,"",handshake_failure
aflac.com,443,MLKEM1024,NO,,,"",handshake_failure
unum.com,443,X25519MLKEM768,NO,,,"",handshake_failure
unum.com,443,SecP256r1MLKEM768,NO,,,"",handshake_failure
unum.com,443,SecP384r1MLKEM1024,NO,,,"",handshake_failure
unum.com,443,MLKEM512,NO,,,"",handshake_failure
unum.com,443,MLKEM768,NO,,,"",handshake_failure
unum.com,443,MLKEM1024,NO,,,"",handshake_failure
hartford.com,443,X25519MLKEM768,YES,TLS_AES_256_GCM_SHA384,,"X25519MLKEM768",
hartford.com,443,SecP256r1MLKEM768,NO,,,"",handshake_failure
hartford.com,443,SecP384r1MLKEM1024,NO,,,"",handshake_failure
hartford.com,443,MLKEM512,NO,,,"",handshake_failure
hartford.com,443,MLKEM768,NO,,,"",handshake_failure
hartford.com,443,MLKEM1024,NO,,,"",handshake_failure
travelers.com,443,X25519MLKEM768,NO,,,"",handshake_failure
travelers.com,443,SecP256r1MLKEM768,NO,,,"",handshake_failure
travelers.com,443,SecP384r1MLKEM1024,NO,,,"",handshake_failure
travelers.com,443,MLKEM512,NO,,,"",handshake_failure
travelers.com,443,MLKEM768,NO,,,"",handshake_failure
travelers.com,443,MLKEM1024,NO,,,"",handshake_failure
progressive.com,443,X25519MLKEM768,ERROR,,,"",connection_failed
progressive.com,443,SecP256r1MLKEM768,ERROR,,,"",connection_failed
progressive.com,443,SecP384r1MLKEM1024,ERROR,,,"",connection_failed
progressive.com,443,MLKEM512,ERROR,,,"",connection_failed
progressive.com,443,MLKEM768,ERROR,,,"",connection_failed
progressive.com,443,MLKEM1024,ERROR,,,"",connection_failed
geico.com,443,X25519MLKEM768,NO,,,"",handshake_failure
geico.com,443,SecP256r1MLKEM768,NO,,,"",handshake_failure
geico.com,443,SecP384r1MLKEM1024,NO,,,"",handshake_failure
geico.com,443,MLKEM512,NO,,,"",handshake_failure
geico.com,443,MLKEM768,NO,,,"",handshake_failure
geico.com,443,MLKEM1024,NO,,,"",handshake_failure
allstate.com,443,X25519MLKEM768,NO,,,"",handshake_failure
allstate.com,443,SecP256r1MLKEM768,NO,,,"",handshake_failure
allstate.com,443,SecP384r1MLKEM1024,NO,,,"",handshake_failure
allstate.com,443,MLKEM512,NO,,,"",handshake_failure
allstate.com,443,MLKEM768,NO,,,"",handshake_failure
allstate.com,443,MLKEM1024,NO,,,"",handshake_failure
statefarm.com,443,X25519MLKEM768,NO,,,"",handshake_failure
statefarm.com,443,SecP256r1MLKEM768,NO,,,"",handshake_failure
statefarm.com,443,SecP384r1MLKEM1024,NO,,,"",handshake_failure
statefarm.com,443,MLKEM512,NO,,,"",handshake_failure
statefarm.com,443,MLKEM768,NO,,,"",handshake_failure
statefarm.com,443,MLKEM1024,NO,,,"",handshake_failure
usaa.com,443,X25519MLKEM768,NO,,,"",handshake_failure
usaa.com,443,SecP256r1MLKEM768,NO,,,"",handshake_failure
usaa.com,443,SecP384r1MLKEM1024,NO,,,"",handshake_failure
usaa.com,443,MLKEM512,NO,,,"",handshake_failure
usaa.com,443,MLKEM768,NO,,,"",handshake_failure
usaa.com,443,MLKEM1024,NO,,,"",handshake_failure
liberty.com,443,X25519MLKEM768,ERROR,,,"",connection_failed
liberty.com,443,SecP256r1MLKEM768,ERROR,,,"",connection_failed
liberty.com,443,SecP384r1MLKEM1024,ERROR,,,"",connection_failed
liberty.com,443,MLKEM512,ERROR,,,"",connection_failed
liberty.com,443,MLKEM768,ERROR,,,"",connection_failed
liberty.com,443,MLKEM1024,ERROR,,,"",connection_failed
hanover.com,443,X25519MLKEM768,NO,,,"",protocol_mismatch
hanover.com,443,SecP256r1MLKEM768,NO,,,"",protocol_mismatch
hanover.com,443,SecP384r1MLKEM1024,NO,,,"",protocol_mismatch
hanover.com,443,MLKEM512,NO,,,"",protocol_mismatch
hanover.com,443,MLKEM768,NO,,,"",protocol_mismatch
hanover.com,443,MLKEM1024,NO,,,"",protocol_mismatch
markel.com,443,X25519MLKEM768,NO,,,"",handshake_failure
markel.com,443,SecP256r1MLKEM768,NO,,,"",handshake_failure
markel.com,443,SecP384r1MLKEM1024,NO,,,"",handshake_failure
markel.com,443,MLKEM512,NO,,,"",handshake_failure
markel.com,443,MLKEM768,NO,,,"",handshake_failure
markel.com,443,MLKEM1024,NO,,,"",handshake_failure
berkshirehathaway.com,443,X25519MLKEM768,YES,TLS_AES_256_GCM_SHA384,,"X25519MLKEM768",
berkshirehathaway.com,443,SecP256r1MLKEM768,NO,,,"",handshake_failure
berkshirehathaway.com,443,SecP384r1MLKEM1024,NO,,,"",handshake_failure
berkshirehathaway.com,443,MLKEM512,NO,,,"",handshake_failure
berkshirehathaway.com,443,MLKEM768,NO,,,"",handshake_failure
berkshirehathaway.com,443,MLKEM1024,NO,,,"",handshake_failure
fairfax.ca,443,X25519MLKEM768,YES,TLS_AES_256_GCM_SHA384,,"X25519MLKEM768",
fairfax.ca,443,SecP256r1MLKEM768,NO,,,"",handshake_failure
fairfax.ca,443,SecP384r1MLKEM1024,NO,,,"",handshake_failure
fairfax.ca,443,MLKEM512,NO,,,"",handshake_failure
fairfax.ca,443,MLKEM768,NO,,,"",handshake_failure
fairfax.ca,443,MLKEM1024,NO,,,"",handshake_failure
intactfc.com,443,X25519MLKEM768,YES,TLS_AES_128_GCM_SHA256,,"X25519MLKEM768",
intactfc.com,443,SecP256r1MLKEM768,YES,TLS_AES_128_GCM_SHA256,,"SecP256r1MLKEM768",
intactfc.com,443,SecP384r1MLKEM1024,NO,,,"",unsupported_or_unknown
intactfc.com,443,MLKEM512,NO,,,"",unsupported_or_unknown
intactfc.com,443,MLKEM768,NO,,,"",unsupported_or_unknown
intactfc.com,443,MLKEM1024,NO,,,"",unsupported_or_unknown
lineonline.com,443,X25519MLKEM768,NO,,,"",handshake_failure
lineonline.com,443,SecP256r1MLKEM768,NO,,,"",handshake_failure
lineonline.com,443,SecP384r1MLKEM1024,NO,,,"",handshake_failure
lineonline.com,443,MLKEM512,NO,,,"",handshake_failure
lineonline.com,443,MLKEM768,NO,,,"",handshake_failure
lineonline.com,443,MLKEM1024,NO,,,"",handshake_failure
hiscox.com,443,X25519MLKEM768,YES,TLS_AES_256_GCM_SHA384,,"X25519MLKEM768",
hiscox.com,443,SecP256r1MLKEM768,NO,,,"",handshake_failure
hiscox.com,443,SecP384r1MLKEM1024,NO,,,"",handshake_failure
hiscox.com,443,MLKEM512,NO,,,"",handshake_failure
hiscox.com,443,MLKEM768,NO,,,"",handshake_failure
hiscox.com,443,MLKEM1024,NO,,,"",handshake_failure
beazley.com,443,X25519MLKEM768,YES,TLS_AES_256_GCM_SHA384,,"X25519MLKEM768",
beazley.com,443,SecP256r1MLKEM768,NO,,,"",handshake_failure
beazley.com,443,SecP384r1MLKEM1024,NO,,,"",handshake_failure
beazley.com,443,MLKEM512,NO,,,"",handshake_failure
beazley.com,443,MLKEM768,NO,,,"",handshake_failure
beazley.com,443,MLKEM1024,NO,,,"",handshake_failure
rsagroup.com,443,X25519MLKEM768,ERROR,,,"",connection_failed
rsagroup.com,443,SecP256r1MLKEM768,ERROR,,,"",connection_failed
rsagroup.com,443,SecP384r1MLKEM1024,ERROR,,,"",connection_failed
rsagroup.com,443,MLKEM512,ERROR,,,"",connection_failed
rsagroup.com,443,MLKEM768,ERROR,,,"",connection_failed
rsagroup.com,443,MLKEM1024,ERROR,,,"",connection_failed
directline.com,443,X25519MLKEM768,NO,,,"",unsupported_or_unknown
directline.com,443,SecP256r1MLKEM768,NO,,,"",unsupported_or_unknown
directline.com,443,SecP384r1MLKEM1024,NO,,,"",unsupported_or_unknown
directline.com,443,MLKEM512,NO,,,"",unsupported_or_unknown
directline.com,443,MLKEM768,NO,,,"",unsupported_or_unknown
directline.com,443,MLKEM1024,NO,,,"",unsupported_or_unknown
legalandgeneral.com,443,X25519MLKEM768,YES,TLS_AES_256_GCM_SHA384,,"X25519MLKEM768",
legalandgeneral.com,443,SecP256r1MLKEM768,NO,,,"",handshake_failure
legalandgeneral.com,443,SecP384r1MLKEM1024,NO,,,"",handshake_failure
legalandgeneral.com,443,MLKEM512,NO,,,"",handshake_failure
legalandgeneral.com,443,MLKEM768,NO,,,"",handshake_failure
legalandgeneral.com,443,MLKEM1024,NO,,,"",handshake_failure
phoenixgroupholdings.com,443,X25519MLKEM768,NO,,,"",unsupported_or_unknown
phoenixgroupholdings.com,443,SecP256r1MLKEM768,NO,,,"",unsupported_or_unknown
phoenixgroupholdings.com,443,SecP384r1MLKEM1024,NO,,,"",unsupported_or_unknown
phoenixgroupholdings.com,443,MLKEM512,NO,,,"",unsupported_or_unknown
phoenixgroupholdings.com,443,MLKEM768,NO,,,"",unsupported_or_unknown
phoenixgroupholdings.com,443,MLKEM1024,NO,,,"",unsupported_or_unknown
standardlife.co.uk,443,X25519MLKEM768,YES,TLS_AES_128_GCM_SHA256,,"X25519MLKEM768",
standardlife.co.uk,443,SecP256r1MLKEM768,NO,,,"",handshake_failure
standardlife.co.uk,443,SecP384r1MLKEM1024,NO,,,"",handshake_failure
standardlife.co.uk,443,MLKEM512,NO,,,"",handshake_failure
standardlife.co.uk,443,MLKEM768,NO,,,"",handshake_failure
standardlife.co.uk,443,MLKEM1024,NO,,,"",handshake_failure
blackrock.com,443,X25519MLKEM768,NO,,,"",handshake_failure
blackrock.com,443,SecP256r1MLKEM768,NO,,,"",handshake_failure
blackrock.com,443,SecP384r1MLKEM1024,NO,,,"",handshake_failure
blackrock.com,443,MLKEM512,NO,,,"",handshake_failure
blackrock.com,443,MLKEM768,NO,,,"",handshake_failure
blackrock.com,443,MLKEM1024,NO,,,"",handshake_failure
ishares.com,443,X25519MLKEM768,NO,,,"",handshake_failure
ishares.com,443,SecP256r1MLKEM768,NO,,,"",handshake_failure
ishares.com,443,SecP384r1MLKEM1024,NO,,,"",handshake_failure
ishares.com,443,MLKEM512,NO,,,"",handshake_failure
ishares.com,443,MLKEM768,NO,,,"",handshake_failure
ishares.com,443,MLKEM1024,NO,,,"",handshake_failure
vanguard.com,443,X25519MLKEM768,YES,TLS_AES_256_GCM_SHA384,,"X25519MLKEM768",
vanguard.com,443,SecP256r1MLKEM768,NO,,,"",handshake_failure
vanguard.com,443,SecP384r1MLKEM1024,NO,,,"",handshake_failure
vanguard.com,443,MLKEM512,NO,,,"",handshake_failure
vanguard.com,443,MLKEM768,NO,,,"",handshake_failure
vanguard.com,443,MLKEM1024,NO,,,"",handshake_failure
fidelityinternational.com,443,X25519MLKEM768,YES,TLS_AES_128_GCM_SHA256,,"X25519MLKEM768",
fidelityinternational.com,443,SecP256r1MLKEM768,YES,TLS_AES_128_GCM_SHA256,,"SecP256r1MLKEM768",
fidelityinternational.com,443,SecP384r1MLKEM1024,NO,,,"",unsupported_or_unknown
fidelityinternational.com,443,MLKEM512,NO,,,"",unsupported_or_unknown
fidelityinternational.com,443,MLKEM768,NO,,,"",unsupported_or_unknown
fidelityinternational.com,443,MLKEM1024,NO,,,"",unsupported_or_unknown
statestreet.com,443,X25519MLKEM768,NO,,,"",handshake_failure
statestreet.com,443,SecP256r1MLKEM768,NO,,,"",handshake_failure
statestreet.com,443,SecP384r1MLKEM1024,NO,,,"",handshake_failure
statestreet.com,443,MLKEM512,NO,,,"",handshake_failure
statestreet.com,443,MLKEM768,NO,,,"",handshake_failure
statestreet.com,443,MLKEM1024,NO,,,"",handshake_failure
ssga.com,443,X25519MLKEM768,NO,,,"",handshake_failure
ssga.com,443,SecP256r1MLKEM768,NO,,,"",handshake_failure
ssga.com,443,SecP384r1MLKEM1024,NO,,,"",handshake_failure
ssga.com,443,MLKEM512,NO,,,"",handshake_failure
ssga.com,443,MLKEM768,NO,,,"",handshake_failure
ssga.com,443,MLKEM1024,NO,,,"",handshake_failure
invesco.com,443,X25519MLKEM768,YES,TLS_AES_128_GCM_SHA256,TLSv1.3,"X25519MLKEM768",
invesco.com,443,SecP256r1MLKEM768,NO,,,"",handshake_failure
invesco.com,443,SecP384r1MLKEM1024,NO,,,"",handshake_failure
invesco.com,443,MLKEM512,NO,,,"",handshake_failure
invesco.com,443,MLKEM768,NO,,,"",handshake_failure
invesco.com,443,MLKEM1024,NO,,,"",handshake_failure
franklintempleton.com,443,X25519MLKEM768,YES,TLS_AES_256_GCM_SHA384,,"X25519MLKEM768",
franklintempleton.com,443,SecP256r1MLKEM768,NO,,,"",handshake_failure
franklintempleton.com,443,SecP384r1MLKEM1024,NO,,,"",handshake_failure
franklintempleton.com,443,MLKEM512,NO,,,"",handshake_failure
franklintempleton.com,443,MLKEM768,NO,,,"",handshake_failure
franklintempleton.com,443,MLKEM1024,NO,,,"",handshake_failure
leggmason.com,443,X25519MLKEM768,YES,TLS_AES_256_GCM_SHA384,,"X25519MLKEM768",
leggmason.com,443,SecP256r1MLKEM768,NO,,,"",handshake_failure
leggmason.com,443,SecP384r1MLKEM1024,NO,,,"",handshake_failure
leggmason.com,443,MLKEM512,NO,,,"",handshake_failure
leggmason.com,443,MLKEM768,NO,,,"",handshake_failure
leggmason.com,443,MLKEM1024,NO,,,"",handshake_failure
pimco.com,443,X25519MLKEM768,NO,,,"",handshake_failure
pimco.com,443,SecP256r1MLKEM768,NO,,,"",handshake_failure
pimco.com,443,SecP384r1MLKEM1024,NO,,,"",handshake_failure
pimco.com,443,MLKEM512,NO,,,"",handshake_failure
pimco.com,443,MLKEM768,NO,,,"",handshake_failure
pimco.com,443,MLKEM1024,NO,,,"",handshake_failure
allianzgi.com,443,X25519MLKEM768,ERROR,,,"",connection_failed
allianzgi.com,443,SecP256r1MLKEM768,ERROR,,,"",connection_failed
allianzgi.com,443,SecP384r1MLKEM1024,ERROR,,,"",connection_failed
allianzgi.com,443,MLKEM512,ERROR,,,"",connection_failed
allianzgi.com,443,MLKEM768,ERROR,,,"",connection_failed
allianzgi.com,443,MLKEM1024,ERROR,,,"",connection_failed
amundi.com,443,X25519MLKEM768,NO,,,"",handshake_failure
amundi.com,443,SecP256r1MLKEM768,NO,,,"",handshake_failure
amundi.com,443,SecP384r1MLKEM1024,NO,,,"",handshake_failure
amundi.com,443,MLKEM512,NO,,,"",handshake_failure
amundi.com,443,MLKEM768,NO,,,"",handshake_failure
amundi.com,443,MLKEM1024,NO,,,"",handshake_failure
lyxoretf.com,443,X25519MLKEM768,ERROR,,,"",connection_failed
lyxoretf.com,443,SecP256r1MLKEM768,ERROR,,,"",connection_failed
lyxoretf.com,443,SecP384r1MLKEM1024,ERROR,,,"",connection_failed
lyxoretf.com,443,MLKEM512,ERROR,,,"",connection_failed
lyxoretf.com,443,MLKEM768,ERROR,,,"",connection_failed
lyxoretf.com,443,MLKEM1024,ERROR,,,"",connection_failed
schroders.com,443,X25519MLKEM768,NO,,,"",handshake_failure
schroders.com,443,SecP256r1MLKEM768,NO,,,"",handshake_failure
schroders.com,443,SecP384r1MLKEM1024,NO,,,"",handshake_failure
schroders.com,443,MLKEM512,NO,,,"",handshake_failure
schroders.com,443,MLKEM768,NO,,,"",handshake_failure
schroders.com,443,MLKEM1024,NO,,,"",handshake_failure
aberdeenstandard.com,443,X25519MLKEM768,NO,,,"",protocol_mismatch
aberdeenstandard.com,443,SecP256r1MLKEM768,NO,,,"",protocol_mismatch
aberdeenstandard.com,443,SecP384r1MLKEM1024,NO,,,"",protocol_mismatch
aberdeenstandard.com,443,MLKEM512,NO,,,"",protocol_mismatch
aberdeenstandard.com,443,MLKEM768,NO,,,"",protocol_mismatch
aberdeenstandard.com,443,MLKEM1024,NO,,,"",protocol_mismatch
abrdn.com,443,X25519MLKEM768,NO,,,"",protocol_mismatch
abrdn.com,443,SecP256r1MLKEM768,NO,,,"",protocol_mismatch
abrdn.com,443,SecP384r1MLKEM1024,NO,,,"",protocol_mismatch
abrdn.com,443,MLKEM512,NO,,,"",protocol_mismatch
abrdn.com,443,MLKEM768,NO,,,"",protocol_mismatch
abrdn.com,443,MLKEM1024,NO,,,"",protocol_mismatch
mfs.com,443,X25519MLKEM768,NO,,,"",handshake_failure
mfs.com,443,SecP256r1MLKEM768,NO,,,"",handshake_failure
mfs.com,443,SecP384r1MLKEM1024,NO,,,"",handshake_failure
mfs.com,443,MLKEM512,NO,,,"",handshake_failure
mfs.com,443,MLKEM768,NO,,,"",handshake_failure
mfs.com,443,MLKEM1024,NO,,,"",handshake_failure
pgim.com,443,X25519MLKEM768,NO,,,"",handshake_failure
pgim.com,443,SecP256r1MLKEM768,NO,,,"",handshake_failure
pgim.com,443,SecP384r1MLKEM1024,NO,,,"",handshake_failure
pgim.com,443,MLKEM512,NO,,,"",handshake_failure
pgim.com,443,MLKEM768,NO,,,"",handshake_failure
pgim.com,443,MLKEM1024,NO,,,"",handshake_failure
robeco.com,443,X25519MLKEM768,NO,,,"",handshake_failure
robeco.com,443,SecP256r1MLKEM768,NO,,,"",handshake_failure
robeco.com,443,SecP384r1MLKEM1024,NO,,,"",handshake_failure
robeco.com,443,MLKEM512,NO,,,"",handshake_failure
robeco.com,443,MLKEM768,NO,,,"",handshake_failure
robeco.com,443,MLKEM1024,NO,,,"",handshake_failure
vaneck.com,443,X25519MLKEM768,YES,TLS_AES_256_GCM_SHA384,,"X25519MLKEM768",
vaneck.com,443,SecP256r1MLKEM768,NO,,,"",handshake_failure
vaneck.com,443,SecP384r1MLKEM1024,NO,,,"",handshake_failure
vaneck.com,443,MLKEM512,NO,,,"",handshake_failure
vaneck.com,443,MLKEM768,NO,,,"",handshake_failure
vaneck.com,443,MLKEM1024,NO,,,"",handshake_failure
wisdomtree.com,443,X25519MLKEM768,YES,TLS_AES_256_GCM_SHA384,,"X25519MLKEM768",
wisdomtree.com,443,SecP256r1MLKEM768,NO,,,"",handshake_failure
wisdomtree.com,443,SecP384r1MLKEM1024,NO,,,"",handshake_failure
wisdomtree.com,443,MLKEM512,NO,,,"",handshake_failure
wisdomtree.com,443,MLKEM768,NO,,,"",handshake_failure
wisdomtree.com,443,MLKEM1024,NO,,,"",handshake_failure
dimensional.com,443,X25519MLKEM768,YES,TLS_AES_256_GCM_SHA384,,"X25519MLKEM768",
dimensional.com,443,SecP256r1MLKEM768,NO,,,"",handshake_failure
dimensional.com,443,SecP384r1MLKEM1024,NO,,,"",handshake_failure
dimensional.com,443,MLKEM512,NO,,,"",handshake_failure
dimensional.com,443,MLKEM768,NO,,,"",handshake_failure
dimensional.com,443,MLKEM1024,NO,,,"",handshake_failure
arkinvest.com,443,X25519MLKEM768,YES,TLS_AES_256_GCM_SHA384,,"X25519MLKEM768",
arkinvest.com,443,SecP256r1MLKEM768,NO,,,"",handshake_failure
arkinvest.com,443,SecP384r1MLKEM1024,NO,,,"",handshake_failure
arkinvest.com,443,MLKEM512,NO,,,"",handshake_failure
arkinvest.com,443,MLKEM768,NO,,,"",handshake_failure
arkinvest.com,443,MLKEM1024,NO,,,"",handshake_failure
bridgewater.com,443,X25519MLKEM768,YES,TLS_AES_128_GCM_SHA256,,"X25519MLKEM768",
bridgewater.com,443,SecP256r1MLKEM768,YES,TLS_AES_128_GCM_SHA256,,"SecP256r1MLKEM768",
bridgewater.com,443,SecP384r1MLKEM1024,NO,,,"",unsupported_or_unknown
bridgewater.com,443,MLKEM512,NO,,,"",unsupported_or_unknown
bridgewater.com,443,MLKEM768,NO,,,"",unsupported_or_unknown
bridgewater.com,443,MLKEM1024,NO,,,"",unsupported_or_unknown
mangroup.com,443,X25519MLKEM768,YES,TLS_AES_256_GCM_SHA384,,"X25519MLKEM768",
mangroup.com,443,SecP256r1MLKEM768,NO,,,"",handshake_failure
mangroup.com,443,SecP384r1MLKEM1024,NO,,,"",handshake_failure
mangroup.com,443,MLKEM512,NO,,,"",handshake_failure
mangroup.com,443,MLKEM768,NO,,,"",handshake_failure
mangroup.com,443,MLKEM1024,NO,,,"",handshake_failure
twosigrna.com,443,X25519MLKEM768,NO,,,"",handshake_failure
twosigrna.com,443,SecP256r1MLKEM768,NO,,,"",handshake_failure
twosigrna.com,443,SecP384r1MLKEM1024,NO,,,"",handshake_failure
twosigrna.com,443,MLKEM512,NO,,,"",handshake_failure
twosigrna.com,443,MLKEM768,NO,,,"",handshake_failure
twosigrna.com,443,MLKEM1024,NO,,,"",handshake_failure
citadel.com,443,X25519MLKEM768,YES,TLS_AES_256_GCM_SHA384,,"X25519MLKEM768",
citadel.com,443,SecP256r1MLKEM768,NO,,,"",handshake_failure
citadel.com,443,SecP384r1MLKEM1024,NO,,,"",handshake_failure
citadel.com,443,MLKEM512,NO,,,"",handshake_failure
citadel.com,443,MLKEM768,NO,,,"",handshake_failure
citadel.com,443,MLKEM1024,NO,,,"",handshake_failure
pointseventytwo.com,443,X25519MLKEM768,ERROR,,,"",connection_failed
pointseventytwo.com,443,SecP256r1MLKEM768,ERROR,,,"",connection_failed
pointseventytwo.com,443,SecP384r1MLKEM1024,ERROR,,,"",connection_failed
pointseventytwo.com,443,MLKEM512,ERROR,,,"",connection_failed
pointseventytwo.com,443,MLKEM768,ERROR,,,"",connection_failed
pointseventytwo.com,443,MLKEM1024,ERROR,,,"",connection_failed
deshaw.com,443,X25519MLKEM768,YES,TLS_AES_256_GCM_SHA384,,"X25519MLKEM768",
deshaw.com,443,SecP256r1MLKEM768,NO,,,"",handshake_failure
deshaw.com,443,SecP384r1MLKEM1024,NO,,,"",handshake_failure
deshaw.com,443,MLKEM512,NO,,,"",handshake_failure
deshaw.com,443,MLKEM768,NO,,,"",handshake_failure
deshaw.com,443,MLKEM1024,NO,,,"",handshake_failure
renaissancetechnologies.com,443,X25519MLKEM768,ERROR,,,"",connection_failed
renaissancetechnologies.com,443,SecP256r1MLKEM768,ERROR,,,"",connection_failed
renaissancetechnologies.com,443,SecP384r1MLKEM1024,ERROR,,,"",connection_failed
renaissancetechnologies.com,443,MLKEM512,ERROR,,,"",connection_failed
renaissancetechnologies.com,443,MLKEM768,ERROR,,,"",connection_failed
renaissancetechnologies.com,443,MLKEM1024,ERROR,,,"",connection_failed
aqr.com,443,X25519MLKEM768,NO,,,"",handshake_failure
aqr.com,443,SecP256r1MLKEM768,NO,,,"",handshake_failure
aqr.com,443,SecP384r1MLKEM1024,NO,,,"",handshake_failure
aqr.com,443,MLKEM512,NO,,,"",handshake_failure
aqr.com,443,MLKEM768,NO,,,"",handshake_failure
aqr.com,443,MLKEM1024,NO,,,"",handshake_failure
blackstone.com,443,X25519MLKEM768,YES,TLS_AES_256_GCM_SHA384,,"X25519MLKEM768",
blackstone.com,443,SecP256r1MLKEM768,NO,,,"",handshake_failure
blackstone.com,443,SecP384r1MLKEM1024,NO,,,"",handshake_failure
blackstone.com,443,MLKEM512,NO,,,"",handshake_failure
blackstone.com,443,MLKEM768,NO,,,"",handshake_failure
blackstone.com,443,MLKEM1024,NO,,,"",handshake_failure
kkr.com,443,X25519MLKEM768,YES,TLS_AES_256_GCM_SHA384,,"X25519MLKEM768",
kkr.com,443,SecP256r1MLKEM768,NO,,,"",handshake_failure
kkr.com,443,SecP384r1MLKEM1024,NO,,,"",handshake_failure
kkr.com,443,MLKEM512,NO,,,"",handshake_failure
kkr.com,443,MLKEM768,NO,,,"",handshake_failure
kkr.com,443,MLKEM1024,NO,,,"",handshake_failure
apollo.com,443,X25519MLKEM768,YES,TLS_AES_128_GCM_SHA256,TLSv1.3,"X25519MLKEM768",
apollo.com,443,SecP256r1MLKEM768,NO,,,"",handshake_failure
apollo.com,443,SecP384r1MLKEM1024,NO,,,"",handshake_failure
apollo.com,443,MLKEM512,NO,,,"",handshake_failure
apollo.com,443,MLKEM768,NO,,,"",handshake_failure
apollo.com,443,MLKEM1024,NO,,,"",handshake_failure
apolloglobal.com,443,X25519MLKEM768,ERROR,,,"",connection_failed
apolloglobal.com,443,SecP256r1MLKEM768,ERROR,,,"",connection_failed
apolloglobal.com,443,SecP384r1MLKEM1024,ERROR,,,"",connection_failed
apolloglobal.com,443,MLKEM512,ERROR,,,"",connection_failed
apolloglobal.com,443,MLKEM768,ERROR,,,"",connection_failed
apolloglobal.com,443,MLKEM1024,ERROR,,,"",connection_failed
carlyle.com,443,X25519MLKEM768,YES,TLS_AES_256_GCM_SHA384,,"X25519MLKEM768",
carlyle.com,443,SecP256r1MLKEM768,NO,,,"",handshake_failure
carlyle.com,443,SecP384r1MLKEM1024,NO,,,"",handshake_failure
carlyle.com,443,MLKEM512,NO,,,"",handshake_failure
carlyle.com,443,MLKEM768,NO,,,"",handshake_failure
carlyle.com,443,MLKEM1024,NO,,,"",handshake_failure
brookfield.com,443,X25519MLKEM768,YES,TLS_AES_128_GCM_SHA256,TLSv1.3,"X25519MLKEM768",
brookfield.com,443,SecP256r1MLKEM768,NO,,,"",handshake_failure
brookfield.com,443,SecP384r1MLKEM1024,NO,,,"",handshake_failure
brookfield.com,443,MLKEM512,NO,,,"",handshake_failure
brookfield.com,443,MLKEM768,NO,,,"",handshake_failure
brookfield.com,443,MLKEM1024,NO,,,"",handshake_failure
tpg.com,443,X25519MLKEM768,YES,TLS_AES_256_GCM_SHA384,,"X25519MLKEM768",
tpg.com,443,SecP256r1MLKEM768,NO,,,"",handshake_failure
tpg.com,443,SecP384r1MLKEM1024,NO,,,"",handshake_failure
tpg.com,443,MLKEM512,NO,,,"",handshake_failure
tpg.com,443,MLKEM768,NO,,,"",handshake_failure
tpg.com,443,MLKEM1024,NO,,,"",handshake_failure
warburg.com,443,X25519MLKEM768,ERROR,,,"",connection_failed
warburg.com,443,SecP256r1MLKEM768,ERROR,,,"",connection_failed
warburg.com,443,SecP384r1MLKEM1024,ERROR,,,"",connection_failed
warburg.com,443,MLKEM512,ERROR,,,"",connection_failed
warburg.com,443,MLKEM768,ERROR,,,"",connection_failed
warburg.com,443,MLKEM1024,ERROR,,,"",connection_failed
generalatlantic.com,443,X25519MLKEM768,YES,TLS_AES_128_GCM_SHA256,TLSv1.3,"X25519MLKEM768",
generalatlantic.com,443,SecP256r1MLKEM768,NO,,,"",handshake_failure
generalatlantic.com,443,SecP384r1MLKEM1024,NO,,,"",handshake_failure
generalatlantic.com,443,MLKEM512,NO,,,"",handshake_failure
generalatlantic.com,443,MLKEM768,NO,,,"",handshake_failure
generalatlantic.com,443,MLKEM1024,NO,,,"",handshake_failure
adventinternational.com,443,X25519MLKEM768,YES,TLS_AES_256_GCM_SHA384,,"X25519MLKEM768",
adventinternational.com,443,SecP256r1MLKEM768,NO,,,"",handshake_failure
adventinternational.com,443,SecP384r1MLKEM1024,NO,,,"",handshake_failure
adventinternational.com,443,MLKEM512,NO,,,"",handshake_failure
adventinternational.com,443,MLKEM768,NO,,,"",handshake_failure
adventinternational.com,443,MLKEM1024,NO,,,"",handshake_failure
bainCapital.com,443,X25519MLKEM768,NO,,,"",unsupported_or_unknown
bainCapital.com,443,SecP256r1MLKEM768,NO,,,"",unsupported_or_unknown
bainCapital.com,443,SecP384r1MLKEM1024,NO,,,"",unsupported_or_unknown
bainCapital.com,443,MLKEM512,NO,,,"",unsupported_or_unknown
bainCapital.com,443,MLKEM768,NO,,,"",unsupported_or_unknown
bainCapital.com,443,MLKEM1024,NO,,,"",unsupported_or_unknown
thoma-bravo.com,443,X25519MLKEM768,NO,,,"",handshake_failure
thoma-bravo.com,443,SecP256r1MLKEM768,NO,,,"",handshake_failure
thoma-bravo.com,443,SecP384r1MLKEM1024,NO,,,"",handshake_failure
thoma-bravo.com,443,MLKEM512,NO,,,"",handshake_failure
thoma-bravo.com,443,MLKEM768,NO,,,"",handshake_failure
thoma-bravo.com,443,MLKEM1024,NO,,,"",handshake_failure
vistaequitypartners.com,443,X25519MLKEM768,YES,TLS_AES_256_GCM_SHA384,,"X25519MLKEM768",
vistaequitypartners.com,443,SecP256r1MLKEM768,NO,,,"",handshake_failure
vistaequitypartners.com,443,SecP384r1MLKEM1024,NO,,,"",handshake_failure
vistaequitypartners.com,443,MLKEM512,NO,,,"",handshake_failure
vistaequitypartners.com,443,MLKEM768,NO,,,"",handshake_failure
vistaequitypartners.com,443,MLKEM1024,NO,,,"",handshake_failure
silverlake.com,443,X25519MLKEM768,YES,TLS_AES_256_GCM_SHA384,,"X25519MLKEM768",
silverlake.com,443,SecP256r1MLKEM768,NO,,,"",handshake_failure
silverlake.com,443,SecP384r1MLKEM1024,NO,,,"",handshake_failure
silverlake.com,443,MLKEM512,NO,,,"",handshake_failure
silverlake.com,443,MLKEM768,NO,,,"",handshake_failure
silverlake.com,443,MLKEM1024,NO,,,"",handshake_failure
permira.com,443,X25519MLKEM768,NO,,,"",unsupported_or_unknown
permira.com,443,SecP256r1MLKEM768,NO,,,"",unsupported_or_unknown
permira.com,443,SecP384r1MLKEM1024,NO,,,"",unsupported_or_unknown
permira.com,443,MLKEM512,NO,,,"",unsupported_or_unknown
permira.com,443,MLKEM768,NO,,,"",unsupported_or_unknown
permira.com,443,MLKEM1024,NO,,,"",unsupported_or_unknown
cvc.com,443,X25519MLKEM768,NO,,,"",unsupported_or_unknown
cvc.com,443,SecP256r1MLKEM768,NO,,,"",unsupported_or_unknown
cvc.com,443,SecP384r1MLKEM1024,NO,,,"",unsupported_or_unknown
cvc.com,443,MLKEM512,NO,,,"",unsupported_or_unknown
cvc.com,443,MLKEM768,NO,,,"",unsupported_or_unknown
cvc.com,443,MLKEM1024,NO,,,"",unsupported_or_unknown
eqtpartners.com,443,X25519MLKEM768,YES,TLS_AES_256_GCM_SHA384,,"X25519MLKEM768",
eqtpartners.com,443,SecP256r1MLKEM768,NO,,,"",handshake_failure
eqtpartners.com,443,SecP384r1MLKEM1024,NO,,,"",handshake_failure
eqtpartners.com,443,MLKEM512,NO,,,"",handshake_failure
eqtpartners.com,443,MLKEM768,NO,,,"",handshake_failure
eqtpartners.com,443,MLKEM1024,NO,,,"",handshake_failure
paipartners.com,443,X25519MLKEM768,YES,TLS_AES_256_GCM_SHA384,,"X25519MLKEM768",
paipartners.com,443,SecP256r1MLKEM768,NO,,,"",handshake_failure
paipartners.com,443,SecP384r1MLKEM1024,NO,,,"",handshake_failure
paipartners.com,443,MLKEM512,NO,,,"",handshake_failure
paipartners.com,443,MLKEM768,NO,,,"",handshake_failure
paipartners.com,443,MLKEM1024,NO,,,"",handshake_failure
3i.com,443,X25519MLKEM768,YES,TLS_AES_256_GCM_SHA384,,"X25519MLKEM768",
3i.com,443,SecP256r1MLKEM768,NO,,,"",handshake_failure
3i.com,443,SecP384r1MLKEM1024,NO,,,"",handshake_failure
3i.com,443,MLKEM512,NO,,,"",handshake_failure
3i.com,443,MLKEM768,NO,,,"",handshake_failure
3i.com,443,MLKEM1024,NO,,,"",handshake_failure
temasek.com.sg,443,X25519MLKEM768,NO,,,"",handshake_failure
temasek.com.sg,443,SecP256r1MLKEM768,NO,,,"",handshake_failure
temasek.com.sg,443,SecP384r1MLKEM1024,NO,,,"",handshake_failure
temasek.com.sg,443,MLKEM512,NO,,,"",handshake_failure
temasek.com.sg,443,MLKEM768,NO,,,"",handshake_failure
temasek.com.sg,443,MLKEM1024,NO,,,"",handshake_failure
gic.com.sg,443,X25519MLKEM768,ERROR,,,"",connection_failed
gic.com.sg,443,SecP256r1MLKEM768,ERROR,,,"",connection_failed
gic.com.sg,443,SecP384r1MLKEM1024,ERROR,,,"",connection_failed
gic.com.sg,443,MLKEM512,ERROR,,,"",connection_failed
gic.com.sg,443,MLKEM768,ERROR,,,"",connection_failed
gic.com.sg,443,MLKEM1024,ERROR,,,"",connection_failed
adia.ae,443,X25519MLKEM768,NO,,,"",handshake_failure
adia.ae,443,SecP256r1MLKEM768,NO,,,"",handshake_failure
adia.ae,443,SecP384r1MLKEM1024,NO,,,"",handshake_failure
adia.ae,443,MLKEM512,NO,,,"",handshake_failure
adia.ae,443,MLKEM768,NO,,,"",handshake_failure
adia.ae,443,MLKEM1024,NO,,,"",handshake_failure
pif.gov.sa,443,X25519MLKEM768,NO,,,"",handshake_failure
pif.gov.sa,443,SecP256r1MLKEM768,NO,,,"",handshake_failure
pif.gov.sa,443,SecP384r1MLKEM1024,NO,,,"",handshake_failure
pif.gov.sa,443,MLKEM512,NO,,,"",handshake_failure
pif.gov.sa,443,MLKEM768,NO,,,"",handshake_failure
pif.gov.sa,443,MLKEM1024,NO,,,"",handshake_failure
cppinvestments.com,443,X25519MLKEM768,NO,,,"",unsupported_or_unknown
cppinvestments.com,443,SecP256r1MLKEM768,NO,,,"",unsupported_or_unknown
cppinvestments.com,443,SecP384r1MLKEM1024,NO,,,"",unsupported_or_unknown
cppinvestments.com,443,MLKEM512,NO,,,"",unsupported_or_unknown
cppinvestments.com,443,MLKEM768,NO,,,"",unsupported_or_unknown
cppinvestments.com,443,MLKEM1024,NO,,,"",unsupported_or_unknown
caissedepot.com,443,X25519MLKEM768,NO,,,"",protocol_mismatch
caissedepot.com,443,SecP256r1MLKEM768,NO,,,"",protocol_mismatch
caissedepot.com,443,SecP384r1MLKEM1024,NO,,,"",protocol_mismatch
caissedepot.com,443,MLKEM512,NO,,,"",protocol_mismatch
caissedepot.com,443,MLKEM768,NO,,,"",protocol_mismatch
caissedepot.com,443,MLKEM1024,NO,,,"",protocol_mismatch
otpp.com,443,X25519MLKEM768,NO,,,"",handshake_failure
otpp.com,443,SecP256r1MLKEM768,NO,,,"",handshake_failure
otpp.com,443,SecP384r1MLKEM1024,NO,,,"",handshake_failure
otpp.com,443,MLKEM512,NO,,,"",handshake_failure
otpp.com,443,MLKEM768,NO,,,"",handshake_failure
otpp.com,443,MLKEM1024,NO,,,"",handshake_failure
nps.or.kr,443,X25519MLKEM768,NO,,,"",handshake_failure
nps.or.kr,443,SecP256r1MLKEM768,NO,,,"",handshake_failure
nps.or.kr,443,SecP384r1MLKEM1024,NO,,,"",handshake_failure
nps.or.kr,443,MLKEM512,NO,,,"",handshake_failure
nps.or.kr,443,MLKEM768,NO,,,"",handshake_failure
nps.or.kr,443,MLKEM1024,NO,,,"",handshake_failure
gpif.go.jp,443,X25519MLKEM768,NO,,,"",handshake_failure
gpif.go.jp,443,SecP256r1MLKEM768,NO,,,"",handshake_failure
gpif.go.jp,443,SecP384r1MLKEM1024,NO,,,"",handshake_failure
gpif.go.jp,443,MLKEM512,NO,,,"",handshake_failure
gpif.go.jp,443,MLKEM768,NO,,,"",handshake_failure
gpif.go.jp,443,MLKEM1024,NO,,,"",handshake_failure
futurfund.gov.au,443,X25519MLKEM768,ERROR,,,"",connection_failed
futurfund.gov.au,443,SecP256r1MLKEM768,ERROR,,,"",connection_failed
futurfund.gov.au,443,SecP384r1MLKEM1024,ERROR,,,"",connection_failed
futurfund.gov.au,443,MLKEM512,ERROR,,,"",connection_failed
futurfund.gov.au,443,MLKEM768,ERROR,,,"",connection_failed
futurfund.gov.au,443,MLKEM1024,ERROR,,,"",connection_failed
nzsuperfund.co.nz,443,X25519MLKEM768,YES,TLS_AES_256_GCM_SHA384,,"X25519MLKEM768",
nzsuperfund.co.nz,443,SecP256r1MLKEM768,NO,,,"",handshake_failure
nzsuperfund.co.nz,443,SecP384r1MLKEM1024,NO,,,"",handshake_failure
nzsuperfund.co.nz,443,MLKEM512,NO,,,"",handshake_failure
nzsuperfund.co.nz,443,MLKEM768,NO,,,"",handshake_failure
nzsuperfund.co.nz,443,MLKEM1024,NO,,,"",handshake_failure
nyse.com,443,X25519MLKEM768,YES,TLS_AES_256_GCM_SHA384,,"X25519MLKEM768",
nyse.com,443,SecP256r1MLKEM768,NO,,,"",handshake_failure
nyse.com,443,SecP384r1MLKEM1024,NO,,,"",handshake_failure
nyse.com,443,MLKEM512,NO,,,"",handshake_failure
nyse.com,443,MLKEM768,NO,,,"",handshake_failure
nyse.com,443,MLKEM1024,NO,,,"",handshake_failure
nasdaq.com,443,X25519MLKEM768,YES,TLS_AES_128_GCM_SHA256,,"X25519MLKEM768",
nasdaq.com,443,SecP256r1MLKEM768,NO,,,"",handshake_failure
nasdaq.com,443,SecP384r1MLKEM1024,NO,,,"",handshake_failure
nasdaq.com,443,MLKEM512,NO,,,"",handshake_failure
nasdaq.com,443,MLKEM768,NO,,,"",handshake_failure
nasdaq.com,443,MLKEM1024,NO,,,"",handshake_failure
ice.com,443,X25519MLKEM768,YES,TLS_AES_256_GCM_SHA384,,"X25519MLKEM768",
ice.com,443,SecP256r1MLKEM768,NO,,,"",handshake_failure
ice.com,443,SecP384r1MLKEM1024,NO,,,"",handshake_failure
ice.com,443,MLKEM512,NO,,,"",handshake_failure
ice.com,443,MLKEM768,NO,,,"",handshake_failure
ice.com,443,MLKEM1024,NO,,,"",handshake_failure
theice.com,443,X25519MLKEM768,YES,TLS_AES_256_GCM_SHA384,,"X25519MLKEM768",
theice.com,443,SecP256r1MLKEM768,NO,,,"",handshake_failure
theice.com,443,SecP384r1MLKEM1024,NO,,,"",handshake_failure
theice.com,443,MLKEM512,NO,,,"",handshake_failure
theice.com,443,MLKEM768,NO,,,"",handshake_failure
theice.com,443,MLKEM1024,NO,,,"",handshake_failure
cmegroup.com,443,X25519MLKEM768,NO,,,"",handshake_failure
cmegroup.com,443,SecP256r1MLKEM768,NO,,,"",handshake_failure
cmegroup.com,443,SecP384r1MLKEM1024,NO,,,"",handshake_failure
cmegroup.com,443,MLKEM512,NO,,,"",handshake_failure
cmegroup.com,443,MLKEM768,NO,,,"",handshake_failure
cmegroup.com,443,MLKEM1024,NO,,,"",handshake_failure
cboe.com,443,X25519MLKEM768,YES,TLS_AES_256_GCM_SHA384,,"X25519MLKEM768",
cboe.com,443,SecP256r1MLKEM768,NO,,,"",handshake_failure
cboe.com,443,SecP384r1MLKEM1024,NO,,,"",handshake_failure
cboe.com,443,MLKEM512,NO,,,"",handshake_failure
cboe.com,443,MLKEM768,NO,,,"",handshake_failure
cboe.com,443,MLKEM1024,NO,,,"",handshake_failure
lseg.com,443,X25519MLKEM768,YES,TLS_AES_256_GCM_SHA384,,"X25519MLKEM768",
lseg.com,443,SecP256r1MLKEM768,NO,,,"",handshake_failure
lseg.com,443,SecP384r1MLKEM1024,NO,,,"",handshake_failure
lseg.com,443,MLKEM512,NO,,,"",handshake_failure
lseg.com,443,MLKEM768,NO,,,"",handshake_failure
lseg.com,443,MLKEM1024,NO,,,"",handshake_failure
euronext.com,443,X25519MLKEM768,YES,TLS_AES_128_GCM_SHA256,,"X25519MLKEM768",
euronext.com,443,SecP256r1MLKEM768,YES,TLS_AES_128_GCM_SHA256,,"SecP256r1MLKEM768",
euronext.com,443,SecP384r1MLKEM1024,NO,,,"",unsupported_or_unknown
euronext.com,443,MLKEM512,NO,,,"",unsupported_or_unknown
euronext.com,443,MLKEM768,NO,,,"",unsupported_or_unknown
euronext.com,443,MLKEM1024,NO,,,"",unsupported_or_unknown
deutsche-boerse.com,443,X25519MLKEM768,NO,,,"",handshake_failure
deutsche-boerse.com,443,SecP256r1MLKEM768,NO,,,"",handshake_failure
deutsche-boerse.com,443,SecP384r1MLKEM1024,NO,,,"",handshake_failure
deutsche-boerse.com,443,MLKEM512,NO,,,"",handshake_failure
deutsche-boerse.com,443,MLKEM768,NO,,,"",handshake_failure
deutsche-boerse.com,443,MLKEM1024,NO,,,"",handshake_failure
six-group.com,443,X25519MLKEM768,NO,,,"",handshake_failure
six-group.com,443,SecP256r1MLKEM768,NO,,,"",handshake_failure
six-group.com,443,SecP384r1MLKEM1024,NO,,,"",handshake_failure
six-group.com,443,MLKEM512,NO,,,"",handshake_failure
six-group.com,443,MLKEM768,NO,,,"",handshake_failure
six-group.com,443,MLKEM1024,NO,,,"",handshake_failure
jpx.co.jp,443,X25519MLKEM768,ERROR,,,"",connection_failed
tse.or.jp,443,X25519MLKEM768,ERROR,,,"",connection_failed
sse.com.cn,443,X25519MLKEM768,ERROR,,,"",connection_failed
szse.cn,443,X25519MLKEM768,NO,,,"",unsupported_or_unknown
szse.cn,443,SecP256r1MLKEM768,NO,,,"",handshake_failure
szse.cn,443,SecP384r1MLKEM1024,NO,,,"",handshake_failure
szse.cn,443,MLKEM512,NO,,,"",handshake_failure
szse.cn,443,MLKEM768,NO,,,"",handshake_failure
szse.cn,443,MLKEM1024,NO,,,"",handshake_failure
hkex.com.hk,443,X25519MLKEM768,ERROR,,,"",connection_failed
sgx.com,443,X25519MLKEM768,NO,,,"",handshake_failure
sgx.com,443,SecP256r1MLKEM768,NO,,,"",handshake_failure
sgx.com,443,SecP384r1MLKEM1024,NO,,,"",handshake_failure
sgx.com,443,MLKEM512,NO,,,"",handshake_failure
sgx.com,443,MLKEM768,NO,,,"",handshake_failure
sgx.com,443,MLKEM1024,NO,,,"",handshake_failure
bursamalaysia.com,443,X25519MLKEM768,YES,TLS_AES_256_GCM_SHA384,,"X25519MLKEM768",
bursamalaysia.com,443,SecP256r1MLKEM768,NO,,,"",handshake_failure
bursamalaysia.com,443,SecP384r1MLKEM1024,NO,,,"",handshake_failure
bursamalaysia.com,443,MLKEM512,NO,,,"",handshake_failure
bursamalaysia.com,443,MLKEM768,NO,,,"",handshake_failure
bursamalaysia.com,443,MLKEM1024,NO,,,"",handshake_failure
set.or.th,443,X25519MLKEM768,YES,TLS_AES_128_GCM_SHA256,,"X25519MLKEM768",
set.or.th,443,SecP256r1MLKEM768,NO,,,"",handshake_failure
set.or.th,443,SecP384r1MLKEM1024,NO,,,"",handshake_failure
set.or.th,443,MLKEM512,NO,,,"",handshake_failure
set.or.th,443,MLKEM768,NO,,,"",handshake_failure
set.or.th,443,MLKEM1024,NO,,,"",handshake_failure
idx.co.id,443,X25519MLKEM768,YES,TLS_AES_256_GCM_SHA384,,"X25519MLKEM768",
idx.co.id,443,SecP256r1MLKEM768,NO,,,"",handshake_failure
idx.co.id,443,SecP384r1MLKEM1024,NO,,,"",handshake_failure
idx.co.id,443,MLKEM512,NO,,,"",handshake_failure
idx.co.id,443,MLKEM768,NO,,,"",handshake_failure
idx.co.id,443,MLKEM1024,NO,,,"",handshake_failure
pse.com.ph,443,X25519MLKEM768,ERROR,,,"",connection_failed
krx.co.kr,443,X25519MLKEM768,NO,,,"",handshake_failure
krx.co.kr,443,SecP256r1MLKEM768,NO,,,"",handshake_failure
krx.co.kr,443,SecP384r1MLKEM1024,NO,,,"",handshake_failure
krx.co.kr,443,MLKEM512,NO,,,"",handshake_failure
krx.co.kr,443,MLKEM768,NO,,,"",handshake_failure
krx.co.kr,443,MLKEM1024,NO,,,"",handshake_failure
bseindia.com,443,X25519MLKEM768,NO,,,"",handshake_failure
bseindia.com,443,SecP256r1MLKEM768,NO,,,"",handshake_failure
bseindia.com,443,SecP384r1MLKEM1024,NO,,,"",handshake_failure
bseindia.com,443,MLKEM512,NO,,,"",handshake_failure
bseindia.com,443,MLKEM768,NO,,,"",handshake_failure
bseindia.com,443,MLKEM1024,NO,,,"",handshake_failure
nseindia.com,443,X25519MLKEM768,NO,,,"",handshake_failure
nseindia.com,443,SecP256r1MLKEM768,NO,,,"",handshake_failure
nseindia.com,443,SecP384r1MLKEM1024,NO,,,"",handshake_failure
nseindia.com,443,MLKEM512,NO,,,"",handshake_failure
nseindia.com,443,MLKEM768,NO,,,"",handshake_failure
nseindia.com,443,MLKEM1024,NO,,,"",handshake_failure
asx.com.au,443,X25519MLKEM768,YES,TLS_AES_128_GCM_SHA256,,"X25519MLKEM768",
asx.com.au,443,SecP256r1MLKEM768,NO,,,"",handshake_failure
asx.com.au,443,SecP384r1MLKEM1024,NO,,,"",handshake_failure
asx.com.au,443,MLKEM512,NO,,,"",handshake_failure
asx.com.au,443,MLKEM768,NO,,,"",handshake_failure
asx.com.au,443,MLKEM1024,NO,,,"",handshake_failure
nzx.com,443,X25519MLKEM768,NO,,,"",handshake_failure
nzx.com,443,SecP256r1MLKEM768,NO,,,"",handshake_failure
nzx.com,443,SecP384r1MLKEM1024,NO,,,"",handshake_failure
nzx.com,443,MLKEM512,NO,,,"",handshake_failure
nzx.com,443,MLKEM768,NO,,,"",handshake_failure
nzx.com,443,MLKEM1024,NO,,,"",handshake_failure
tadawul.com.sa,443,X25519MLKEM768,NO,,,"",handshake_failure
tadawul.com.sa,443,SecP256r1MLKEM768,NO,,,"",handshake_failure
tadawul.com.sa,443,SecP384r1MLKEM1024,NO,,,"",handshake_failure
tadawul.com.sa,443,MLKEM512,NO,,,"",handshake_failure
tadawul.com.sa,443,MLKEM768,NO,,,"",handshake_failure
tadawul.com.sa,443,MLKEM1024,NO,,,"",handshake_failure
dfm.ae,443,X25519MLKEM768,YES,TLS_AES_128_GCM_SHA256,TLSv1.3,"X25519MLKEM768",
dfm.ae,443,SecP256r1MLKEM768,NO,,,"",handshake_failure
dfm.ae,443,SecP384r1MLKEM1024,NO,,,"",handshake_failure
dfm.ae,443,MLKEM512,NO,,,"",handshake_failure
dfm.ae,443,MLKEM768,NO,,,"",handshake_failure
dfm.ae,443,MLKEM1024,NO,,,"",handshake_failure
adx.ae,443,X25519MLKEM768,NO,,,"",handshake_failure
adx.ae,443,SecP256r1MLKEM768,NO,,,"",handshake_failure
adx.ae,443,SecP384r1MLKEM1024,NO,,,"",handshake_failure
adx.ae,443,MLKEM512,NO,,,"",handshake_failure
adx.ae,443,MLKEM768,NO,,,"",handshake_failure
adx.ae,443,MLKEM1024,NO,,,"",handshake_failure
jse.co.za,443,X25519MLKEM768,YES,TLS_AES_256_GCM_SHA384,,"X25519MLKEM768",
jse.co.za,443,SecP256r1MLKEM768,NO,,,"",handshake_failure
jse.co.za,443,SecP384r1MLKEM1024,NO,,,"",handshake_failure
jse.co.za,443,MLKEM512,NO,,,"",handshake_failure
jse.co.za,443,MLKEM768,NO,,,"",handshake_failure
jse.co.za,443,MLKEM1024,NO,,,"",handshake_failure
b3.com.br,443,X25519MLKEM768,YES,TLS_AES_256_GCM_SHA384,,"X25519MLKEM768",
b3.com.br,443,SecP256r1MLKEM768,NO,,,"",handshake_failure
b3.com.br,443,SecP384r1MLKEM1024,NO,,,"",handshake_failure
b3.com.br,443,MLKEM512,NO,,,"",handshake_failure
b3.com.br,443,MLKEM768,NO,,,"",handshake_failure
b3.com.br,443,MLKEM1024,NO,,,"",handshake_failure
bmv.com.mx,443,X25519MLKEM768,ERROR,,,"",connection_failed
visa.com,443,X25519MLKEM768,YES,TLS_AES_256_GCM_SHA384,,"X25519MLKEM768",
visa.com,443,SecP256r1MLKEM768,NO,,,"",handshake_failure
visa.com,443,SecP384r1MLKEM1024,NO,,,"",handshake_failure
visa.com,443,MLKEM512,NO,,,"",handshake_failure
visa.com,443,MLKEM768,NO,,,"",handshake_failure
visa.com,443,MLKEM1024,NO,,,"",handshake_failure
mastercard.com,443,X25519MLKEM768,NO,,,"",handshake_failure
mastercard.com,443,SecP256r1MLKEM768,NO,,,"",handshake_failure
mastercard.com,443,SecP384r1MLKEM1024,NO,,,"",handshake_failure
mastercard.com,443,MLKEM512,NO,,,"",handshake_failure
mastercard.com,443,MLKEM768,NO,,,"",handshake_failure
mastercard.com,443,MLKEM1024,NO,,,"",handshake_failure
paypal.com,443,X25519MLKEM768,YES,TLS_AES_128_GCM_SHA256,TLSv1.3,"X25519MLKEM768",
paypal.com,443,SecP256r1MLKEM768,NO,,,"",handshake_failure
paypal.com,443,SecP384r1MLKEM1024,NO,,,"",handshake_failure
paypal.com,443,MLKEM512,NO,,,"",handshake_failure
paypal.com,443,MLKEM768,NO,,,"",handshake_failure
paypal.com,443,MLKEM1024,NO,,,"",handshake_failure
stripe.com,443,X25519MLKEM768,NO,,,"",handshake_failure
stripe.com,443,SecP256r1MLKEM768,NO,,,"",handshake_failure
stripe.com,443,SecP384r1MLKEM1024,NO,,,"",handshake_failure
stripe.com,443,MLKEM512,NO,,,"",handshake_failure
stripe.com,443,MLKEM768,NO,,,"",handshake_failure
stripe.com,443,MLKEM1024,NO,,,"",handshake_failure
adyen.com,443,X25519MLKEM768,NO,,,"",handshake_failure
adyen.com,443,SecP256r1MLKEM768,NO,,,"",handshake_failure
adyen.com,443,SecP384r1MLKEM1024,NO,,,"",handshake_failure
adyen.com,443,MLKEM512,NO,,,"",handshake_failure
adyen.com,443,MLKEM768,NO,,,"",handshake_failure
adyen.com,443,MLKEM1024,NO,,,"",handshake_failure
worldpay.com,443,X25519MLKEM768,NO,,,"",handshake_failure
worldpay.com,443,SecP256r1MLKEM768,NO,,,"",handshake_failure
worldpay.com,443,SecP384r1MLKEM1024,NO,,,"",handshake_failure
worldpay.com,443,MLKEM512,NO,,,"",handshake_failure
worldpay.com,443,MLKEM768,NO,,,"",handshake_failure
worldpay.com,443,MLKEM1024,NO,,,"",handshake_failure
fiserv.com,443,X25519MLKEM768,YES,TLS_AES_128_GCM_SHA256,TLSv1.3,"X25519MLKEM768",
fiserv.com,443,SecP256r1MLKEM768,NO,,,"",handshake_failure
fiserv.com,443,SecP384r1MLKEM1024,NO,,,"",handshake_failure
fiserv.com,443,MLKEM512,NO,,,"",handshake_failure
fiserv.com,443,MLKEM768,NO,,,"",handshake_failure
fiserv.com,443,MLKEM1024,NO,,,"",handshake_failure
fisglobal.com,443,X25519MLKEM768,NO,,,"",handshake_failure
fisglobal.com,443,SecP256r1MLKEM768,NO,,,"",handshake_failure
fisglobal.com,443,SecP384r1MLKEM1024,NO,,,"",handshake_failure
fisglobal.com,443,MLKEM512,NO,,,"",handshake_failure
fisglobal.com,443,MLKEM768,NO,,,"",handshake_failure
fisglobal.com,443,MLKEM1024,NO,,,"",handshake_failure
globalpaymentsInc.com,443,X25519MLKEM768,NO,,,"",handshake_failure
globalpaymentsInc.com,443,SecP256r1MLKEM768,NO,,,"",handshake_failure
globalpaymentsInc.com,443,SecP384r1MLKEM1024,NO,,,"",handshake_failure
globalpaymentsInc.com,443,MLKEM512,NO,,,"",handshake_failure
globalpaymentsInc.com,443,MLKEM768,NO,,,"",handshake_failure
globalpaymentsInc.com,443,MLKEM1024,NO,,,"",handshake_failure
square.com,443,X25519MLKEM768,YES,TLS_AES_256_GCM_SHA384,,"X25519MLKEM768",
square.com,443,SecP256r1MLKEM768,NO,,,"",handshake_failure
square.com,443,SecP384r1MLKEM1024,NO,,,"",handshake_failure
square.com,443,MLKEM512,NO,,,"",handshake_failure
square.com,443,MLKEM768,NO,,,"",handshake_failure
square.com,443,MLKEM1024,NO,,,"",handshake_failure
block.com,443,X25519MLKEM768,YES,TLS_AES_128_GCM_SHA256,TLSv1.3,"X25519MLKEM768",
block.com,443,SecP256r1MLKEM768,YES,TLS_AES_128_GCM_SHA256,TLSv1.3,"SecP256r1MLKEM768",
block.com,443,SecP384r1MLKEM1024,YES,TLS_AES_128_GCM_SHA256,TLSv1.3,"SecP384r1MLKEM1024",
block.com,443,MLKEM512,NO,,,"",handshake_failure
block.com,443,MLKEM768,NO,,,"",handshake_failure
block.com,443,MLKEM1024,NO,,,"",handshake_failure
squareup.com,443,X25519MLKEM768,YES,TLS_AES_256_GCM_SHA384,,"X25519MLKEM768",
squareup.com,443,SecP256r1MLKEM768,NO,,,"",handshake_failure
squareup.com,443,SecP384r1MLKEM1024,NO,,,"",handshake_failure
squareup.com,443,MLKEM512,NO,,,"",handshake_failure
squareup.com,443,MLKEM768,NO,,,"",handshake_failure
squareup.com,443,MLKEM1024,NO,,,"",handshake_failure
afterpay.com,443,X25519MLKEM768,YES,TLS_AES_256_GCM_SHA384,,"X25519MLKEM768",
afterpay.com,443,SecP256r1MLKEM768,NO,,,"",handshake_failure
afterpay.com,443,SecP384r1MLKEM1024,NO,,,"",handshake_failure
afterpay.com,443,MLKEM512,NO,,,"",handshake_failure
afterpay.com,443,MLKEM768,NO,,,"",handshake_failure
afterpay.com,443,MLKEM1024,NO,,,"",handshake_failure
klarna.com,443,X25519MLKEM768,YES,TLS_AES_128_GCM_SHA256,,"X25519MLKEM768",
klarna.com,443,SecP256r1MLKEM768,YES,TLS_AES_128_GCM_SHA256,,"SecP256r1MLKEM768",
klarna.com,443,SecP384r1MLKEM1024,NO,,,"",unsupported_or_unknown
klarna.com,443,MLKEM512,NO,,,"",unsupported_or_unknown
klarna.com,443,MLKEM768,NO,,,"",unsupported_or_unknown
klarna.com,443,MLKEM1024,NO,,,"",unsupported_or_unknown
affirm.com,443,X25519MLKEM768,YES,TLS_AES_256_GCM_SHA384,,"X25519MLKEM768",
affirm.com,443,SecP256r1MLKEM768,NO,,,"",handshake_failure
affirm.com,443,SecP384r1MLKEM1024,NO,,,"",handshake_failure
affirm.com,443,MLKEM512,NO,,,"",handshake_failure
affirm.com,443,MLKEM768,NO,,,"",handshake_failure
affirm.com,443,MLKEM1024,NO,,,"",handshake_failure
marqeta.com,443,X25519MLKEM768,NO,,,"",handshake_failure
marqeta.com,443,SecP256r1MLKEM768,NO,,,"",handshake_failure
marqeta.com,443,SecP384r1MLKEM1024,NO,,,"",handshake_failure
marqeta.com,443,MLKEM512,NO,,,"",handshake_failure
marqeta.com,443,MLKEM768,NO,,,"",handshake_failure
marqeta.com,443,MLKEM1024,NO,,,"",handshake_failure
plaid.com,443,X25519MLKEM768,YES,TLS_AES_128_GCM_SHA256,,"X25519MLKEM768",
plaid.com,443,SecP256r1MLKEM768,YES,TLS_AES_128_GCM_SHA256,,"SecP256r1MLKEM768",
plaid.com,443,SecP384r1MLKEM1024,NO,,,"",unsupported_or_unknown
plaid.com,443,MLKEM512,NO,,,"",unsupported_or_unknown
plaid.com,443,MLKEM768,NO,,,"",unsupported_or_unknown
plaid.com,443,MLKEM1024,NO,,,"",unsupported_or_unknown
dwolla.com,443,X25519MLKEM768,YES,TLS_AES_256_GCM_SHA384,,"X25519MLKEM768",
dwolla.com,443,SecP256r1MLKEM768,NO,,,"",handshake_failure
dwolla.com,443,SecP384r1MLKEM1024,NO,,,"",handshake_failure
dwolla.com,443,MLKEM512,NO,,,"",handshake_failure
dwolla.com,443,MLKEM768,NO,,,"",handshake_failure
dwolla.com,443,MLKEM1024,NO,,,"",handshake_failure
transferwise.com,443,X25519MLKEM768,YES,TLS_AES_256_GCM_SHA384,,"X25519MLKEM768",
transferwise.com,443,SecP256r1MLKEM768,NO,,,"",handshake_failure
transferwise.com,443,SecP384r1MLKEM1024,NO,,,"",handshake_failure
transferwise.com,443,MLKEM512,NO,,,"",handshake_failure
transferwise.com,443,MLKEM768,NO,,,"",handshake_failure
transferwise.com,443,MLKEM1024,NO,,,"",handshake_failure
wise.com,443,X25519MLKEM768,YES,TLS_AES_256_GCM_SHA384,,"X25519MLKEM768",
wise.com,443,SecP256r1MLKEM768,NO,,,"",handshake_failure
wise.com,443,SecP384r1MLKEM1024,NO,,,"",handshake_failure
wise.com,443,MLKEM512,NO,,,"",handshake_failure
wise.com,443,MLKEM768,NO,,,"",handshake_failure
wise.com,443,MLKEM1024,NO,,,"",handshake_failure
remitly.com,443,X25519MLKEM768,YES,TLS_AES_128_GCM_SHA256,,"X25519MLKEM768",
remitly.com,443,SecP256r1MLKEM768,YES,TLS_AES_128_GCM_SHA256,,"SecP256r1MLKEM768",
remitly.com,443,SecP384r1MLKEM1024,NO,,,"",unsupported_or_unknown
remitly.com,443,MLKEM512,NO,,,"",unsupported_or_unknown
remitly.com,443,MLKEM768,NO,,,"",unsupported_or_unknown
remitly.com,443,MLKEM1024,NO,,,"",unsupported_or_unknown
worldremit.com,443,X25519MLKEM768,YES,TLS_AES_256_GCM_SHA384,,"X25519MLKEM768",
worldremit.com,443,SecP256r1MLKEM768,NO,,,"",handshake_failure
worldremit.com,443,SecP384r1MLKEM1024,NO,,,"",handshake_failure
worldremit.com,443,MLKEM512,NO,,,"",handshake_failure
worldremit.com,443,MLKEM768,NO,,,"",handshake_failure
worldremit.com,443,MLKEM1024,NO,,,"",handshake_failure
westernunion.com,443,X25519MLKEM768,NO,,,"",handshake_failure
westernunion.com,443,SecP256r1MLKEM768,NO,,,"",handshake_failure
westernunion.com,443,SecP384r1MLKEM1024,NO,,,"",handshake_failure
westernunion.com,443,MLKEM512,NO,,,"",handshake_failure
westernunion.com,443,MLKEM768,NO,,,"",handshake_failure
westernunion.com,443,MLKEM1024,NO,,,"",handshake_failure
moneygram.com,443,X25519MLKEM768,YES,TLS_AES_128_GCM_SHA256,,"X25519MLKEM768",
moneygram.com,443,SecP256r1MLKEM768,NO,,,"",handshake_failure
moneygram.com,443,SecP384r1MLKEM1024,NO,,,"",handshake_failure
moneygram.com,443,MLKEM512,NO,,,"",handshake_failure
moneygram.com,443,MLKEM768,NO,,,"",handshake_failure
moneygram.com,443,MLKEM1024,NO,,,"",handshake_failure
ria.com,443,X25519MLKEM768,NO,,,"",handshake_failure
ria.com,443,SecP256r1MLKEM768,NO,,,"",handshake_failure
ria.com,443,SecP384r1MLKEM1024,NO,,,"",handshake_failure
ria.com,443,MLKEM512,NO,,,"",handshake_failure
ria.com,443,MLKEM768,NO,,,"",handshake_failure
ria.com,443,MLKEM1024,NO,,,"",handshake_failure
flywire.com,443,X25519MLKEM768,YES,TLS_AES_256_GCM_SHA384,,"X25519MLKEM768",
flywire.com,443,SecP256r1MLKEM768,NO,,,"",handshake_failure
flywire.com,443,SecP384r1MLKEM1024,NO,,,"",handshake_failure
flywire.com,443,MLKEM512,NO,,,"",handshake_failure
flywire.com,443,MLKEM768,NO,,,"",handshake_failure
flywire.com,443,MLKEM1024,NO,,,"",handshake_failure
payoneer.com,443,X25519MLKEM768,NO,,,"",handshake_failure
payoneer.com,443,SecP256r1MLKEM768,NO,,,"",handshake_failure
payoneer.com,443,SecP384r1MLKEM1024,NO,,,"",handshake_failure
payoneer.com,443,MLKEM512,NO,,,"",handshake_failure
payoneer.com,443,MLKEM768,NO,,,"",handshake_failure
payoneer.com,443,MLKEM1024,NO,,,"",handshake_failure
2checkout.com,443,X25519MLKEM768,YES,TLS_AES_128_GCM_SHA256,,"X25519MLKEM768",
2checkout.com,443,SecP256r1MLKEM768,NO,,,"",handshake_failure
2checkout.com,443,SecP384r1MLKEM1024,NO,,,"",handshake_failure
2checkout.com,443,MLKEM512,NO,,,"",handshake_failure
2checkout.com,443,MLKEM768,NO,,,"",handshake_failure
2checkout.com,443,MLKEM1024,NO,,,"",handshake_failure
braintreepayments.com,443,X25519MLKEM768,YES,TLS_AES_128_GCM_SHA256,TLSv1.3,"X25519MLKEM768",
braintreepayments.com,443,SecP256r1MLKEM768,NO,,,"",handshake_failure
braintreepayments.com,443,SecP384r1MLKEM1024,NO,,,"",handshake_failure
braintreepayments.com,443,MLKEM512,NO,,,"",handshake_failure
braintreepayments.com,443,MLKEM768,NO,,,"",handshake_failure
braintreepayments.com,443,MLKEM1024,NO,,,"",handshake_failure
checkout.com,443,X25519MLKEM768,YES,TLS_AES_256_GCM_SHA384,,"X25519MLKEM768",
checkout.com,443,SecP256r1MLKEM768,NO,,,"",handshake_failure
checkout.com,443,SecP384r1MLKEM1024,NO,,,"",handshake_failure
checkout.com,443,MLKEM512,NO,,,"",handshake_failure
checkout.com,443,MLKEM768,NO,,,"",handshake_failure
checkout.com,443,MLKEM1024,NO,,,"",handshake_failure
mollie.com,443,X25519MLKEM768,NO,,,"",handshake_failure
mollie.com,443,SecP256r1MLKEM768,NO,,,"",handshake_failure
mollie.com,443,SecP384r1MLKEM1024,NO,,,"",handshake_failure
mollie.com,443,MLKEM512,NO,,,"",handshake_failure
mollie.com,443,MLKEM768,NO,,,"",handshake_failure
mollie.com,443,MLKEM1024,NO,,,"",handshake_failure
rapyd.net,443,X25519MLKEM768,NO,,,"",unsupported_or_unknown
rapyd.net,443,SecP256r1MLKEM768,NO,,,"",unsupported_or_unknown
rapyd.net,443,SecP384r1MLKEM1024,NO,,,"",unsupported_or_unknown
rapyd.net,443,MLKEM512,NO,,,"",unsupported_or_unknown
rapyd.net,443,MLKEM768,NO,,,"",unsupported_or_unknown
rapyd.net,443,MLKEM1024,NO,,,"",unsupported_or_unknown
dlocal.com,443,X25519MLKEM768,YES,TLS_AES_256_GCM_SHA384,,"X25519MLKEM768",
dlocal.com,443,SecP256r1MLKEM768,NO,,,"",handshake_failure
dlocal.com,443,SecP384r1MLKEM1024,NO,,,"",handshake_failure
dlocal.com,443,MLKEM512,NO,,,"",handshake_failure
dlocal.com,443,MLKEM768,NO,,,"",handshake_failure
dlocal.com,443,MLKEM1024,NO,,,"",handshake_failure
payu.com,443,X25519MLKEM768,YES,TLS_AES_128_GCM_SHA256,,"X25519MLKEM768",
payu.com,443,SecP256r1MLKEM768,YES,TLS_AES_128_GCM_SHA256,,"SecP256r1MLKEM768",
payu.com,443,SecP384r1MLKEM1024,NO,,,"",unsupported_or_unknown
payu.com,443,MLKEM512,NO,,,"",unsupported_or_unknown
payu.com,443,MLKEM768,NO,,,"",unsupported_or_unknown
payu.com,443,MLKEM1024,NO,,,"",unsupported_or_unknown
razorpay.com,443,X25519MLKEM768,YES,TLS_AES_128_GCM_SHA256,,"X25519MLKEM768",
razorpay.com,443,SecP256r1MLKEM768,YES,TLS_AES_128_GCM_SHA256,,"SecP256r1MLKEM768",
razorpay.com,443,SecP384r1MLKEM1024,NO,,,"",unsupported_or_unknown
razorpay.com,443,MLKEM512,NO,,,"",unsupported_or_unknown
razorpay.com,443,MLKEM768,NO,,,"",unsupported_or_unknown
razorpay.com,443,MLKEM1024,NO,,,"",unsupported_or_unknown
paytm.com,443,X25519MLKEM768,YES,TLS_AES_256_GCM_SHA384,,"X25519MLKEM768",
paytm.com,443,SecP256r1MLKEM768,NO,,,"",handshake_failure
paytm.com,443,SecP384r1MLKEM1024,NO,,,"",handshake_failure
paytm.com,443,MLKEM512,NO,,,"",handshake_failure
paytm.com,443,MLKEM768,NO,,,"",handshake_failure
paytm.com,443,MLKEM1024,NO,,,"",handshake_failure
phonepe.com,443,X25519MLKEM768,YES,TLS_AES_128_GCM_SHA256,,"X25519MLKEM768",
phonepe.com,443,SecP256r1MLKEM768,YES,TLS_AES_128_GCM_SHA256,,"SecP256r1MLKEM768",
phonepe.com,443,SecP384r1MLKEM1024,NO,,,"",unsupported_or_unknown
phonepe.com,443,MLKEM512,NO,,,"",unsupported_or_unknown
phonepe.com,443,MLKEM768,NO,,,"",unsupported_or_unknown
phonepe.com,443,MLKEM1024,NO,,,"",unsupported_or_unknown
nets.com.sg,443,X25519MLKEM768,YES,TLS_AES_256_GCM_SHA384,,"X25519MLKEM768",
nets.com.sg,443,SecP256r1MLKEM768,NO,,,"",handshake_failure
nets.com.sg,443,SecP384r1MLKEM1024,NO,,,"",handshake_failure
nets.com.sg,443,MLKEM512,NO,,,"",handshake_failure
nets.com.sg,443,MLKEM768,NO,,,"",handshake_failure
nets.com.sg,443,MLKEM1024,NO,,,"",handshake_failure
paylah.com.sg,443,X25519MLKEM768,ERROR,,,"",connection_failed
liquidpay.com,443,X25519MLKEM768,NO,,,"",unsupported_or_unknown
liquidpay.com,443,SecP256r1MLKEM768,NO,,,"",unsupported_or_unknown
liquidpay.com,443,SecP384r1MLKEM1024,NO,,,"",unsupported_or_unknown
liquidpay.com,443,MLKEM512,NO,,,"",unsupported_or_unknown
liquidpay.com,443,MLKEM768,NO,,,"",unsupported_or_unknown
liquidpay.com,443,MLKEM1024,NO,,,"",unsupported_or_unknown
favepay.com,443,X25519MLKEM768,NO,,,"",handshake_failure
favepay.com,443,SecP256r1MLKEM768,NO,,,"",handshake_failure
favepay.com,443,SecP384r1MLKEM1024,NO,,,"",handshake_failure
favepay.com,443,MLKEM512,NO,,,"",handshake_failure
favepay.com,443,MLKEM768,NO,,,"",handshake_failure
favepay.com,443,MLKEM1024,NO,,,"",handshake_failure
grabpay.com,443,X25519MLKEM768,ERROR,,,"",connection_failed
linepay.me,443,X25519MLKEM768,ERROR,,,"",connection_failed
kakaopay.com,443,X25519MLKEM768,NO,,,"",handshake_failure
kakaopay.com,443,SecP256r1MLKEM768,NO,,,"",handshake_failure
kakaopay.com,443,SecP384r1MLKEM1024,NO,,,"",handshake_failure
kakaopay.com,443,MLKEM512,NO,,,"",handshake_failure
kakaopay.com,443,MLKEM768,NO,,,"",handshake_failure
kakaopay.com,443,MLKEM1024,NO,,,"",handshake_failure
toss.im,443,X25519MLKEM768,NO,,,"",handshake_failure
toss.im,443,SecP256r1MLKEM768,NO,,,"",handshake_failure
toss.im,443,SecP384r1MLKEM1024,NO,,,"",handshake_failure
toss.im,443,MLKEM512,NO,,,"",handshake_failure
toss.im,443,MLKEM768,NO,,,"",handshake_failure
toss.im,443,MLKEM1024,NO,,,"",handshake_failure
alipay.com,443,X25519MLKEM768,NO,,,"",protocol_mismatch
alipay.com,443,SecP256r1MLKEM768,NO,,,"",protocol_mismatch
alipay.com,443,SecP384r1MLKEM1024,NO,,,"",protocol_mismatch
alipay.com,443,MLKEM512,NO,,,"",protocol_mismatch
alipay.com,443,MLKEM768,NO,,,"",protocol_mismatch
alipay.com,443,MLKEM1024,NO,,,"",protocol_mismatch
alipayhk.com,443,X25519MLKEM768,NO,,,"",protocol_mismatch
alipayhk.com,443,SecP256r1MLKEM768,NO,,,"",protocol_mismatch
alipayhk.com,443,SecP384r1MLKEM1024,NO,,,"",protocol_mismatch
alipayhk.com,443,MLKEM512,NO,,,"",protocol_mismatch
alipayhk.com,443,MLKEM768,NO,,,"",protocol_mismatch
alipayhk.com,443,MLKEM1024,NO,,,"",protocol_mismatch
wechatpay.com,443,X25519MLKEM768,ERROR,,,"",connection_failed
unionpay.com,443,X25519MLKEM768,ERROR,,,"",connection_failed
jcb.co.jp,443,X25519MLKEM768,ERROR,,,"",connection_failed
dinersclub.com,443,X25519MLKEM768,NO,,,"",handshake_failure
dinersclub.com,443,SecP256r1MLKEM768,NO,,,"",handshake_failure
dinersclub.com,443,SecP384r1MLKEM1024,NO,,,"",handshake_failure
dinersclub.com,443,MLKEM512,NO,,,"",handshake_failure
dinersclub.com,443,MLKEM768,NO,,,"",handshake_failure
dinersclub.com,443,MLKEM1024,NO,,,"",handshake_failure
americanexpress.com,443,X25519MLKEM768,NO,,,"",handshake_failure
americanexpress.com,443,SecP256r1MLKEM768,NO,,,"",handshake_failure
americanexpress.com,443,SecP384r1MLKEM1024,NO,,,"",handshake_failure
americanexpress.com,443,MLKEM512,NO,,,"",handshake_failure
americanexpress.com,443,MLKEM768,NO,,,"",handshake_failure
americanexpress.com,443,MLKEM1024,NO,,,"",handshake_failure
federalreserve.gov,443,X25519MLKEM768,YES,TLS_AES_256_GCM_SHA384,,"X25519MLKEM768",
federalreserve.gov,443,SecP256r1MLKEM768,NO,,,"",handshake_failure
federalreserve.gov,443,SecP384r1MLKEM1024,NO,,,"",handshake_failure
federalreserve.gov,443,MLKEM512,NO,,,"",handshake_failure
federalreserve.gov,443,MLKEM768,NO,,,"",handshake_failure
federalreserve.gov,443,MLKEM1024,NO,,,"",handshake_failure
sec.gov,443,X25519MLKEM768,NO,,,"",handshake_failure
sec.gov,443,SecP256r1MLKEM768,NO,,,"",handshake_failure
sec.gov,443,SecP384r1MLKEM1024,NO,,,"",handshake_failure
sec.gov,443,MLKEM512,NO,,,"",handshake_failure
sec.gov,443,MLKEM768,NO,,,"",handshake_failure
sec.gov,443,MLKEM1024,NO,,,"",handshake_failure
cftc.com,443,X25519MLKEM768,NO,,,"",handshake_failure
cftc.com,443,SecP256r1MLKEM768,NO,,,"",handshake_failure
cftc.com,443,SecP384r1MLKEM1024,NO,,,"",handshake_failure
cftc.com,443,MLKEM512,NO,,,"",handshake_failure
cftc.com,443,MLKEM768,NO,,,"",handshake_failure
cftc.com,443,MLKEM1024,NO,,,"",handshake_failure
fdic.gov,443,X25519MLKEM768,NO,,,"",handshake_failure
fdic.gov,443,SecP256r1MLKEM768,NO,,,"",handshake_failure
fdic.gov,443,SecP384r1MLKEM1024,NO,,,"",handshake_failure
fdic.gov,443,MLKEM512,NO,,,"",handshake_failure
fdic.gov,443,MLKEM768,NO,,,"",handshake_failure
fdic.gov,443,MLKEM1024,NO,,,"",handshake_failure
occ.gov,443,X25519MLKEM768,NO,,,"",handshake_failure
occ.gov,443,SecP256r1MLKEM768,NO,,,"",handshake_failure
occ.gov,443,SecP384r1MLKEM1024,NO,,,"",handshake_failure
occ.gov,443,MLKEM512,NO,,,"",handshake_failure
occ.gov,443,MLKEM768,NO,,,"",handshake_failure
occ.gov,443,MLKEM1024,NO,,,"",handshake_failure
treasury.gov,443,X25519MLKEM768,NO,,,"",handshake_failure
treasury.gov,443,SecP256r1MLKEM768,NO,,,"",handshake_failure
treasury.gov,443,SecP384r1MLKEM1024,NO,,,"",handshake_failure
treasury.gov,443,MLKEM512,NO,,,"",handshake_failure
treasury.gov,443,MLKEM768,NO,,,"",handshake_failure
treasury.gov,443,MLKEM1024,NO,,,"",handshake_failure
fca.org.uk,443,X25519MLKEM768,YES,TLS_AES_256_GCM_SHA384,,"X25519MLKEM768",
fca.org.uk,443,SecP256r1MLKEM768,NO,,,"",handshake_failure
fca.org.uk,443,SecP384r1MLKEM1024,NO,,,"",handshake_failure
fca.org.uk,443,MLKEM512,NO,,,"",handshake_failure
fca.org.uk,443,MLKEM768,NO,,,"",handshake_failure
fca.org.uk,443,MLKEM1024,NO,,,"",handshake_failure
bankofengland.co.uk,443,X25519MLKEM768,NO,,,"",handshake_failure
bankofengland.co.uk,443,SecP256r1MLKEM768,NO,,,"",handshake_failure
bankofengland.co.uk,443,SecP384r1MLKEM1024,NO,,,"",handshake_failure
bankofengland.co.uk,443,MLKEM512,NO,,,"",handshake_failure
bankofengland.co.uk,443,MLKEM768,NO,,,"",handshake_failure
bankofengland.co.uk,443,MLKEM1024,NO,,,"",handshake_failure
ecb.europa.eu,443,X25519MLKEM768,NO,,,"",handshake_failure
ecb.europa.eu,443,SecP256r1MLKEM768,NO,,,"",handshake_failure
ecb.europa.eu,443,SecP384r1MLKEM1024,NO,,,"",handshake_failure
ecb.europa.eu,443,MLKEM512,NO,,,"",handshake_failure
ecb.europa.eu,443,MLKEM768,NO,,,"",handshake_failure
ecb.europa.eu,443,MLKEM1024,NO,,,"",handshake_failure
esma.europa.eu,443,X25519MLKEM768,NO,,,"",unsupported_or_unknown
esma.europa.eu,443,SecP256r1MLKEM768,NO,,,"",unsupported_or_unknown
esma.europa.eu,443,SecP384r1MLKEM1024,NO,,,"",unsupported_or_unknown
esma.europa.eu,443,MLKEM512,NO,,,"",unsupported_or_unknown
esma.europa.eu,443,MLKEM768,NO,,,"",unsupported_or_unknown
esma.europa.eu,443,MLKEM1024,NO,,,"",unsupported_or_unknown
eba.europa.eu,443,X25519MLKEM768,NO,,,"",handshake_failure
eba.europa.eu,443,SecP256r1MLKEM768,NO,,,"",handshake_failure
eba.europa.eu,443,SecP384r1MLKEM1024,NO,,,"",handshake_failure
eba.europa.eu,443,MLKEM512,NO,,,"",handshake_failure
eba.europa.eu,443,MLKEM768,NO,,,"",handshake_failure
eba.europa.eu,443,MLKEM1024,NO,,,"",handshake_failure
eiopa.europa.eu,443,X25519MLKEM768,NO,,,"",unsupported_or_unknown
eiopa.europa.eu,443,SecP256r1MLKEM768,NO,,,"",unsupported_or_unknown
eiopa.europa.eu,443,SecP384r1MLKEM1024,NO,,,"",unsupported_or_unknown
eiopa.europa.eu,443,MLKEM512,NO,,,"",unsupported_or_unknown
eiopa.europa.eu,443,MLKEM768,NO,,,"",unsupported_or_unknown
eiopa.europa.eu,443,MLKEM1024,NO,,,"",unsupported_or_unknown
bafin.de,443,X25519MLKEM768,ERROR,,,"",connection_failed
amf-france.org,443,X25519MLKEM768,NO,,,"",handshake_failure
amf-france.org,443,SecP256r1MLKEM768,NO,,,"",handshake_failure
amf-france.org,443,SecP384r1MLKEM1024,NO,,,"",handshake_failure
amf-france.org,443,MLKEM512,NO,,,"",handshake_failure
amf-france.org,443,MLKEM768,NO,,,"",handshake_failure
amf-france.org,443,MLKEM1024,NO,,,"",handshake_failure
consob.it,443,X25519MLKEM768,ERROR,,,"",connection_failed
cnmv.es,443,X25519MLKEM768,NO,,,"",unsupported_or_unknown
cnmv.es,443,SecP256r1MLKEM768,NO,,,"",unsupported_or_unknown
cnmv.es,443,SecP384r1MLKEM1024,NO,,,"",unsupported_or_unknown
cnmv.es,443,MLKEM512,NO,,,"",unsupported_or_unknown
cnmv.es,443,MLKEM768,NO,,,"",unsupported_or_unknown
cnmv.es,443,MLKEM1024,NO,,,"",unsupported_or_unknown
dnb.nl,443,X25519MLKEM768,NO,,,"",handshake_failure
dnb.nl,443,SecP256r1MLKEM768,NO,,,"",handshake_failure
dnb.nl,443,SecP384r1MLKEM1024,NO,,,"",handshake_failure
dnb.nl,443,MLKEM512,NO,,,"",handshake_failure
dnb.nl,443,MLKEM768,NO,,,"",handshake_failure
dnb.nl,443,MLKEM1024,NO,,,"",handshake_failure
finma.ch,443,X25519MLKEM768,NO,,,"",handshake_failure
finma.ch,443,SecP256r1MLKEM768,NO,,,"",handshake_failure
finma.ch,443,SecP384r1MLKEM1024,NO,,,"",handshake_failure
finma.ch,443,MLKEM512,NO,,,"",handshake_failure
finma.ch,443,MLKEM768,NO,,,"",handshake_failure
finma.ch,443,MLKEM1024,NO,,,"",handshake_failure
fsa.go.jp,443,X25519MLKEM768,ERROR,,,"",connection_failed
csrc.gov.cn,443,X25519MLKEM768,ERROR,,,"",connection_failed
sfc.hk,443,X25519MLKEM768,NO,,,"",handshake_failure
sfc.hk,443,SecP256r1MLKEM768,NO,,,"",handshake_failure
sfc.hk,443,SecP384r1MLKEM1024,NO,,,"",handshake_failure
sfc.hk,443,MLKEM512,NO,,,"",handshake_failure
sfc.hk,443,MLKEM768,NO,,,"",handshake_failure
sfc.hk,443,MLKEM1024,NO,,,"",handshake_failure
hkma.gov.hk,443,X25519MLKEM768,ERROR,,,"",connection_failed
rbi.org.in,443,X25519MLKEM768,NO,,,"",handshake_failure
rbi.org.in,443,SecP256r1MLKEM768,NO,,,"",handshake_failure
rbi.org.in,443,SecP384r1MLKEM1024,NO,,,"",handshake_failure
rbi.org.in,443,MLKEM512,NO,,,"",handshake_failure
rbi.org.in,443,MLKEM768,NO,,,"",handshake_failure
rbi.org.in,443,MLKEM1024,NO,,,"",handshake_failure
sebi.gov.in,443,X25519MLKEM768,NO,,,"",handshake_failure
sebi.gov.in,443,SecP256r1MLKEM768,NO,,,"",handshake_failure
sebi.gov.in,443,SecP384r1MLKEM1024,NO,,,"",handshake_failure
sebi.gov.in,443,MLKEM512,NO,,,"",handshake_failure
sebi.gov.in,443,MLKEM768,NO,,,"",handshake_failure
sebi.gov.in,443,MLKEM1024,NO,,,"",handshake_failure
bnm.gov.my,443,X25519MLKEM768,YES,TLS_AES_128_GCM_SHA256,,"X25519MLKEM768",
bnm.gov.my,443,SecP256r1MLKEM768,YES,TLS_AES_128_GCM_SHA256,,"SecP256r1MLKEM768",
bnm.gov.my,443,SecP384r1MLKEM1024,NO,,,"",unsupported_or_unknown
bnm.gov.my,443,MLKEM512,NO,,,"",unsupported_or_unknown
bnm.gov.my,443,MLKEM768,NO,,,"",unsupported_or_unknown
bnm.gov.my,443,MLKEM1024,NO,,,"",unsupported_or_unknown
ojk.go.id,443,X25519MLKEM768,NO,,,"",handshake_failure
ojk.go.id,443,SecP256r1MLKEM768,NO,,,"",handshake_failure
ojk.go.id,443,SecP384r1MLKEM1024,NO,,,"",handshake_failure
ojk.go.id,443,MLKEM512,NO,,,"",handshake_failure
ojk.go.id,443,MLKEM768,NO,,,"",handshake_failure
ojk.go.id,443,MLKEM1024,NO,,,"",handshake_failure
bsp.gov.ph,443,X25519MLKEM768,ERROR,,,"",connection_failed
bot.or.th,443,X25519MLKEM768,ERROR,,,"",connection_failed
asic.gov.au,443,X25519MLKEM768,NO,,,"",unsupported_or_unknown
asic.gov.au,443,SecP256r1MLKEM768,NO,,,"",unsupported_or_unknown
asic.gov.au,443,SecP384r1MLKEM1024,NO,,,"",unsupported_or_unknown
asic.gov.au,443,MLKEM512,NO,,,"",unsupported_or_unknown
asic.gov.au,443,MLKEM768,NO,,,"",unsupported_or_unknown
asic.gov.au,443,MLKEM1024,NO,,,"",unsupported_or_unknown
rba.gov.au,443,X25519MLKEM768,NO,,,"",handshake_failure
rba.gov.au,443,SecP256r1MLKEM768,NO,,,"",handshake_failure
rba.gov.au,443,SecP384r1MLKEM1024,NO,,,"",handshake_failure
rba.gov.au,443,MLKEM512,NO,,,"",handshake_failure
rba.gov.au,443,MLKEM768,NO,,,"",handshake_failure
rba.gov.au,443,MLKEM1024,NO,,,"",handshake_failure
apra.gov.au,443,X25519MLKEM768,YES,TLS_AES_128_GCM_SHA256,,"X25519MLKEM768",
apra.gov.au,443,SecP256r1MLKEM768,YES,TLS_AES_128_GCM_SHA256,,"SecP256r1MLKEM768",
apra.gov.au,443,SecP384r1MLKEM1024,YES,TLS_AES_128_GCM_SHA256,,"SecP384r1MLKEM1024",
apra.gov.au,443,MLKEM512,NO,,,"",unsupported_or_unknown
apra.gov.au,443,MLKEM768,NO,,,"",unsupported_or_unknown
apra.gov.au,443,MLKEM1024,NO,,,"",unsupported_or_unknown
rbnz.govt.nz,443,X25519MLKEM768,YES,TLS_AES_256_GCM_SHA384,,"X25519MLKEM768",
rbnz.govt.nz,443,SecP256r1MLKEM768,NO,,,"",handshake_failure
rbnz.govt.nz,443,SecP384r1MLKEM1024,NO,,,"",handshake_failure
rbnz.govt.nz,443,MLKEM512,NO,,,"",handshake_failure
rbnz.govt.nz,443,MLKEM768,NO,,,"",handshake_failure
rbnz.govt.nz,443,MLKEM1024,NO,,,"",handshake_failure
fma.govt.nz,443,X25519MLKEM768,YES,TLS_AES_256_GCM_SHA384,,"X25519MLKEM768",
fma.govt.nz,443,SecP256r1MLKEM768,NO,,,"",handshake_failure
fma.govt.nz,443,SecP384r1MLKEM1024,NO,,,"",handshake_failure
fma.govt.nz,443,MLKEM512,NO,,,"",handshake_failure
fma.govt.nz,443,MLKEM768,NO,,,"",handshake_failure
fma.govt.nz,443,MLKEM1024,NO,,,"",handshake_failure
sama.gov.sa,443,X25519MLKEM768,NO,,,"",handshake_failure
sama.gov.sa,443,SecP256r1MLKEM768,NO,,,"",handshake_failure
sama.gov.sa,443,SecP384r1MLKEM1024,NO,,,"",handshake_failure
sama.gov.sa,443,MLKEM512,NO,,,"",handshake_failure
sama.gov.sa,443,MLKEM768,NO,,,"",handshake_failure
sama.gov.sa,443,MLKEM1024,NO,,,"",handshake_failure
cma.org.sa,443,X25519MLKEM768,ERROR,,,"",connection_failed
dfsa.ae,443,X25519MLKEM768,YES,TLS_AES_256_GCM_SHA384,,"X25519MLKEM768",
dfsa.ae,443,SecP256r1MLKEM768,NO,,,"",handshake_failure
dfsa.ae,443,SecP384r1MLKEM1024,NO,,,"",handshake_failure
dfsa.ae,443,MLKEM512,NO,,,"",handshake_failure
dfsa.ae,443,MLKEM768,NO,,,"",handshake_failure
dfsa.ae,443,MLKEM1024,NO,,,"",handshake_failure
cbuae.gov.ae,443,X25519MLKEM768,NO,,,"",protocol_mismatch
cbuae.gov.ae,443,SecP256r1MLKEM768,NO,,,"",protocol_mismatch
cbuae.gov.ae,443,SecP384r1MLKEM1024,NO,,,"",protocol_mismatch
cbuae.gov.ae,443,MLKEM512,NO,,,"",protocol_mismatch
cbuae.gov.ae,443,MLKEM768,NO,,,"",protocol_mismatch
cbuae.gov.ae,443,MLKEM1024,NO,,,"",protocol_mismatch
sarb.co.za,443,X25519MLKEM768,ERROR,,,"",connection_failed
fsca.co.za,443,X25519MLKEM768,ERROR,,,"",connection_failed
ubs.com,443,X25519MLKEM768,NO,,,"",handshake_failure
ubs.com,443,SecP256r1MLKEM768,NO,,,"",handshake_failure
ubs.com,443,SecP384r1MLKEM1024,NO,,,"",handshake_failure
ubs.com,443,MLKEM512,NO,,,"",handshake_failure
ubs.com,443,MLKEM768,NO,,,"",handshake_failure
ubs.com,443,MLKEM1024,NO,,,"",handshake_failure
credit-suisse.com,443,X25519MLKEM768,NO,,,"",handshake_failure
credit-suisse.com,443,SecP256r1MLKEM768,NO,,,"",handshake_failure
credit-suisse.com,443,SecP384r1MLKEM1024,NO,,,"",handshake_failure
credit-suisse.com,443,MLKEM512,NO,,,"",handshake_failure
credit-suisse.com,443,MLKEM768,NO,,,"",handshake_failure
credit-suisse.com,443,MLKEM1024,NO,,,"",handshake_failure
juliusbaer.com,443,X25519MLKEM768,NO,,,"",handshake_failure
juliusbaer.com,443,SecP256r1MLKEM768,NO,,,"",handshake_failure
juliusbaer.com,443,SecP384r1MLKEM1024,NO,,,"",handshake_failure
juliusbaer.com,443,MLKEM512,NO,,,"",handshake_failure
juliusbaer.com,443,MLKEM768,NO,,,"",handshake_failure
juliusbaer.com,443,MLKEM1024,NO,,,"",handshake_failure
pictet.com,443,X25519MLKEM768,YES,TLS_AES_128_GCM_SHA256,,"X25519MLKEM768",
pictet.com,443,SecP256r1MLKEM768,YES,TLS_AES_128_GCM_SHA256,,"SecP256r1MLKEM768",
pictet.com,443,SecP384r1MLKEM1024,NO,,,"",unsupported_or_unknown
pictet.com,443,MLKEM512,NO,,,"",unsupported_or_unknown
pictet.com,443,MLKEM768,NO,,,"",unsupported_or_unknown
pictet.com,443,MLKEM1024,NO,,,"",unsupported_or_unknown
lombardodier.com,443,X25519MLKEM768,NO,,,"",handshake_failure
lombardodier.com,443,SecP256r1MLKEM768,NO,,,"",handshake_failure
lombardodier.com,443,SecP384r1MLKEM1024,NO,,,"",handshake_failure
lombardodier.com,443,MLKEM512,NO,,,"",handshake_failure
lombardodier.com,443,MLKEM768,NO,,,"",handshake_failure
lombardodier.com,443,MLKEM1024,NO,,,"",handshake_failure
edmond-de-rothschild.com,443,X25519MLKEM768,ERROR,,,"",connection_failed
rothschildandco.com,443,X25519MLKEM768,YES,TLS_AES_256_GCM_SHA384,,"X25519MLKEM768",
rothschildandco.com,443,SecP256r1MLKEM768,NO,,,"",handshake_failure
rothschildandco.com,443,SecP384r1MLKEM1024,NO,,,"",handshake_failure
rothschildandco.com,443,MLKEM512,NO,,,"",handshake_failure
rothschildandco.com,443,MLKEM768,NO,,,"",handshake_failure
rothschildandco.com,443,MLKEM1024,NO,,,"",handshake_failure
safranordval.com,443,X25519MLKEM768,ERROR,,,"",connection_failed
banksyz.ch,443,X25519MLKEM768,NO,,,"",handshake_failure
banksyz.ch,443,SecP256r1MLKEM768,NO,,,"",handshake_failure
banksyz.ch,443,SecP384r1MLKEM1024,NO,,,"",handshake_failure
banksyz.ch,443,MLKEM512,NO,,,"",handshake_failure
banksyz.ch,443,MLKEM768,NO,,,"",handshake_failure
banksyz.ch,443,MLKEM1024,NO,,,"",handshake_failure
efginternational.com,443,X25519MLKEM768,YES,TLS_AES_256_GCM_SHA384,,"X25519MLKEM768",
efginternational.com,443,SecP256r1MLKEM768,NO,,,"",handshake_failure
efginternational.com,443,SecP384r1MLKEM1024,NO,,,"",handshake_failure
efginternational.com,443,MLKEM512,NO,,,"",handshake_failure
efginternational.com,443,MLKEM768,NO,,,"",handshake_failure
efginternational.com,443,MLKEM1024,NO,,,"",handshake_failure
bnpparibas-wealthmanagement.com,443,X25519MLKEM768,ERROR,,,"",connection_failed
coutts.com,443,X25519MLKEM768,NO,,,"",handshake_failure
coutts.com,443,SecP256r1MLKEM768,NO,,,"",handshake_failure
coutts.com,443,SecP384r1MLKEM1024,NO,,,"",handshake_failure
coutts.com,443,MLKEM512,NO,,,"",handshake_failure
coutts.com,443,MLKEM768,NO,,,"",handshake_failure
coutts.com,443,MLKEM1024,NO,,,"",handshake_failure
close-brothers.com,443,X25519MLKEM768,NO,,,"",handshake_failure
close-brothers.com,443,SecP256r1MLKEM768,NO,,,"",handshake_failure
close-brothers.com,443,SecP384r1MLKEM1024,NO,,,"",handshake_failure
close-brothers.com,443,MLKEM512,NO,,,"",handshake_failure
close-brothers.com,443,MLKEM768,NO,,,"",handshake_failure
close-brothers.com,443,MLKEM1024,NO,,,"",handshake_failure
spwm.com,443,X25519MLKEM768,NO,,,"",handshake_failure
spwm.com,443,SecP256r1MLKEM768,NO,,,"",handshake_failure
spwm.com,443,SecP384r1MLKEM1024,NO,,,"",handshake_failure
spwm.com,443,MLKEM512,NO,,,"",handshake_failure
spwm.com,443,MLKEM768,NO,,,"",handshake_failure
spwm.com,443,MLKEM1024,NO,,,"",handshake_failure
ca-indosuez.com,443,X25519MLKEM768,NO,,,"",handshake_failure
ca-indosuez.com,443,SecP256r1MLKEM768,NO,,,"",handshake_failure
ca-indosuez.com,443,SecP384r1MLKEM1024,NO,,,"",handshake_failure
ca-indosuez.com,443,MLKEM512,NO,,,"",handshake_failure
ca-indosuez.com,443,MLKEM768,NO,,,"",handshake_failure
ca-indosuez.com,443,MLKEM1024,NO,,,"",handshake_failure
sg-private-banking.com,443,X25519MLKEM768,ERROR,,,"",connection_failed
dbprivatebanking.com,443,X25519MLKEM768,ERROR,,,"",connection_failed
hsbcprivatebank.com,443,X25519MLKEM768,ERROR,,,"",connection_failed
bmo-privatebank.com,443,X25519MLKEM768,ERROR,,,"",connection_failed
bnymellonwealth.com,443,X25519MLKEM768,NO,,,"",handshake_failure
bnymellonwealth.com,443,SecP256r1MLKEM768,NO,,,"",handshake_failure
bnymellonwealth.com,443,SecP384r1MLKEM1024,NO,,,"",handshake_failure
bnymellonwealth.com,443,MLKEM512,NO,,,"",handshake_failure
bnymellonwealth.com,443,MLKEM768,NO,,,"",handshake_failure
bnymellonwealth.com,443,MLKEM1024,NO,,,"",handshake_failure
northerntrust.com,443,X25519MLKEM768,NO,,,"",handshake_failure
northerntrust.com,443,SecP256r1MLKEM768,NO,,,"",handshake_failure
northerntrust.com,443,SecP384r1MLKEM1024,NO,,,"",handshake_failure
northerntrust.com,443,MLKEM512,NO,,,"",handshake_failure
northerntrust.com,443,MLKEM768,NO,,,"",handshake_failure
northerntrust.com,443,MLKEM1024,NO,,,"",handshake_failure
bessemer.com,443,X25519MLKEM768,NO,,,"",handshake_failure
bessemer.com,443,SecP256r1MLKEM768,NO,,,"",handshake_failure
bessemer.com,443,SecP384r1MLKEM1024,NO,,,"",handshake_failure
bessemer.com,443,MLKEM512,NO,,,"",handshake_failure
bessemer.com,443,MLKEM768,NO,,,"",handshake_failure
bessemer.com,443,MLKEM1024,NO,,,"",handshake_failure
rockco.com,443,X25519MLKEM768,NO,,,"",handshake_failure
rockco.com,443,SecP256r1MLKEM768,NO,,,"",handshake_failure
rockco.com,443,SecP384r1MLKEM1024,NO,,,"",handshake_failure
rockco.com,443,MLKEM512,NO,,,"",handshake_failure
rockco.com,443,MLKEM768,NO,,,"",handshake_failure
rockco.com,443,MLKEM1024,NO,,,"",handshake_failure
wilmington-trust.com,443,X25519MLKEM768,ERROR,,,"",connection_failed
glenmede.com,443,X25519MLKEM768,YES,TLS_AES_128_GCM_SHA256,TLSv1.3,"X25519MLKEM768",
glenmede.com,443,SecP256r1MLKEM768,NO,,,"",handshake_failure
glenmede.com,443,SecP384r1MLKEM1024,NO,,,"",handshake_failure
glenmede.com,443,MLKEM512,NO,,,"",handshake_failure
glenmede.com,443,MLKEM768,NO,,,"",handshake_failure
glenmede.com,443,MLKEM1024,NO,,,"",handshake_failure
bairdwealth.com,443,X25519MLKEM768,YES,TLS_AES_256_GCM_SHA384,,"X25519MLKEM768",
bairdwealth.com,443,SecP256r1MLKEM768,NO,,,"",handshake_failure
bairdwealth.com,443,SecP384r1MLKEM1024,NO,,,"",handshake_failure
bairdwealth.com,443,MLKEM512,NO,,,"",handshake_failure
bairdwealth.com,443,MLKEM768,NO,,,"",handshake_failure
bairdwealth.com,443,MLKEM1024,NO,,,"",handshake_failure
1stdibs.com,443,X25519MLKEM768,YES,TLS_AES_128_GCM_SHA256,TLSv1.3,"X25519MLKEM768",
1stdibs.com,443,SecP256r1MLKEM768,NO,,,"",handshake_failure
1stdibs.com,443,SecP384r1MLKEM1024,NO,,,"",handshake_failure
1stdibs.com,443,MLKEM512,NO,,,"",handshake_failure
1stdibs.com,443,MLKEM768,NO,,,"",handshake_failure
1stdibs.com,443,MLKEM1024,NO,,,"",handshake_failure
stewardpartners.com,443,X25519MLKEM768,YES,TLS_AES_256_GCM_SHA384,,"X25519MLKEM768",
stewardpartners.com,443,SecP256r1MLKEM768,NO,,,"",handshake_failure
stewardpartners.com,443,SecP384r1MLKEM1024,NO,,,"",handshake_failure
stewardpartners.com,443,MLKEM512,NO,,,"",handshake_failure
stewardpartners.com,443,MLKEM768,NO,,,"",handshake_failure
stewardpartners.com,443,MLKEM1024,NO,,,"",handshake_failure
sarasin.co.uk,443,X25519MLKEM768,ERROR,,,"",connection_failed
rbc.com,443,X25519MLKEM768,NO,,,"",handshake_failure
rbc.com,443,SecP256r1MLKEM768,NO,,,"",handshake_failure
rbc.com,443,SecP384r1MLKEM1024,NO,,,"",handshake_failure
rbc.com,443,MLKEM512,NO,,,"",handshake_failure
rbc.com,443,MLKEM768,NO,,,"",handshake_failure
rbc.com,443,MLKEM1024,NO,,,"",handshake_failure
rbcwealthmanagement.com,443,X25519MLKEM768,NO,,,"",handshake_failure
rbcwealthmanagement.com,443,SecP256r1MLKEM768,NO,,,"",handshake_failure
rbcwealthmanagement.com,443,SecP384r1MLKEM1024,NO,,,"",handshake_failure
rbcwealthmanagement.com,443,MLKEM512,NO,,,"",handshake_failure
rbcwealthmanagement.com,443,MLKEM768,NO,,,"",handshake_failure
rbcwealthmanagement.com,443,MLKEM1024,NO,,,"",handshake_failure
citigold.com,443,X25519MLKEM768,NO,,,"",protocol_mismatch
citigold.com,443,SecP256r1MLKEM768,NO,,,"",protocol_mismatch
citigold.com,443,SecP384r1MLKEM1024,NO,,,"",protocol_mismatch
citigold.com,443,MLKEM512,NO,,,"",protocol_mismatch
citigold.com,443,MLKEM768,NO,,,"",protocol_mismatch
citigold.com,443,MLKEM1024,NO,,,"",protocol_mismatch
morganstanley.com,443,X25519MLKEM768,NO,,,"",protocol_mismatch
morganstanley.com,443,SecP256r1MLKEM768,NO,,,"",protocol_mismatch
morganstanley.com,443,SecP384r1MLKEM1024,NO,,,"",protocol_mismatch
morganstanley.com,443,MLKEM512,NO,,,"",protocol_mismatch
morganstanley.com,443,MLKEM768,NO,,,"",protocol_mismatch
morganstanley.com,443,MLKEM1024,NO,,,"",protocol_mismatch
goldmanpwm.com,443,X25519MLKEM768,ERROR,,,"",connection_failed
fanniemae.com,443,X25519MLKEM768,NO,,,"",handshake_failure
fanniemae.com,443,SecP256r1MLKEM768,NO,,,"",handshake_failure
fanniemae.com,443,SecP384r1MLKEM1024,NO,,,"",handshake_failure
fanniemae.com,443,MLKEM512,NO,,,"",handshake_failure
fanniemae.com,443,MLKEM768,NO,,,"",handshake_failure
fanniemae.com,443,MLKEM1024,NO,,,"",handshake_failure
freddiemac.com,443,X25519MLKEM768,NO,,,"",handshake_failure
freddiemac.com,443,SecP256r1MLKEM768,NO,,,"",handshake_failure
freddiemac.com,443,SecP384r1MLKEM1024,NO,,,"",handshake_failure
freddiemac.com,443,MLKEM512,NO,,,"",handshake_failure
freddiemac.com,443,MLKEM768,NO,,,"",handshake_failure
freddiemac.com,443,MLKEM1024,NO,,,"",handshake_failure
ginniemae.gov,443,X25519MLKEM768,NO,,,"",unsupported_or_unknown
ginniemae.gov,443,SecP256r1MLKEM768,NO,,,"",unsupported_or_unknown
ginniemae.gov,443,SecP384r1MLKEM1024,NO,,,"",unsupported_or_unknown
ginniemae.gov,443,MLKEM512,NO,,,"",unsupported_or_unknown
ginniemae.gov,443,MLKEM768,NO,,,"",unsupported_or_unknown
ginniemae.gov,443,MLKEM1024,NO,,,"",unsupported_or_unknown
fhlbanks.com,443,X25519MLKEM768,YES,TLS_AES_256_GCM_SHA384,,"X25519MLKEM768",
fhlbanks.com,443,SecP256r1MLKEM768,NO,,,"",handshake_failure
fhlbanks.com,443,SecP384r1MLKEM1024,NO,,,"",handshake_failure
fhlbanks.com,443,MLKEM512,NO,,,"",handshake_failure
fhlbanks.com,443,MLKEM768,NO,,,"",handshake_failure
fhlbanks.com,443,MLKEM1024,NO,,,"",handshake_failure
quickenloans.com,443,X25519MLKEM768,NO,,,"",protocol_mismatch
quickenloans.com,443,SecP256r1MLKEM768,NO,,,"",protocol_mismatch
quickenloans.com,443,SecP384r1MLKEM1024,NO,,,"",protocol_mismatch
quickenloans.com,443,MLKEM512,NO,,,"",protocol_mismatch
quickenloans.com,443,MLKEM768,NO,,,"",protocol_mismatch
quickenloans.com,443,MLKEM1024,NO,,,"",protocol_mismatch
rocketmortgage.com,443,X25519MLKEM768,YES,TLS_AES_128_GCM_SHA256,,"X25519MLKEM768",
rocketmortgage.com,443,SecP256r1MLKEM768,YES,TLS_AES_128_GCM_SHA256,,"SecP256r1MLKEM768",
rocketmortgage.com,443,SecP384r1MLKEM1024,NO,,,"",unsupported_or_unknown
rocketmortgage.com,443,MLKEM512,NO,,,"",unsupported_or_unknown
rocketmortgage.com,443,MLKEM768,NO,,,"",unsupported_or_unknown
rocketmortgage.com,443,MLKEM1024,NO,,,"",unsupported_or_unknown
better.com,443,X25519MLKEM768,YES,TLS_AES_128_GCM_SHA256,,"X25519MLKEM768",
better.com,443,SecP256r1MLKEM768,YES,TLS_AES_128_GCM_SHA256,,"SecP256r1MLKEM768",
better.com,443,SecP384r1MLKEM1024,NO,,,"",unsupported_or_unknown
better.com,443,MLKEM512,NO,,,"",unsupported_or_unknown
better.com,443,MLKEM768,NO,,,"",unsupported_or_unknown
better.com,443,MLKEM1024,NO,,,"",unsupported_or_unknown
loandepot.com,443,X25519MLKEM768,NO,,,"",handshake_failure
loandepot.com,443,SecP256r1MLKEM768,NO,,,"",handshake_failure
loandepot.com,443,SecP384r1MLKEM1024,NO,,,"",handshake_failure
loandepot.com,443,MLKEM512,NO,,,"",handshake_failure
loandepot.com,443,MLKEM768,NO,,,"",handshake_failure
loandepot.com,443,MLKEM1024,NO,,,"",handshake_failure
uwm.com,443,X25519MLKEM768,NO,,,"",unsupported_or_unknown
uwm.com,443,SecP256r1MLKEM768,NO,,,"",unsupported_or_unknown
uwm.com,443,SecP384r1MLKEM1024,NO,,,"",unsupported_or_unknown
uwm.com,443,MLKEM512,NO,,,"",unsupported_or_unknown
uwm.com,443,MLKEM768,NO,,,"",unsupported_or_unknown
uwm.com,443,MLKEM1024,NO,,,"",unsupported_or_unknown
pennymac.com,443,X25519MLKEM768,NO,,,"",handshake_failure
pennymac.com,443,SecP256r1MLKEM768,NO,,,"",handshake_failure
pennymac.com,443,SecP384r1MLKEM1024,NO,,,"",handshake_failure
pennymac.com,443,MLKEM512,NO,,,"",handshake_failure
pennymac.com,443,MLKEM768,NO,,,"",handshake_failure
pennymac.com,443,MLKEM1024,NO,,,"",handshake_failure
mrcooper.com,443,X25519MLKEM768,YES,TLS_AES_256_GCM_SHA384,,"X25519MLKEM768",
mrcooper.com,443,SecP256r1MLKEM768,NO,,,"",handshake_failure
mrcooper.com,443,SecP384r1MLKEM1024,NO,,,"",handshake_failure
mrcooper.com,443,MLKEM512,NO,,,"",handshake_failure
mrcooper.com,443,MLKEM768,NO,,,"",handshake_failure
mrcooper.com,443,MLKEM1024,NO,,,"",handshake_failure
loancare.net,443,X25519MLKEM768,NO,,,"",handshake_failure
loancare.net,443,SecP256r1MLKEM768,NO,,,"",handshake_failure
loancare.net,443,SecP384r1MLKEM1024,NO,,,"",handshake_failure
loancare.net,443,MLKEM512,NO,,,"",handshake_failure
loancare.net,443,MLKEM768,NO,,,"",handshake_failure
loancare.net,443,MLKEM1024,NO,,,"",handshake_failure
caliberhomeloans.com,443,X25519MLKEM768,NO,,,"",handshake_failure
caliberhomeloans.com,443,SecP256r1MLKEM768,NO,,,"",handshake_failure
caliberhomeloans.com,443,SecP384r1MLKEM1024,NO,,,"",handshake_failure
caliberhomeloans.com,443,MLKEM512,NO,,,"",handshake_failure
caliberhomeloans.com,443,MLKEM768,NO,,,"",handshake_failure
caliberhomeloans.com,443,MLKEM1024,NO,,,"",handshake_failure
freedommortgage.com,443,X25519MLKEM768,NO,,,"",unsupported_or_unknown
freedommortgage.com,443,SecP256r1MLKEM768,NO,,,"",unsupported_or_unknown
freedommortgage.com,443,SecP384r1MLKEM1024,NO,,,"",unsupported_or_unknown
freedommortgage.com,443,MLKEM512,NO,,,"",unsupported_or_unknown
freedommortgage.com,443,MLKEM768,NO,,,"",unsupported_or_unknown
freedommortgage.com,443,MLKEM1024,NO,,,"",unsupported_or_unknown
guild-mortgage.com,443,X25519MLKEM768,NO,,,"",handshake_failure
guild-mortgage.com,443,SecP256r1MLKEM768,NO,,,"",handshake_failure
guild-mortgage.com,443,SecP384r1MLKEM1024,NO,,,"",handshake_failure
guild-mortgage.com,443,MLKEM512,NO,,,"",handshake_failure
guild-mortgage.com,443,MLKEM768,NO,,,"",handshake_failure
guild-mortgage.com,443,MLKEM1024,NO,,,"",handshake_failure
fairwaymc.com,443,X25519MLKEM768,ERROR,,,"",connection_failed
crosscountrymortgage.com,443,X25519MLKEM768,YES,TLS_AES_256_GCM_SHA384,,"X25519MLKEM768",
crosscountrymortgage.com,443,SecP256r1MLKEM768,NO,,,"",handshake_failure
crosscountrymortgage.com,443,SecP384r1MLKEM1024,NO,,,"",handshake_failure
crosscountrymortgage.com,443,MLKEM512,NO,,,"",handshake_failure
crosscountrymortgage.com,443,MLKEM768,NO,,,"",handshake_failure
crosscountrymortgage.com,443,MLKEM1024,NO,,,"",handshake_failure
movement.com,443,X25519MLKEM768,NO,,,"",protocol_mismatch
movement.com,443,SecP256r1MLKEM768,NO,,,"",protocol_mismatch
movement.com,443,SecP384r1MLKEM1024,NO,,,"",protocol_mismatch
movement.com,443,MLKEM512,NO,,,"",protocol_mismatch
movement.com,443,MLKEM768,NO,,,"",protocol_mismatch
movement.com,443,MLKEM1024,NO,,,"",protocol_mismatch
homepoint.com,443,X25519MLKEM768,ERROR,,,"",connection_failed
guaranteed-rate.com,443,X25519MLKEM768,ERROR,,,"",connection_failed
newamerican.com,443,X25519MLKEM768,NO,,,"",handshake_failure
newamerican.com,443,SecP256r1MLKEM768,NO,,,"",handshake_failure
newamerican.com,443,SecP384r1MLKEM1024,NO,,,"",handshake_failure
newamerican.com,443,MLKEM512,NO,,,"",handshake_failure
newamerican.com,443,MLKEM768,NO,,,"",handshake_failure
newamerican.com,443,MLKEM1024,NO,,,"",handshake_failure
flagstar.com,443,X25519MLKEM768,NO,,,"",protocol_mismatch
flagstar.com,443,SecP256r1MLKEM768,NO,,,"",protocol_mismatch
flagstar.com,443,SecP384r1MLKEM1024,NO,,,"",protocol_mismatch
flagstar.com,443,MLKEM512,NO,,,"",protocol_mismatch
flagstar.com,443,MLKEM768,NO,,,"",protocol_mismatch
flagstar.com,443,MLKEM1024,NO,,,"",protocol_mismatch
bankrate.com,443,X25519MLKEM768,NO,,,"",protocol_mismatch
bankrate.com,443,SecP256r1MLKEM768,NO,,,"",protocol_mismatch
bankrate.com,443,SecP384r1MLKEM1024,NO,,,"",protocol_mismatch
bankrate.com,443,MLKEM512,NO,,,"",protocol_mismatch
bankrate.com,443,MLKEM768,NO,,,"",protocol_mismatch
bankrate.com,443,MLKEM1024,NO,,,"",protocol_mismatch
lendingtree.com,443,X25519MLKEM768,YES,TLS_AES_256_GCM_SHA384,,"X25519MLKEM768",
lendingtree.com,443,SecP256r1MLKEM768,NO,,,"",handshake_failure
lendingtree.com,443,SecP384r1MLKEM1024,NO,,,"",handshake_failure
lendingtree.com,443,MLKEM512,NO,,,"",handshake_failure
lendingtree.com,443,MLKEM768,NO,,,"",handshake_failure
lendingtree.com,443,MLKEM1024,NO,,,"",handshake_failure
credible.com,443,X25519MLKEM768,NO,,,"",handshake_failure
credible.com,443,SecP256r1MLKEM768,NO,,,"",handshake_failure
credible.com,443,SecP384r1MLKEM1024,NO,,,"",handshake_failure
credible.com,443,MLKEM512,NO,,,"",handshake_failure
credible.com,443,MLKEM768,NO,,,"",handshake_failure
credible.com,443,MLKEM1024,NO,,,"",handshake_failure
figure.com,443,X25519MLKEM768,NO,,,"",handshake_failure
figure.com,443,SecP256r1MLKEM768,NO,,,"",handshake_failure
figure.com,443,SecP384r1MLKEM1024,NO,,,"",handshake_failure
figure.com,443,MLKEM512,NO,,,"",handshake_failure
figure.com,443,MLKEM768,NO,,,"",handshake_failure
figure.com,443,MLKEM1024,NO,,,"",handshake_failure
tradeix.com,443,X25519MLKEM768,NO,,,"",handshake_failure
tradeix.com,443,SecP256r1MLKEM768,NO,,,"",handshake_failure
tradeix.com,443,SecP384r1MLKEM1024,NO,,,"",handshake_failure
tradeix.com,443,MLKEM512,NO,,,"",handshake_failure
tradeix.com,443,MLKEM768,NO,,,"",handshake_failure
tradeix.com,443,MLKEM1024,NO,,,"",handshake_failure
contour.network,443,X25519MLKEM768,YES,TLS_AES_256_GCM_SHA384,,"X25519MLKEM768",
contour.network,443,SecP256r1MLKEM768,NO,,,"",handshake_failure
contour.network,443,SecP384r1MLKEM1024,NO,,,"",handshake_failure
contour.network,443,MLKEM512,NO,,,"",handshake_failure
contour.network,443,MLKEM768,NO,,,"",handshake_failure
contour.network,443,MLKEM1024,NO,,,"",handshake_failure
komgo.io,443,X25519MLKEM768,YES,TLS_AES_256_GCM_SHA384,,"X25519MLKEM768",
komgo.io,443,SecP256r1MLKEM768,NO,,,"",handshake_failure
komgo.io,443,SecP384r1MLKEM1024,NO,,,"",handshake_failure
komgo.io,443,MLKEM512,NO,,,"",handshake_failure
komgo.io,443,MLKEM768,NO,,,"",handshake_failure
komgo.io,443,MLKEM1024,NO,,,"",handshake_failure
marcopolonetwork.com,443,X25519MLKEM768,YES,TLS_AES_128_GCM_SHA256,TLSv1.3,"X25519MLKEM768",
marcopolonetwork.com,443,SecP256r1MLKEM768,NO,,,"",handshake_failure
marcopolonetwork.com,443,SecP384r1MLKEM1024,NO,,,"",handshake_failure
marcopolonetwork.com,443,MLKEM512,NO,,,"",handshake_failure
marcopolonetwork.com,443,MLKEM768,NO,,,"",handshake_failure
marcopolonetwork.com,443,MLKEM1024,NO,,,"",handshake_failure
we.trade,443,X25519MLKEM768,ERROR,,,"",connection_failed
trusple.com,443,X25519MLKEM768,NO,,,"",protocol_mismatch
trusple.com,443,SecP256r1MLKEM768,NO,,,"",protocol_mismatch
trusple.com,443,SecP384r1MLKEM1024,NO,,,"",protocol_mismatch
trusple.com,443,MLKEM512,NO,,,"",protocol_mismatch
trusple.com,443,MLKEM768,NO,,,"",protocol_mismatch
trusple.com,443,MLKEM1024,NO,,,"",protocol_mismatch
linklogis.com,443,X25519MLKEM768,NO,,,"",handshake_failure
linklogis.com,443,SecP256r1MLKEM768,NO,,,"",handshake_failure
linklogis.com,443,SecP384r1MLKEM1024,NO,,,"",handshake_failure
linklogis.com,443,MLKEM512,NO,,,"",handshake_failure
linklogis.com,443,MLKEM768,NO,,,"",handshake_failure
linklogis.com,443,MLKEM1024,NO,,,"",handshake_failure
primadollar.com,443,X25519MLKEM768,YES,TLS_AES_256_GCM_SHA384,,"X25519MLKEM768",
primadollar.com,443,SecP256r1MLKEM768,NO,,,"",handshake_failure
primadollar.com,443,SecP384r1MLKEM1024,NO,,,"",handshake_failure
primadollar.com,443,MLKEM512,NO,,,"",handshake_failure
primadollar.com,443,MLKEM768,NO,,,"",handshake_failure
primadollar.com,443,MLKEM1024,NO,,,"",handshake_failure
stenn.com,443,X25519MLKEM768,NO,,,"",handshake_failure
stenn.com,443,SecP256r1MLKEM768,NO,,,"",handshake_failure
stenn.com,443,SecP384r1MLKEM1024,NO,,,"",handshake_failure
stenn.com,443,MLKEM512,NO,,,"",handshake_failure
stenn.com,443,MLKEM768,NO,,,"",handshake_failure
stenn.com,443,MLKEM1024,NO,,,"",handshake_failure
drip.capital,443,X25519MLKEM768,NO,,,"",handshake_failure
drip.capital,443,SecP256r1MLKEM768,NO,,,"",handshake_failure
drip.capital,443,SecP384r1MLKEM1024,NO,,,"",handshake_failure
drip.capital,443,MLKEM512,NO,,,"",handshake_failure
drip.capital,443,MLKEM768,NO,,,"",handshake_failure
drip.capital,443,MLKEM1024,NO,,,"",handshake_failure
receivablesexchange.com,443,X25519MLKEM768,ERROR,,,"",connection_failed
c2fo.com,443,X25519MLKEM768,YES,TLS_AES_256_GCM_SHA384,,"X25519MLKEM768",
c2fo.com,443,SecP256r1MLKEM768,NO,,,"",handshake_failure
c2fo.com,443,SecP384r1MLKEM1024,NO,,,"",handshake_failure
c2fo.com,443,MLKEM512,NO,,,"",handshake_failure
c2fo.com,443,MLKEM768,NO,,,"",handshake_failure
c2fo.com,443,MLKEM1024,NO,,,"",handshake_failure
taulia.com,443,X25519MLKEM768,YES,TLS_AES_256_GCM_SHA384,,"X25519MLKEM768",
taulia.com,443,SecP256r1MLKEM768,NO,,,"",handshake_failure
taulia.com,443,SecP384r1MLKEM1024,NO,,,"",handshake_failure
taulia.com,443,MLKEM512,NO,,,"",handshake_failure
taulia.com,443,MLKEM768,NO,,,"",handshake_failure
taulia.com,443,MLKEM1024,NO,,,"",handshake_failure
tradeshift.com,443,X25519MLKEM768,YES,TLS_AES_128_GCM_SHA256,,"X25519MLKEM768",
tradeshift.com,443,SecP256r1MLKEM768,NO,,,"",handshake_failure
tradeshift.com,443,SecP384r1MLKEM1024,NO,,,"",handshake_failure
tradeshift.com,443,MLKEM512,NO,,,"",handshake_failure
tradeshift.com,443,MLKEM768,NO,,,"",handshake_failure
tradeshift.com,443,MLKEM1024,NO,,,"",handshake_failure
coupa.com,443,X25519MLKEM768,YES,TLS_AES_128_GCM_SHA256,TLSv1.3,"X25519MLKEM768",
coupa.com,443,SecP256r1MLKEM768,NO,,,"",handshake_failure
coupa.com,443,SecP384r1MLKEM1024,NO,,,"",handshake_failure
coupa.com,443,MLKEM512,NO,,,"",handshake_failure
coupa.com,443,MLKEM768,NO,,,"",handshake_failure
coupa.com,443,MLKEM1024,NO,,,"",handshake_failure
ariba.com,443,X25519MLKEM768,NO,,,"",handshake_failure
ariba.com,443,SecP256r1MLKEM768,NO,,,"",handshake_failure
ariba.com,443,SecP384r1MLKEM1024,NO,,,"",handshake_failure
ariba.com,443,MLKEM512,NO,,,"",handshake_failure
ariba.com,443,MLKEM768,NO,,,"",handshake_failure
ariba.com,443,MLKEM1024,NO,,,"",handshake_failure
bolero.net,443,X25519MLKEM768,YES,TLS_AES_256_GCM_SHA384,,"X25519MLKEM768",
bolero.net,443,SecP256r1MLKEM768,NO,,,"",handshake_failure
bolero.net,443,SecP384r1MLKEM1024,NO,,,"",handshake_failure
bolero.net,443,MLKEM512,NO,,,"",handshake_failure
bolero.net,443,MLKEM768,NO,,,"",handshake_failure
bolero.net,443,MLKEM1024,NO,,,"",handshake_failure
essdocs.com,443,X25519MLKEM768,YES,TLS_AES_128_GCM_SHA256,,"X25519MLKEM768",
essdocs.com,443,SecP256r1MLKEM768,YES,TLS_AES_128_GCM_SHA256,,"SecP256r1MLKEM768",
essdocs.com,443,SecP384r1MLKEM1024,NO,,,"",unsupported_or_unknown
essdocs.com,443,MLKEM512,NO,,,"",unsupported_or_unknown
essdocs.com,443,MLKEM768,NO,,,"",unsupported_or_unknown
essdocs.com,443,MLKEM1024,NO,,,"",unsupported_or_unknown
cargox.io,443,X25519MLKEM768,YES,TLS_AES_256_GCM_SHA384,,"X25519MLKEM768",
cargox.io,443,SecP256r1MLKEM768,NO,,,"",handshake_failure
cargox.io,443,SecP384r1MLKEM1024,NO,,,"",handshake_failure
cargox.io,443,MLKEM512,NO,,,"",handshake_failure
cargox.io,443,MLKEM768,NO,,,"",handshake_failure
cargox.io,443,MLKEM1024,NO,,,"",handshake_failure
mitigram.com,443,X25519MLKEM768,NO,,,"",handshake_failure
mitigram.com,443,SecP256r1MLKEM768,NO,,,"",handshake_failure
mitigram.com,443,SecP384r1MLKEM1024,NO,,,"",handshake_failure
mitigram.com,443,MLKEM512,NO,,,"",handshake_failure
mitigram.com,443,MLKEM768,NO,,,"",handshake_failure
mitigram.com,443,MLKEM1024,NO,,,"",handshake_failure
dtcc.com,443,X25519MLKEM768,ERROR,,,"",connection_failed
euroclear.com,443,X25519MLKEM768,YES,TLS_AES_256_GCM_SHA384,,"X25519MLKEM768",
euroclear.com,443,SecP256r1MLKEM768,NO,,,"",handshake_failure
euroclear.com,443,SecP384r1MLKEM1024,NO,,,"",handshake_failure
euroclear.com,443,MLKEM512,NO,,,"",handshake_failure
euroclear.com,443,MLKEM768,NO,,,"",handshake_failure
euroclear.com,443,MLKEM1024,NO,,,"",handshake_failure
clearstream.com,443,X25519MLKEM768,NO,,,"",handshake_failure
clearstream.com,443,SecP256r1MLKEM768,NO,,,"",handshake_failure
clearstream.com,443,SecP384r1MLKEM1024,NO,,,"",handshake_failure
clearstream.com,443,MLKEM512,NO,,,"",handshake_failure
clearstream.com,443,MLKEM768,NO,,,"",handshake_failure
clearstream.com,443,MLKEM1024,NO,,,"",handshake_failure
lch.com,443,X25519MLKEM768,YES,TLS_AES_256_GCM_SHA384,,"X25519MLKEM768",
lch.com,443,SecP256r1MLKEM768,NO,,,"",handshake_failure
lch.com,443,SecP384r1MLKEM1024,NO,,,"",handshake_failure
lch.com,443,MLKEM512,NO,,,"",handshake_failure
lch.com,443,MLKEM768,NO,,,"",handshake_failure
lch.com,443,MLKEM1024,NO,,,"",handshake_failure
jscc.co.jp,443,X25519MLKEM768,ERROR,,,"",connection_failed
ksd.or.kr,443,X25519MLKEM768,NO,,,"",handshake_failure
ksd.or.kr,443,SecP256r1MLKEM768,NO,,,"",handshake_failure
ksd.or.kr,443,SecP384r1MLKEM1024,NO,,,"",handshake_failure
ksd.or.kr,443,MLKEM512,NO,,,"",handshake_failure
ksd.or.kr,443,MLKEM768,NO,,,"",handshake_failure
ksd.or.kr,443,MLKEM1024,NO,,,"",handshake_failure
ccdc.com.cn,443,X25519MLKEM768,ERROR,,,"",connection_failed
shclearing.com,443,X25519MLKEM768,ERROR,,,"",connection_failed
hkex.com.hk,443,X25519MLKEM768,ERROR,,,"",connection_failed
cdp.sgx.com,443,X25519MLKEM768,ERROR,,,"",connection_failed
cds.ca,443,X25519MLKEM768,YES,TLS_AES_128_GCM_SHA256,,"X25519MLKEM768",
cds.ca,443,SecP256r1MLKEM768,YES,TLS_AES_128_GCM_SHA256,,"SecP256r1MLKEM768",
cds.ca,443,SecP384r1MLKEM1024,NO,,,"",unsupported_or_unknown
cds.ca,443,MLKEM512,NO,,,"",unsupported_or_unknown
cds.ca,443,MLKEM768,NO,,,"",unsupported_or_unknown
cds.ca,443,MLKEM1024,NO,,,"",unsupported_or_unknown
asx.com.au,443,X25519MLKEM768,YES,TLS_AES_128_GCM_SHA256,,"X25519MLKEM768",
asx.com.au,443,SecP256r1MLKEM768,NO,,,"",handshake_failure
asx.com.au,443,SecP384r1MLKEM1024,NO,,,"",handshake_failure
asx.com.au,443,MLKEM512,NO,,,"",handshake_failure
asx.com.au,443,MLKEM768,NO,,,"",handshake_failure
asx.com.au,443,MLKEM1024,NO,,,"",handshake_failure
bmeclearing.es,443,X25519MLKEM768,NO,,,"",unsupported_or_unknown
bmeclearing.es,443,SecP256r1MLKEM768,NO,,,"",unsupported_or_unknown
bmeclearing.es,443,SecP384r1MLKEM1024,NO,,,"",unsupported_or_unknown
bmeclearing.es,443,MLKEM512,NO,,,"",unsupported_or_unknown
bmeclearing.es,443,MLKEM768,NO,,,"",unsupported_or_unknown
bmeclearing.es,443,MLKEM1024,NO,,,"",unsupported_or_unknown
otccc.com,443,X25519MLKEM768,NO,,,"",unsupported_or_unknown
otccc.com,443,SecP256r1MLKEM768,NO,,,"",unsupported_or_unknown
otccc.com,443,SecP384r1MLKEM1024,NO,,,"",unsupported_or_unknown
otccc.com,443,MLKEM512,NO,,,"",unsupported_or_unknown
otccc.com,443,MLKEM768,NO,,,"",unsupported_or_unknown
otccc.com,443,MLKEM1024,NO,,,"",unsupported_or_unknown
onfido.com,443,X25519MLKEM768,YES,TLS_AES_128_GCM_SHA256,,"X25519MLKEM768",
onfido.com,443,SecP256r1MLKEM768,YES,TLS_AES_128_GCM_SHA256,,"SecP256r1MLKEM768",
onfido.com,443,SecP384r1MLKEM1024,NO,,,"",unsupported_or_unknown
onfido.com,443,MLKEM512,NO,,,"",unsupported_or_unknown
onfido.com,443,MLKEM768,NO,,,"",unsupported_or_unknown
onfido.com,443,MLKEM1024,NO,,,"",unsupported_or_unknown
jumio.com,443,X25519MLKEM768,YES,TLS_AES_256_GCM_SHA384,,"X25519MLKEM768",
jumio.com,443,SecP256r1MLKEM768,NO,,,"",handshake_failure
jumio.com,443,SecP384r1MLKEM1024,NO,,,"",handshake_failure
jumio.com,443,MLKEM512,NO,,,"",handshake_failure
jumio.com,443,MLKEM768,NO,,,"",handshake_failure
jumio.com,443,MLKEM1024,NO,,,"",handshake_failure
trulioo.com,443,X25519MLKEM768,YES,TLS_AES_256_GCM_SHA384,,"X25519MLKEM768",
trulioo.com,443,SecP256r1MLKEM768,NO,,,"",handshake_failure
trulioo.com,443,SecP384r1MLKEM1024,NO,,,"",handshake_failure
trulioo.com,443,MLKEM512,NO,,,"",handshake_failure
trulioo.com,443,MLKEM768,NO,,,"",handshake_failure
trulioo.com,443,MLKEM1024,NO,,,"",handshake_failure
acuant.com,443,X25519MLKEM768,NO,,,"",unsupported_or_unknown
acuant.com,443,SecP256r1MLKEM768,NO,,,"",unsupported_or_unknown
acuant.com,443,SecP384r1MLKEM1024,NO,,,"",unsupported_or_unknown
acuant.com,443,MLKEM512,NO,,,"",unsupported_or_unknown
acuant.com,443,MLKEM768,NO,,,"",unsupported_or_unknown
acuant.com,443,MLKEM1024,NO,,,"",unsupported_or_unknown
socure.com,443,X25519MLKEM768,YES,TLS_AES_128_GCM_SHA256,TLSv1.3,"X25519MLKEM768",
socure.com,443,SecP256r1MLKEM768,NO,,,"",handshake_failure
socure.com,443,SecP384r1MLKEM1024,NO,,,"",handshake_failure
socure.com,443,MLKEM512,NO,,,"",handshake_failure
socure.com,443,MLKEM768,NO,,,"",handshake_failure
socure.com,443,MLKEM1024,NO,,,"",handshake_failure
prove.com,443,X25519MLKEM768,YES,TLS_AES_256_GCM_SHA384,,"X25519MLKEM768",
prove.com,443,SecP256r1MLKEM768,NO,,,"",handshake_failure
prove.com,443,SecP384r1MLKEM1024,NO,,,"",handshake_failure
prove.com,443,MLKEM512,NO,,,"",handshake_failure
prove.com,443,MLKEM768,NO,,,"",handshake_failure
prove.com,443,MLKEM1024,NO,,,"",handshake_failure
featurespace.com,443,X25519MLKEM768,YES,TLS_AES_128_GCM_SHA256,,"X25519MLKEM768",
featurespace.com,443,SecP256r1MLKEM768,YES,TLS_AES_128_GCM_SHA256,,"SecP256r1MLKEM768",
featurespace.com,443,SecP384r1MLKEM1024,NO,,,"",unsupported_or_unknown
featurespace.com,443,MLKEM512,NO,,,"",unsupported_or_unknown
featurespace.com,443,MLKEM768,NO,,,"",unsupported_or_unknown
featurespace.com,443,MLKEM1024,NO,,,"",unsupported_or_unknown
feedzai.com,443,X25519MLKEM768,YES,TLS_AES_256_GCM_SHA384,,"X25519MLKEM768",
feedzai.com,443,SecP256r1MLKEM768,NO,,,"",handshake_failure
feedzai.com,443,SecP384r1MLKEM1024,NO,,,"",handshake_failure
feedzai.com,443,MLKEM512,NO,,,"",handshake_failure
feedzai.com,443,MLKEM768,NO,,,"",handshake_failure
feedzai.com,443,MLKEM1024,NO,,,"",handshake_failure
nice-actimize.com,443,X25519MLKEM768,YES,TLS_AES_128_GCM_SHA256,TLSv1.3,"X25519MLKEM768",
nice-actimize.com,443,SecP256r1MLKEM768,YES,TLS_AES_128_GCM_SHA256,TLSv1.3,"SecP256r1MLKEM768",
nice-actimize.com,443,SecP384r1MLKEM1024,YES,TLS_AES_128_GCM_SHA256,TLSv1.3,"SecP384r1MLKEM1024",
nice-actimize.com,443,MLKEM512,NO,,,"",handshake_failure
nice-actimize.com,443,MLKEM768,NO,,,"",handshake_failure
nice-actimize.com,443,MLKEM1024,NO,,,"",handshake_failure
aml-partners.com,443,X25519MLKEM768,ERROR,,,"",connection_failed
complyadvantage.com,443,X25519MLKEM768,YES,TLS_AES_256_GCM_SHA384,,"X25519MLKEM768",
complyadvantage.com,443,SecP256r1MLKEM768,NO,,,"",handshake_failure
complyadvantage.com,443,SecP384r1MLKEM1024,NO,,,"",handshake_failure
complyadvantage.com,443,MLKEM512,NO,,,"",handshake_failure
complyadvantage.com,443,MLKEM768,NO,,,"",handshake_failure
complyadvantage.com,443,MLKEM1024,NO,,,"",handshake_failure
refinitivcompliance.com,443,X25519MLKEM768,ERROR,,,"",connection_failed
dow-jones.com,443,X25519MLKEM768,YES,TLS_AES_128_GCM_SHA256,,"X25519MLKEM768",
dow-jones.com,443,SecP256r1MLKEM768,YES,TLS_AES_128_GCM_SHA256,,"SecP256r1MLKEM768",
dow-jones.com,443,SecP384r1MLKEM1024,NO,,,"",unsupported_or_unknown
dow-jones.com,443,MLKEM512,NO,,,"",unsupported_or_unknown
dow-jones.com,443,MLKEM768,NO,,,"",unsupported_or_unknown
dow-jones.com,443,MLKEM1024,NO,,,"",unsupported_or_unknown
lexisnexis.com,443,X25519MLKEM768,NO,,,"",handshake_failure
lexisnexis.com,443,SecP256r1MLKEM768,NO,,,"",handshake_failure
lexisnexis.com,443,SecP384r1MLKEM1024,NO,,,"",handshake_failure
lexisnexis.com,443,MLKEM512,NO,,,"",handshake_failure
lexisnexis.com,443,MLKEM768,NO,,,"",handshake_failure
lexisnexis.com,443,MLKEM1024,NO,,,"",handshake_failure
lexisnexisrisk.com,443,X25519MLKEM768,YES,TLS_AES_256_GCM_SHA384,,"X25519MLKEM768",
lexisnexisrisk.com,443,SecP256r1MLKEM768,NO,,,"",handshake_failure
lexisnexisrisk.com,443,SecP384r1MLKEM1024,NO,,,"",handshake_failure
lexisnexisrisk.com,443,MLKEM512,NO,,,"",handshake_failure
lexisnexisrisk.com,443,MLKEM768,NO,,,"",handshake_failure
lexisnexisrisk.com,443,MLKEM1024,NO,,,"",handshake_failure
riskonnect.com,443,X25519MLKEM768,YES,TLS_AES_256_GCM_SHA384,,"X25519MLKEM768",
riskonnect.com,443,SecP256r1MLKEM768,NO,,,"",handshake_failure
riskonnect.com,443,SecP384r1MLKEM1024,NO,,,"",handshake_failure
riskonnect.com,443,MLKEM512,NO,,,"",handshake_failure
riskonnect.com,443,MLKEM768,NO,,,"",handshake_failure
riskonnect.com,443,MLKEM1024,NO,,,"",handshake_failure
resolver.com,443,X25519MLKEM768,YES,TLS_AES_256_GCM_SHA384,,"X25519MLKEM768",
resolver.com,443,SecP256r1MLKEM768,NO,,,"",handshake_failure
resolver.com,443,SecP384r1MLKEM1024,NO,,,"",handshake_failure
resolver.com,443,MLKEM512,NO,,,"",handshake_failure
resolver.com,443,MLKEM768,NO,,,"",handshake_failure
resolver.com,443,MLKEM1024,NO,,,"",handshake_failure
diligent.com,443,X25519MLKEM768,NO,,,"",handshake_failure
diligent.com,443,SecP256r1MLKEM768,NO,,,"",handshake_failure
diligent.com,443,SecP384r1MLKEM1024,NO,,,"",handshake_failure
diligent.com,443,MLKEM512,NO,,,"",handshake_failure
diligent.com,443,MLKEM768,NO,,,"",handshake_failure
diligent.com,443,MLKEM1024,NO,,,"",handshake_failure
galvanize.com,443,X25519MLKEM768,YES,TLS_AES_256_GCM_SHA384,,"X25519MLKEM768",
galvanize.com,443,SecP256r1MLKEM768,NO,,,"",handshake_failure
galvanize.com,443,SecP384r1MLKEM1024,NO,,,"",handshake_failure
galvanize.com,443,MLKEM512,NO,,,"",handshake_failure
galvanize.com,443,MLKEM768,NO,,,"",handshake_failure
galvanize.com,443,MLKEM1024,NO,,,"",handshake_failure
metricstream.com,443,X25519MLKEM768,YES,TLS_AES_128_GCM_SHA256,TLSv1.3,"X25519MLKEM768",
metricstream.com,443,SecP256r1MLKEM768,NO,,,"",handshake_failure
metricstream.com,443,SecP384r1MLKEM1024,NO,,,"",handshake_failure
metricstream.com,443,MLKEM512,NO,,,"",handshake_failure
metricstream.com,443,MLKEM768,NO,,,"",handshake_failure
metricstream.com,443,MLKEM1024,NO,,,"",handshake_failure
sai360.com,443,X25519MLKEM768,YES,TLS_AES_256_GCM_SHA384,,"X25519MLKEM768",
sai360.com,443,SecP256r1MLKEM768,NO,,,"",handshake_failure
sai360.com,443,SecP384r1MLKEM1024,NO,,,"",handshake_failure
sai360.com,443,MLKEM512,NO,,,"",handshake_failure
sai360.com,443,MLKEM768,NO,,,"",handshake_failure
sai360.com,443,MLKEM1024,NO,,,"",handshake_failure
ideagen.com,443,X25519MLKEM768,YES,TLS_AES_128_GCM_SHA256,TLSv1.3,"X25519MLKEM768",
ideagen.com,443,SecP256r1MLKEM768,NO,,,"",handshake_failure
ideagen.com,443,SecP384r1MLKEM1024,NO,,,"",handshake_failure
ideagen.com,443,MLKEM512,NO,,,"",handshake_failure
ideagen.com,443,MLKEM768,NO,,,"",handshake_failure
ideagen.com,443,MLKEM1024,NO,,,"",handshake_failure
navex.com,443,X25519MLKEM768,NO,,,"",handshake_failure
navex.com,443,SecP256r1MLKEM768,NO,,,"",handshake_failure
navex.com,443,SecP384r1MLKEM1024,NO,,,"",handshake_failure
navex.com,443,MLKEM512,NO,,,"",handshake_failure
navex.com,443,MLKEM768,NO,,,"",handshake_failure
navex.com,443,MLKEM1024,NO,,,"",handshake_failure
riskoptics.com,443,X25519MLKEM768,YES,TLS_AES_128_GCM_SHA256,,"X25519MLKEM768",
riskoptics.com,443,SecP256r1MLKEM768,NO,,,"",handshake_failure
riskoptics.com,443,SecP384r1MLKEM1024,NO,,,"",handshake_failure
riskoptics.com,443,MLKEM512,NO,,,"",handshake_failure
riskoptics.com,443,MLKEM768,NO,,,"",handshake_failure
riskoptics.com,443,MLKEM1024,NO,,,"",handshake_failure
archer.com,443,X25519MLKEM768,YES,TLS_AES_128_GCM_SHA256,TLSv1.3,"X25519MLKEM768",
archer.com,443,SecP256r1MLKEM768,NO,,,"",handshake_failure
archer.com,443,SecP384r1MLKEM1024,NO,,,"",handshake_failure
archer.com,443,MLKEM512,NO,,,"",handshake_failure
archer.com,443,MLKEM768,NO,,,"",handshake_failure
archer.com,443,MLKEM1024,NO,,,"",handshake_failure
onetrust.com,443,X25519MLKEM768,YES,TLS_AES_256_GCM_SHA384,,"X25519MLKEM768",
onetrust.com,443,SecP256r1MLKEM768,NO,,,"",handshake_failure
onetrust.com,443,SecP384r1MLKEM1024,NO,,,"",handshake_failure
onetrust.com,443,MLKEM512,NO,,,"",handshake_failure
onetrust.com,443,MLKEM768,NO,,,"",handshake_failure
onetrust.com,443,MLKEM1024,NO,,,"",handshake_failure
bigid.com,443,X25519MLKEM768,YES,TLS_AES_256_GCM_SHA384,,"X25519MLKEM768",
bigid.com,443,SecP256r1MLKEM768,NO,,,"",handshake_failure
bigid.com,443,SecP384r1MLKEM1024,NO,,,"",handshake_failure
bigid.com,443,MLKEM512,NO,,,"",handshake_failure
bigid.com,443,MLKEM768,NO,,,"",handshake_failure
bigid.com,443,MLKEM1024,NO,,,"",handshake_failure
securiti.ai,443,X25519MLKEM768,YES,TLS_AES_256_GCM_SHA384,,"X25519MLKEM768",
securiti.ai,443,SecP256r1MLKEM768,NO,,,"",handshake_failure
securiti.ai,443,SecP384r1MLKEM1024,NO,,,"",handshake_failure
securiti.ai,443,MLKEM512,NO,,,"",handshake_failure
securiti.ai,443,MLKEM768,NO,,,"",handshake_failure
securiti.ai,443,MLKEM1024,NO,,,"",handshake_failure
vcomply.com,443,X25519MLKEM768,ERROR,,,"",connection_failed
suade.org,443,X25519MLKEM768,YES,TLS_AES_256_GCM_SHA384,,"X25519MLKEM768",
suade.org,443,SecP256r1MLKEM768,NO,,,"",handshake_failure
suade.org,443,SecP384r1MLKEM1024,NO,,,"",handshake_failure
suade.org,443,MLKEM512,NO,,,"",handshake_failure
suade.org,443,MLKEM768,NO,,,"",handshake_failure
suade.org,443,MLKEM1024,NO,,,"",handshake_failure
corlytics.com,443,X25519MLKEM768,YES,TLS_AES_256_GCM_SHA384,,"X25519MLKEM768",
corlytics.com,443,SecP256r1MLKEM768,NO,,,"",handshake_failure
corlytics.com,443,SecP384r1MLKEM1024,NO,,,"",handshake_failure
corlytics.com,443,MLKEM512,NO,,,"",handshake_failure
corlytics.com,443,MLKEM768,NO,,,"",handshake_failure
corlytics.com,443,MLKEM1024,NO,,,"",handshake_failure
clausematch.com,443,X25519MLKEM768,YES,TLS_AES_128_GCM_SHA256,,"X25519MLKEM768",
clausematch.com,443,SecP256r1MLKEM768,YES,TLS_AES_128_GCM_SHA256,,"SecP256r1MLKEM768",
clausematch.com,443,SecP384r1MLKEM1024,NO,,,"",unsupported_or_unknown
clausematch.com,443,MLKEM512,NO,,,"",unsupported_or_unknown
clausematch.com,443,MLKEM768,NO,,,"",unsupported_or_unknown
clausematch.com,443,MLKEM1024,NO,,,"",unsupported_or_unknown
ascent.io,443,X25519MLKEM768,NO,,,"",handshake_failure
ascent.io,443,SecP256r1MLKEM768,NO,,,"",handshake_failure
ascent.io,443,SecP384r1MLKEM1024,NO,,,"",handshake_failure
ascent.io,443,MLKEM512,NO,,,"",handshake_failure
ascent.io,443,MLKEM768,NO,,,"",handshake_failure
ascent.io,443,MLKEM1024,NO,,,"",handshake_failure
cube.global,443,X25519MLKEM768,YES,TLS_AES_256_GCM_SHA384,,"X25519MLKEM768",
cube.global,443,SecP256r1MLKEM768,NO,,,"",handshake_failure
cube.global,443,SecP384r1MLKEM1024,NO,,,"",handshake_failure
cube.global,443,MLKEM512,NO,,,"",handshake_failure
cube.global,443,MLKEM768,NO,,,"",handshake_failure
cube.global,443,MLKEM1024,NO,,,"",handshake_failure
reg-track.com,443,X25519MLKEM768,NO,,,"",unsupported_or_unknown
reg-track.com,443,SecP256r1MLKEM768,NO,,,"",unsupported_or_unknown
reg-track.com,443,SecP384r1MLKEM1024,NO,,,"",unsupported_or_unknown
reg-track.com,443,MLKEM512,NO,,,"",unsupported_or_unknown
reg-track.com,443,MLKEM768,NO,,,"",unsupported_or_unknown
reg-track.com,443,MLKEM1024,NO,,,"",unsupported_or_unknown
ayasdi.com,443,X25519MLKEM768,YES,TLS_AES_256_GCM_SHA384,,"X25519MLKEM768",
ayasdi.com,443,SecP256r1MLKEM768,NO,,,"",handshake_failure
ayasdi.com,443,SecP384r1MLKEM1024,NO,,,"",handshake_failure
ayasdi.com,443,MLKEM512,NO,,,"",handshake_failure
ayasdi.com,443,MLKEM768,NO,,,"",handshake_failure
ayasdi.com,443,MLKEM1024,NO,,,"",handshake_failure
behavox.com,443,X25519MLKEM768,YES,TLS_AES_256_GCM_SHA384,,"X25519MLKEM768",
behavox.com,443,SecP256r1MLKEM768,NO,,,"",handshake_failure
behavox.com,443,SecP384r1MLKEM1024,NO,,,"",handshake_failure
behavox.com,443,MLKEM512,NO,,,"",handshake_failure
behavox.com,443,MLKEM768,NO,,,"",handshake_failure
behavox.com,443,MLKEM1024,NO,,,"",handshake_failure
globalrelay.com,443,X25519MLKEM768,NO,,,"",handshake_failure
globalrelay.com,443,SecP256r1MLKEM768,NO,,,"",handshake_failure
globalrelay.com,443,SecP384r1MLKEM1024,NO,,,"",handshake_failure
globalrelay.com,443,MLKEM512,NO,,,"",handshake_failure
globalrelay.com,443,MLKEM768,NO,,,"",handshake_failure
globalrelay.com,443,MLKEM1024,NO,,,"",handshake_failure
smarsh.com,443,X25519MLKEM768,YES,TLS_AES_256_GCM_SHA384,,"X25519MLKEM768",
smarsh.com,443,SecP256r1MLKEM768,NO,,,"",handshake_failure
smarsh.com,443,SecP384r1MLKEM1024,NO,,,"",handshake_failure
smarsh.com,443,MLKEM512,NO,,,"",handshake_failure
smarsh.com,443,MLKEM768,NO,,,"",handshake_failure
smarsh.com,443,MLKEM1024,NO,,,"",handshake_failure
proofpoint.com,443,X25519MLKEM768,YES,TLS_AES_128_GCM_SHA256,,"X25519MLKEM768",
proofpoint.com,443,SecP256r1MLKEM768,NO,,,"",handshake_failure
proofpoint.com,443,SecP384r1MLKEM1024,NO,,,"",handshake_failure
proofpoint.com,443,MLKEM512,NO,,,"",handshake_failure
proofpoint.com,443,MLKEM768,NO,,,"",handshake_failure
proofpoint.com,443,MLKEM1024,NO,,,"",handshake_failure
swift.com,443,X25519MLKEM768,NO,,,"",handshake_failure
swift.com,443,SecP256r1MLKEM768,NO,,,"",handshake_failure
swift.com,443,SecP384r1MLKEM1024,NO,,,"",handshake_failure
swift.com,443,MLKEM512,NO,,,"",handshake_failure
swift.com,443,MLKEM768,NO,,,"",handshake_failure
swift.com,443,MLKEM1024,NO,,,"",handshake_failure
iso20022.org,443,X25519MLKEM768,NO,,,"",handshake_failure
iso20022.org,443,SecP256r1MLKEM768,NO,,,"",handshake_failure
iso20022.org,443,SecP384r1MLKEM1024,NO,,,"",handshake_failure
iso20022.org,443,MLKEM512,NO,,,"",handshake_failure
iso20022.org,443,MLKEM768,NO,,,"",handshake_failure
iso20022.org,443,MLKEM1024,NO,,,"",handshake_failure
nacha.org,443,X25519MLKEM768,YES,TLS_AES_128_GCM_SHA256,TLSv1.3,"X25519MLKEM768",
nacha.org,443,SecP256r1MLKEM768,NO,,,"",handshake_failure
nacha.org,443,SecP384r1MLKEM1024,NO,,,"",handshake_failure
nacha.org,443,MLKEM512,NO,,,"",handshake_failure
nacha.org,443,MLKEM768,NO,,,"",handshake_failure
nacha.org,443,MLKEM1024,NO,,,"",handshake_failure
payments.ca,443,X25519MLKEM768,NO,,,"",unsupported_or_unknown
payments.ca,443,SecP256r1MLKEM768,NO,,,"",unsupported_or_unknown
payments.ca,443,SecP384r1MLKEM1024,NO,,,"",unsupported_or_unknown
payments.ca,443,MLKEM512,NO,,,"",unsupported_or_unknown
payments.ca,443,MLKEM768,NO,,,"",unsupported_or_unknown
payments.ca,443,MLKEM1024,NO,,,"",unsupported_or_unknown
bacs.co.uk,443,X25519MLKEM768,NO,,,"",handshake_failure
bacs.co.uk,443,SecP256r1MLKEM768,NO,,,"",handshake_failure
bacs.co.uk,443,SecP384r1MLKEM1024,NO,,,"",handshake_failure
bacs.co.uk,443,MLKEM512,NO,,,"",handshake_failure
bacs.co.uk,443,MLKEM768,NO,,,"",handshake_failure
bacs.co.uk,443,MLKEM1024,NO,,,"",handshake_failure
chaps.co.uk,443,X25519MLKEM768,YES,TLS_AES_256_GCM_SHA384,,"X25519MLKEM768",
chaps.co.uk,443,SecP256r1MLKEM768,NO,,,"",handshake_failure
chaps.co.uk,443,SecP384r1MLKEM1024,NO,,,"",handshake_failure
chaps.co.uk,443,MLKEM512,NO,,,"",handshake_failure
chaps.co.uk,443,MLKEM768,NO,,,"",handshake_failure
chaps.co.uk,443,MLKEM1024,NO,,,"",handshake_failure
ecb.europa.eu,443,X25519MLKEM768,NO,,,"",handshake_failure
ecb.europa.eu,443,SecP256r1MLKEM768,NO,,,"",handshake_failure
ecb.europa.eu,443,SecP384r1MLKEM1024,NO,,,"",handshake_failure
ecb.europa.eu,443,MLKEM512,NO,,,"",handshake_failure
ecb.europa.eu,443,MLKEM768,NO,,,"",handshake_failure
ecb.europa.eu,443,MLKEM1024,NO,,,"",handshake_failure
target-services.eu,443,X25519MLKEM768,ERROR,,,"",connection_failed
sbi-fmo.co.jp,443,X25519MLKEM768,ERROR,,,"",connection_failed
cnaps.com.cn,443,X25519MLKEM768,ERROR,,,"",connection_failed
npci.org.in,443,X25519MLKEM768,NO,,,"",handshake_failure
npci.org.in,443,SecP256r1MLKEM768,NO,,,"",handshake_failure
npci.org.in,443,SecP384r1MLKEM1024,NO,,,"",handshake_failure
npci.org.in,443,MLKEM512,NO,,,"",handshake_failure
npci.org.in,443,MLKEM768,NO,,,"",handshake_failure
npci.org.in,443,MLKEM1024,NO,,,"",handshake_failure
paynow.sg,443,X25519MLKEM768,YES,TLS_AES_256_GCM_SHA384,,"X25519MLKEM768",
paynow.sg,443,SecP256r1MLKEM768,NO,,,"",handshake_failure
paynow.sg,443,SecP384r1MLKEM1024,NO,,,"",handshake_failure
paynow.sg,443,MLKEM512,NO,,,"",handshake_failure
paynow.sg,443,MLKEM768,NO,,,"",handshake_failure
paynow.sg,443,MLKEM1024,NO,,,"",handshake_failure
promptpay.io,443,X25519MLKEM768,YES,TLS_AES_128_GCM_SHA256,,"X25519MLKEM768",
promptpay.io,443,SecP256r1MLKEM768,YES,TLS_AES_128_GCM_SHA256,,"SecP256r1MLKEM768",
promptpay.io,443,SecP384r1MLKEM1024,NO,,,"",unsupported_or_unknown
promptpay.io,443,MLKEM512,NO,,,"",unsupported_or_unknown
promptpay.io,443,MLKEM768,NO,,,"",unsupported_or_unknown
promptpay.io,443,MLKEM1024,NO,,,"",unsupported_or_unknown
duitnow.my,443,X25519MLKEM768,YES,TLS_AES_256_GCM_SHA384,,"X25519MLKEM768",
duitnow.my,443,SecP256r1MLKEM768,NO,,,"",handshake_failure
duitnow.my,443,SecP384r1MLKEM1024,NO,,,"",handshake_failure
duitnow.my,443,MLKEM512,NO,,,"",handshake_failure
duitnow.my,443,MLKEM768,NO,,,"",handshake_failure
duitnow.my,443,MLKEM1024,NO,,,"",handshake_failure
instapay.ph,443,X25519MLKEM768,ERROR,,,"",connection_failed
bi-fast.id,443,X25519MLKEM768,ERROR,,,"",connection_failed
deloitte.com,443,X25519MLKEM768,NO,,,"",handshake_failure
deloitte.com,443,SecP256r1MLKEM768,NO,,,"",handshake_failure
deloitte.com,443,SecP384r1MLKEM1024,NO,,,"",handshake_failure
deloitte.com,443,MLKEM512,NO,,,"",handshake_failure
deloitte.com,443,MLKEM768,NO,,,"",handshake_failure
deloitte.com,443,MLKEM1024,NO,,,"",handshake_failure
ey.com,443,X25519MLKEM768,NO,,,"",handshake_failure
ey.com,443,SecP256r1MLKEM768,NO,,,"",handshake_failure
ey.com,443,SecP384r1MLKEM1024,NO,,,"",handshake_failure
ey.com,443,MLKEM512,NO,,,"",handshake_failure
ey.com,443,MLKEM768,NO,,,"",handshake_failure
ey.com,443,MLKEM1024,NO,,,"",handshake_failure
pwc.com,443,X25519MLKEM768,YES,TLS_AES_128_GCM_SHA256,,"X25519MLKEM768",
pwc.com,443,SecP256r1MLKEM768,NO,,,"",handshake_failure
pwc.com,443,SecP384r1MLKEM1024,NO,,,"",handshake_failure
pwc.com,443,MLKEM512,NO,,,"",handshake_failure
pwc.com,443,MLKEM768,NO,,,"",handshake_failure
pwc.com,443,MLKEM1024,NO,,,"",handshake_failure
kpmg.com,443,X25519MLKEM768,NO,,,"",handshake_failure
kpmg.com,443,SecP256r1MLKEM768,NO,,,"",handshake_failure
kpmg.com,443,SecP384r1MLKEM1024,NO,,,"",handshake_failure
kpmg.com,443,MLKEM512,NO,,,"",handshake_failure
kpmg.com,443,MLKEM768,NO,,,"",handshake_failure
kpmg.com,443,MLKEM1024,NO,,,"",handshake_failure
bdo.com,443,X25519MLKEM768,YES,TLS_AES_256_GCM_SHA384,,"X25519MLKEM768",
bdo.com,443,SecP256r1MLKEM768,NO,,,"",handshake_failure
bdo.com,443,SecP384r1MLKEM1024,NO,,,"",handshake_failure
bdo.com,443,MLKEM512,NO,,,"",handshake_failure
bdo.com,443,MLKEM768,NO,,,"",handshake_failure
bdo.com,443,MLKEM1024,NO,,,"",handshake_failure
rsm.com,443,X25519MLKEM768,NO,,,"",handshake_failure
rsm.com,443,SecP256r1MLKEM768,NO,,,"",handshake_failure
rsm.com,443,SecP384r1MLKEM1024,NO,,,"",handshake_failure
rsm.com,443,MLKEM512,NO,,,"",handshake_failure
rsm.com,443,MLKEM768,NO,,,"",handshake_failure
rsm.com,443,MLKEM1024,NO,,,"",handshake_failure
grantthornton.com,443,X25519MLKEM768,YES,TLS_AES_128_GCM_SHA256,TLSv1.3,"X25519MLKEM768",
grantthornton.com,443,SecP256r1MLKEM768,NO,,,"",handshake_failure
grantthornton.com,443,SecP384r1MLKEM1024,NO,,,"",handshake_failure
grantthornton.com,443,MLKEM512,NO,,,"",handshake_failure
grantthornton.com,443,MLKEM768,NO,,,"",handshake_failure
grantthornton.com,443,MLKEM1024,NO,,,"",handshake_failure
mazars.com,443,X25519MLKEM768,NO,,,"",handshake_failure
mazars.com,443,SecP256r1MLKEM768,NO,,,"",handshake_failure
mazars.com,443,SecP384r1MLKEM1024,NO,,,"",handshake_failure
mazars.com,443,MLKEM512,NO,,,"",handshake_failure
mazars.com,443,MLKEM768,NO,,,"",handshake_failure
mazars.com,443,MLKEM1024,NO,,,"",handshake_failure
bakertilly.com,443,X25519MLKEM768,YES,TLS_AES_256_GCM_SHA384,,"X25519MLKEM768",
bakertilly.com,443,SecP256r1MLKEM768,NO,,,"",handshake_failure
bakertilly.com,443,SecP384r1MLKEM1024,NO,,,"",handshake_failure
bakertilly.com,443,MLKEM512,NO,,,"",handshake_failure
bakertilly.com,443,MLKEM768,NO,,,"",handshake_failure
bakertilly.com,443,MLKEM1024,NO,,,"",handshake_failure
crowe.com,443,X25519MLKEM768,YES,TLS_AES_256_GCM_SHA384,,"X25519MLKEM768",
crowe.com,443,SecP256r1MLKEM768,NO,,,"",handshake_failure
crowe.com,443,SecP384r1MLKEM1024,NO,,,"",handshake_failure
crowe.com,443,MLKEM512,NO,,,"",handshake_failure
crowe.com,443,MLKEM768,NO,,,"",handshake_failure
crowe.com,443,MLKEM1024,NO,,,"",handshake_failure
mooreglobal.com,443,X25519MLKEM768,NO,,,"",handshake_failure
mooreglobal.com,443,SecP256r1MLKEM768,NO,,,"",handshake_failure
mooreglobal.com,443,SecP384r1MLKEM1024,NO,,,"",handshake_failure
mooreglobal.com,443,MLKEM512,NO,,,"",handshake_failure
mooreglobal.com,443,MLKEM768,NO,,,"",handshake_failure
mooreglobal.com,443,MLKEM1024,NO,,,"",handshake_failure
nexia.com,443,X25519MLKEM768,NO,,,"",handshake_failure
nexia.com,443,SecP256r1MLKEM768,NO,,,"",handshake_failure
nexia.com,443,SecP384r1MLKEM1024,NO,,,"",handshake_failure
nexia.com,443,MLKEM512,NO,,,"",handshake_failure
nexia.com,443,MLKEM768,NO,,,"",handshake_failure
nexia.com,443,MLKEM1024,NO,,,"",handshake_failure
hlb.global,443,X25519MLKEM768,YES,TLS_AES_256_GCM_SHA384,,"X25519MLKEM768",
hlb.global,443,SecP256r1MLKEM768,NO,,,"",handshake_failure
hlb.global,443,SecP384r1MLKEM1024,NO,,,"",handshake_failure
hlb.global,443,MLKEM512,NO,,,"",handshake_failure
hlb.global,443,MLKEM768,NO,,,"",handshake_failure
hlb.global,443,MLKEM1024,NO,,,"",handshake_failure
pkf.com,443,X25519MLKEM768,YES,TLS_AES_256_GCM_SHA384,,"X25519MLKEM768",
pkf.com,443,SecP256r1MLKEM768,NO,,,"",handshake_failure
pkf.com,443,SecP384r1MLKEM1024,NO,,,"",handshake_failure
pkf.com,443,MLKEM512,NO,,,"",handshake_failure
pkf.com,443,MLKEM768,NO,,,"",handshake_failure
pkf.com,443,MLKEM1024,NO,,,"",handshake_failure
marcumllp.com,443,X25519MLKEM768,YES,TLS_AES_256_GCM_SHA384,,"X25519MLKEM768",
marcumllp.com,443,SecP256r1MLKEM768,NO,,,"",handshake_failure
marcumllp.com,443,SecP384r1MLKEM1024,NO,,,"",handshake_failure
marcumllp.com,443,MLKEM512,NO,,,"",handshake_failure
marcumllp.com,443,MLKEM768,NO,,,"",handshake_failure
marcumllp.com,443,MLKEM1024,NO,,,"",handshake_failure
cbiz.com,443,X25519MLKEM768,YES,TLS_AES_256_GCM_SHA384,,"X25519MLKEM768",
cbiz.com,443,SecP256r1MLKEM768,NO,,,"",handshake_failure
cbiz.com,443,SecP384r1MLKEM1024,NO,,,"",handshake_failure
cbiz.com,443,MLKEM512,NO,,,"",handshake_failure
cbiz.com,443,MLKEM768,NO,,,"",handshake_failure
cbiz.com,443,MLKEM1024,NO,,,"",handshake_failure
wipfli.com,443,X25519MLKEM768,NO,,,"",handshake_failure
wipfli.com,443,SecP256r1MLKEM768,NO,,,"",handshake_failure
wipfli.com,443,SecP384r1MLKEM1024,NO,,,"",handshake_failure
wipfli.com,443,MLKEM512,NO,,,"",handshake_failure
wipfli.com,443,MLKEM768,NO,,,"",handshake_failure
wipfli.com,443,MLKEM1024,NO,,,"",handshake_failure
eisneramper.com,443,X25519MLKEM768,NO,,,"",unsupported_or_unknown
eisneramper.com,443,SecP256r1MLKEM768,NO,,,"",unsupported_or_unknown
eisneramper.com,443,SecP384r1MLKEM1024,NO,,,"",unsupported_or_unknown
eisneramper.com,443,MLKEM512,NO,,,"",unsupported_or_unknown
eisneramper.com,443,MLKEM768,NO,,,"",unsupported_or_unknown
eisneramper.com,443,MLKEM1024,NO,,,"",unsupported_or_unknown
cla.com,443,X25519MLKEM768,NO,,,"",unsupported_or_unknown
cla.com,443,SecP256r1MLKEM768,NO,,,"",unsupported_or_unknown
cla.com,443,SecP384r1MLKEM1024,NO,,,"",unsupported_or_unknown
cla.com,443,MLKEM512,NO,,,"",unsupported_or_unknown
cla.com,443,MLKEM768,NO,,,"",unsupported_or_unknown
cla.com,443,MLKEM1024,NO,,,"",unsupported_or_unknown
mossadams.com,443,X25519MLKEM768,NO,,,"",protocol_mismatch
mossadams.com,443,SecP256r1MLKEM768,NO,,,"",protocol_mismatch
mossadams.com,443,SecP384r1MLKEM1024,NO,,,"",protocol_mismatch
mossadams.com,443,MLKEM512,NO,,,"",protocol_mismatch
mossadams.com,443,MLKEM768,NO,,,"",protocol_mismatch
mossadams.com,443,MLKEM1024,NO,,,"",protocol_mismatch
mckinsey.com,443,X25519MLKEM768,NO,,,"",handshake_failure
mckinsey.com,443,SecP256r1MLKEM768,NO,,,"",handshake_failure
mckinsey.com,443,SecP384r1MLKEM1024,NO,,,"",handshake_failure
mckinsey.com,443,MLKEM512,NO,,,"",handshake_failure
mckinsey.com,443,MLKEM768,NO,,,"",handshake_failure
mckinsey.com,443,MLKEM1024,NO,,,"",handshake_failure
bcg.com,443,X25519MLKEM768,NO,,,"",handshake_failure
bcg.com,443,SecP256r1MLKEM768,NO,,,"",handshake_failure
bcg.com,443,SecP384r1MLKEM1024,NO,,,"",handshake_failure
bcg.com,443,MLKEM512,NO,,,"",handshake_failure
bcg.com,443,MLKEM768,NO,,,"",handshake_failure
bcg.com,443,MLKEM1024,NO,,,"",handshake_failure
bain.com,443,X25519MLKEM768,YES,TLS_AES_256_GCM_SHA384,,"X25519MLKEM768",
bain.com,443,SecP256r1MLKEM768,NO,,,"",handshake_failure
bain.com,443,SecP384r1MLKEM1024,NO,,,"",handshake_failure
bain.com,443,MLKEM512,NO,,,"",handshake_failure
bain.com,443,MLKEM768,NO,,,"",handshake_failure
bain.com,443,MLKEM1024,NO,,,"",handshake_failure
oliverwyman.com,443,X25519MLKEM768,NO,,,"",unsupported_or_unknown
oliverwyman.com,443,SecP256r1MLKEM768,NO,,,"",unsupported_or_unknown
oliverwyman.com,443,SecP384r1MLKEM1024,NO,,,"",unsupported_or_unknown
oliverwyman.com,443,MLKEM512,NO,,,"",unsupported_or_unknown
oliverwyman.com,443,MLKEM768,NO,,,"",unsupported_or_unknown
oliverwyman.com,443,MLKEM1024,NO,,,"",unsupported_or_unknown
accenture.com,443,X25519MLKEM768,NO,,,"",handshake_failure
accenture.com,443,SecP256r1MLKEM768,NO,,,"",handshake_failure
accenture.com,443,SecP384r1MLKEM1024,NO,,,"",handshake_failure
accenture.com,443,MLKEM512,NO,,,"",handshake_failure
accenture.com,443,MLKEM768,NO,,,"",handshake_failure
accenture.com,443,MLKEM1024,NO,,,"",handshake_failure
capgemini.com,443,X25519MLKEM768,NO,,,"",handshake_failure
capgemini.com,443,SecP256r1MLKEM768,NO,,,"",handshake_failure
capgemini.com,443,SecP384r1MLKEM1024,NO,,,"",handshake_failure
capgemini.com,443,MLKEM512,NO,,,"",handshake_failure
capgemini.com,443,MLKEM768,NO,,,"",handshake_failure
capgemini.com,443,MLKEM1024,NO,,,"",handshake_failure
rolandberger.com,443,X25519MLKEM768,YES,TLS_AES_256_GCM_SHA384,,"X25519MLKEM768",
rolandberger.com,443,SecP256r1MLKEM768,NO,,,"",handshake_failure
rolandberger.com,443,SecP384r1MLKEM1024,NO,,,"",handshake_failure
rolandberger.com,443,MLKEM512,NO,,,"",handshake_failure
rolandberger.com,443,MLKEM768,NO,,,"",handshake_failure
rolandberger.com,443,MLKEM1024,NO,,,"",handshake_failure
lek.com,443,X25519MLKEM768,NO,,,"",protocol_mismatch
lek.com,443,SecP256r1MLKEM768,NO,,,"",protocol_mismatch
lek.com,443,SecP384r1MLKEM1024,NO,,,"",protocol_mismatch
lek.com,443,MLKEM512,NO,,,"",protocol_mismatch
lek.com,443,MLKEM768,NO,,,"",protocol_mismatch
lek.com,443,MLKEM1024,NO,,,"",protocol_mismatch
simonkucher.com,443,X25519MLKEM768,ERROR,,,"",connection_failed
fticonsulting.com,443,X25519MLKEM768,NO,,,"",protocol_mismatch
fticonsulting.com,443,SecP256r1MLKEM768,NO,,,"",protocol_mismatch
fticonsulting.com,443,SecP384r1MLKEM1024,NO,,,"",protocol_mismatch
fticonsulting.com,443,MLKEM512,NO,,,"",protocol_mismatch
fticonsulting.com,443,MLKEM768,NO,,,"",protocol_mismatch
fticonsulting.com,443,MLKEM1024,NO,,,"",protocol_mismatch
alvarezandmarsal.com,443,X25519MLKEM768,ERROR,,,"",connection_failed
hurongroup.com,443,X25519MLKEM768,YES,TLS_AES_128_GCM_SHA256,TLSv1.3,"X25519MLKEM768",
hurongroup.com,443,SecP256r1MLKEM768,NO,,,"",handshake_failure
hurongroup.com,443,SecP384r1MLKEM1024,NO,,,"",handshake_failure
hurongroup.com,443,MLKEM512,NO,,,"",handshake_failure
hurongroup.com,443,MLKEM768,NO,,,"",handshake_failure
hurongroup.com,443,MLKEM1024,NO,,,"",handshake_failure
protiviti.com,443,X25519MLKEM768,NO,,,"",handshake_failure
protiviti.com,443,SecP256r1MLKEM768,NO,,,"",handshake_failure
protiviti.com,443,SecP384r1MLKEM1024,NO,,,"",handshake_failure
protiviti.com,443,MLKEM512,NO,,,"",handshake_failure
protiviti.com,443,MLKEM768,NO,,,"",handshake_failure
protiviti.com,443,MLKEM1024,NO,,,"",handshake_failure
westmonroe.com,443,X25519MLKEM768,YES,TLS_AES_128_GCM_SHA256,TLSv1.3,"X25519MLKEM768",
westmonroe.com,443,SecP256r1MLKEM768,NO,,,"",handshake_failure
westmonroe.com,443,SecP384r1MLKEM1024,NO,,,"",handshake_failure
westmonroe.com,443,MLKEM512,NO,,,"",handshake_failure
westmonroe.com,443,MLKEM768,NO,,,"",handshake_failure
westmonroe.com,443,MLKEM1024,NO,,,"",handshake_failure
slalomsolutions.com,443,X25519MLKEM768,NO,,,"",unsupported_or_unknown
slalomsolutions.com,443,SecP256r1MLKEM768,NO,,,"",unsupported_or_unknown
slalomsolutions.com,443,SecP384r1MLKEM1024,NO,,,"",unsupported_or_unknown
slalomsolutions.com,443,MLKEM512,NO,,,"",unsupported_or_unknown
slalomsolutions.com,443,MLKEM768,NO,,,"",unsupported_or_unknown
slalomsolutions.com,443,MLKEM1024,NO,,,"",unsupported_or_unknown
lemonade.com,443,X25519MLKEM768,YES,TLS_AES_256_GCM_SHA384,,"X25519MLKEM768",
lemonade.com,443,SecP256r1MLKEM768,NO,,,"",handshake_failure
lemonade.com,443,SecP384r1MLKEM1024,NO,,,"",handshake_failure
lemonade.com,443,MLKEM512,NO,,,"",handshake_failure
lemonade.com,443,MLKEM768,NO,,,"",handshake_failure
lemonade.com,443,MLKEM1024,NO,,,"",handshake_failure
root.com,443,X25519MLKEM768,YES,TLS_AES_256_GCM_SHA384,,"X25519MLKEM768",
root.com,443,SecP256r1MLKEM768,NO,,,"",handshake_failure
root.com,443,SecP384r1MLKEM1024,NO,,,"",handshake_failure
root.com,443,MLKEM512,NO,,,"",handshake_failure
root.com,443,MLKEM768,NO,,,"",handshake_failure
root.com,443,MLKEM1024,NO,,,"",handshake_failure
hippo.com,443,X25519MLKEM768,YES,TLS_AES_128_GCM_SHA256,,"X25519MLKEM768",
hippo.com,443,SecP256r1MLKEM768,YES,TLS_AES_128_GCM_SHA256,,"SecP256r1MLKEM768",
hippo.com,443,SecP384r1MLKEM1024,NO,,,"",unsupported_or_unknown
hippo.com,443,MLKEM512,NO,,,"",unsupported_or_unknown
hippo.com,443,MLKEM768,NO,,,"",unsupported_or_unknown
hippo.com,443,MLKEM1024,NO,,,"",unsupported_or_unknown
next-insurance.com,443,X25519MLKEM768,NO,,,"",unsupported_or_unknown
next-insurance.com,443,SecP256r1MLKEM768,NO,,,"",unsupported_or_unknown
next-insurance.com,443,SecP384r1MLKEM1024,NO,,,"",unsupported_or_unknown
next-insurance.com,443,MLKEM512,NO,,,"",unsupported_or_unknown
next-insurance.com,443,MLKEM768,NO,,,"",unsupported_or_unknown
next-insurance.com,443,MLKEM1024,NO,,,"",unsupported_or_unknown
newfront.com,443,X25519MLKEM768,NO,,,"",unsupported_or_unknown
newfront.com,443,SecP256r1MLKEM768,NO,,,"",unsupported_or_unknown
newfront.com,443,SecP384r1MLKEM1024,NO,,,"",unsupported_or_unknown
newfront.com,443,MLKEM512,NO,,,"",unsupported_or_unknown
newfront.com,443,MLKEM768,NO,,,"",unsupported_or_unknown
newfront.com,443,MLKEM1024,NO,,,"",unsupported_or_unknown
wefox.com,443,X25519MLKEM768,NO,,,"",handshake_failure
wefox.com,443,SecP256r1MLKEM768,NO,,,"",handshake_failure
wefox.com,443,SecP384r1MLKEM1024,NO,,,"",handshake_failure
wefox.com,443,MLKEM512,NO,,,"",handshake_failure
wefox.com,443,MLKEM768,NO,,,"",handshake_failure
wefox.com,443,MLKEM1024,NO,,,"",handshake_failure
alan.com,443,X25519MLKEM768,YES,TLS_AES_256_GCM_SHA384,,"X25519MLKEM768",
alan.com,443,SecP256r1MLKEM768,NO,,,"",handshake_failure
alan.com,443,SecP384r1MLKEM1024,NO,,,"",handshake_failure
alan.com,443,MLKEM512,NO,,,"",handshake_failure
alan.com,443,MLKEM768,NO,,,"",handshake_failure
alan.com,443,MLKEM1024,NO,,,"",handshake_failure
zego.com,443,X25519MLKEM768,YES,TLS_AES_256_GCM_SHA384,,"X25519MLKEM768",
zego.com,443,SecP256r1MLKEM768,NO,,,"",handshake_failure
zego.com,443,SecP384r1MLKEM1024,NO,,,"",handshake_failure
zego.com,443,MLKEM512,NO,,,"",handshake_failure
zego.com,443,MLKEM768,NO,,,"",handshake_failure
zego.com,443,MLKEM1024,NO,,,"",handshake_failure
marshmallow.com,443,X25519MLKEM768,YES,TLS_AES_128_GCM_SHA256,,"X25519MLKEM768",
marshmallow.com,443,SecP256r1MLKEM768,YES,TLS_AES_128_GCM_SHA256,,"SecP256r1MLKEM768",
marshmallow.com,443,SecP384r1MLKEM1024,NO,,,"",unsupported_or_unknown
marshmallow.com,443,MLKEM512,NO,,,"",unsupported_or_unknown
marshmallow.com,443,MLKEM768,NO,,,"",unsupported_or_unknown
marshmallow.com,443,MLKEM1024,NO,,,"",unsupported_or_unknown
clearcover.com,443,X25519MLKEM768,YES,TLS_AES_128_GCM_SHA256,,"X25519MLKEM768",
clearcover.com,443,SecP256r1MLKEM768,YES,TLS_AES_128_GCM_SHA256,,"SecP256r1MLKEM768",
clearcover.com,443,SecP384r1MLKEM1024,NO,,,"",unsupported_or_unknown
clearcover.com,443,MLKEM512,NO,,,"",unsupported_or_unknown
clearcover.com,443,MLKEM768,NO,,,"",unsupported_or_unknown
clearcover.com,443,MLKEM1024,NO,,,"",unsupported_or_unknown
branch.com,443,X25519MLKEM768,NO,,,"",handshake_failure
branch.com,443,SecP256r1MLKEM768,NO,,,"",handshake_failure
branch.com,443,SecP384r1MLKEM1024,NO,,,"",handshake_failure
branch.com,443,MLKEM512,NO,,,"",handshake_failure
branch.com,443,MLKEM768,NO,,,"",handshake_failure
branch.com,443,MLKEM1024,NO,,,"",handshake_failure
openly.com,443,X25519MLKEM768,YES,TLS_AES_256_GCM_SHA384,,"X25519MLKEM768",
openly.com,443,SecP256r1MLKEM768,NO,,,"",handshake_failure
openly.com,443,SecP384r1MLKEM1024,NO,,,"",handshake_failure
openly.com,443,MLKEM512,NO,,,"",handshake_failure
openly.com,443,MLKEM768,NO,,,"",handshake_failure
openly.com,443,MLKEM1024,NO,,,"",handshake_failure
kin.com,443,X25519MLKEM768,NO,,,"",protocol_mismatch
kin.com,443,SecP256r1MLKEM768,NO,,,"",protocol_mismatch
kin.com,443,SecP384r1MLKEM1024,NO,,,"",protocol_mismatch
kin.com,443,MLKEM512,NO,,,"",protocol_mismatch
kin.com,443,MLKEM768,NO,,,"",protocol_mismatch
kin.com,443,MLKEM1024,NO,,,"",protocol_mismatch
doma.com,443,X25519MLKEM768,YES,TLS_AES_256_GCM_SHA384,,"X25519MLKEM768",
doma.com,443,SecP256r1MLKEM768,NO,,,"",handshake_failure
doma.com,443,SecP384r1MLKEM1024,NO,,,"",handshake_failure
doma.com,443,MLKEM512,NO,,,"",handshake_failure
doma.com,443,MLKEM768,NO,,,"",handshake_failure
doma.com,443,MLKEM1024,NO,,,"",handshake_failure
blend.com,443,X25519MLKEM768,NO,,,"",protocol_mismatch
blend.com,443,SecP256r1MLKEM768,NO,,,"",protocol_mismatch
blend.com,443,SecP384r1MLKEM1024,NO,,,"",protocol_mismatch
blend.com,443,MLKEM512,NO,,,"",protocol_mismatch
blend.com,443,MLKEM768,NO,,,"",protocol_mismatch
blend.com,443,MLKEM1024,NO,,,"",protocol_mismatch
cover-genius.com,443,X25519MLKEM768,ERROR,,,"",connection_failed
tractable.ai,443,X25519MLKEM768,NO,,,"",handshake_failure
tractable.ai,443,SecP256r1MLKEM768,NO,,,"",handshake_failure
tractable.ai,443,SecP384r1MLKEM1024,NO,,,"",handshake_failure
tractable.ai,443,MLKEM512,NO,,,"",handshake_failure
tractable.ai,443,MLKEM768,NO,,,"",handshake_failure
tractable.ai,443,MLKEM1024,NO,,,"",handshake_failure
shift-technology.com,443,X25519MLKEM768,NO,,,"",handshake_failure
shift-technology.com,443,SecP256r1MLKEM768,NO,,,"",handshake_failure
shift-technology.com,443,SecP384r1MLKEM1024,NO,,,"",handshake_failure
shift-technology.com,443,MLKEM512,NO,,,"",handshake_failure
shift-technology.com,443,MLKEM768,NO,,,"",handshake_failure
shift-technology.com,443,MLKEM1024,NO,,,"",handshake_failure
cytora.com,443,X25519MLKEM768,YES,TLS_AES_256_GCM_SHA384,,"X25519MLKEM768",
cytora.com,443,SecP256r1MLKEM768,NO,,,"",handshake_failure
cytora.com,443,SecP384r1MLKEM1024,NO,,,"",handshake_failure
cytora.com,443,MLKEM512,NO,,,"",handshake_failure
cytora.com,443,MLKEM768,NO,,,"",handshake_failure
cytora.com,443,MLKEM1024,NO,,,"",handshake_failure
hyperexponential.com,443,X25519MLKEM768,YES,TLS_AES_128_GCM_SHA256,TLSv1.3,"X25519MLKEM768",
hyperexponential.com,443,SecP256r1MLKEM768,NO,,,"",handshake_failure
hyperexponential.com,443,SecP384r1MLKEM1024,NO,,,"",handshake_failure
hyperexponential.com,443,MLKEM512,NO,,,"",handshake_failure
hyperexponential.com,443,MLKEM768,NO,,,"",handshake_failure
hyperexponential.com,443,MLKEM1024,NO,,,"",handshake_failure
zesty.ai,443,X25519MLKEM768,YES,TLS_AES_256_GCM_SHA384,,"X25519MLKEM768",
zesty.ai,443,SecP256r1MLKEM768,NO,,,"",handshake_failure
zesty.ai,443,SecP384r1MLKEM1024,NO,,,"",handshake_failure
zesty.ai,443,MLKEM512,NO,,,"",handshake_failure
zesty.ai,443,MLKEM768,NO,,,"",handshake_failure
zesty.ai,443,MLKEM1024,NO,,,"",handshake_failure
cape-analytics.com,443,X25519MLKEM768,ERROR,,,"",connection_failed
tensorflight.com,443,X25519MLKEM768,NO,,,"",handshake_failure
tensorflight.com,443,SecP256r1MLKEM768,NO,,,"",handshake_failure
tensorflight.com,443,SecP384r1MLKEM1024,NO,,,"",handshake_failure
tensorflight.com,443,MLKEM512,NO,,,"",handshake_failure
tensorflight.com,443,MLKEM768,NO,,,"",handshake_failure
tensorflight.com,443,MLKEM1024,NO,,,"",handshake_failure
earlywarning.com,443,X25519MLKEM768,YES,TLS_AES_256_GCM_SHA384,,"X25519MLKEM768",
earlywarning.com,443,SecP256r1MLKEM768,NO,,,"",handshake_failure
earlywarning.com,443,SecP384r1MLKEM1024,NO,,,"",handshake_failure
earlywarning.com,443,MLKEM512,NO,,,"",handshake_failure
earlywarning.com,443,MLKEM768,NO,,,"",handshake_failure
earlywarning.com,443,MLKEM1024,NO,,,"",handshake_failure
guidewire.com,443,X25519MLKEM768,YES,TLS_AES_128_GCM_SHA256,TLSv1.3,"X25519MLKEM768",
guidewire.com,443,SecP256r1MLKEM768,NO,,,"",handshake_failure
guidewire.com,443,SecP384r1MLKEM1024,NO,,,"",handshake_failure
guidewire.com,443,MLKEM512,NO,,,"",handshake_failure
guidewire.com,443,MLKEM768,NO,,,"",handshake_failure
guidewire.com,443,MLKEM1024,NO,,,"",handshake_failure
duck-creek.com,443,X25519MLKEM768,NO,,,"",handshake_failure
duck-creek.com,443,SecP256r1MLKEM768,NO,,,"",handshake_failure
duck-creek.com,443,SecP384r1MLKEM1024,NO,,,"",handshake_failure
duck-creek.com,443,MLKEM512,NO,,,"",handshake_failure
duck-creek.com,443,MLKEM768,NO,,,"",handshake_failure
duck-creek.com,443,MLKEM1024,NO,,,"",handshake_failure
majesco.com,443,X25519MLKEM768,YES,TLS_AES_128_GCM_SHA256,,"X25519MLKEM768",
majesco.com,443,SecP256r1MLKEM768,NO,,,"",handshake_failure
majesco.com,443,SecP384r1MLKEM1024,NO,,,"",handshake_failure
majesco.com,443,MLKEM512,NO,,,"",handshake_failure
majesco.com,443,MLKEM768,NO,,,"",handshake_failure
majesco.com,443,MLKEM1024,NO,,,"",handshake_failure
unqork.com,443,X25519MLKEM768,YES,TLS_AES_256_GCM_SHA384,,"X25519MLKEM768",
unqork.com,443,SecP256r1MLKEM768,NO,,,"",handshake_failure
unqork.com,443,SecP384r1MLKEM1024,NO,,,"",handshake_failure
unqork.com,443,MLKEM512,NO,,,"",handshake_failure
unqork.com,443,MLKEM768,NO,,,"",handshake_failure
unqork.com,443,MLKEM1024,NO,,,"",handshake_failure
socotra.com,443,X25519MLKEM768,YES,TLS_AES_256_GCM_SHA384,,"X25519MLKEM768",
socotra.com,443,SecP256r1MLKEM768,NO,,,"",handshake_failure
socotra.com,443,SecP384r1MLKEM1024,NO,,,"",handshake_failure
socotra.com,443,MLKEM512,NO,,,"",handshake_failure
socotra.com,443,MLKEM768,NO,,,"",handshake_failure
socotra.com,443,MLKEM1024,NO,,,"",handshake_failure
britecore.com,443,X25519MLKEM768,YES,TLS_AES_256_GCM_SHA384,,"X25519MLKEM768",
britecore.com,443,SecP256r1MLKEM768,NO,,,"",handshake_failure
britecore.com,443,SecP384r1MLKEM1024,NO,,,"",handshake_failure
britecore.com,443,MLKEM512,NO,,,"",handshake_failure
britecore.com,443,MLKEM768,NO,,,"",handshake_failure
britecore.com,443,MLKEM1024,NO,,,"",handshake_failure
finastra.com,443,X25519MLKEM768,NO,,,"",handshake_failure
finastra.com,443,SecP256r1MLKEM768,NO,,,"",handshake_failure
finastra.com,443,SecP384r1MLKEM1024,NO,,,"",handshake_failure
finastra.com,443,MLKEM512,NO,,,"",handshake_failure
finastra.com,443,MLKEM768,NO,,,"",handshake_failure
finastra.com,443,MLKEM1024,NO,,,"",handshake_failure
temenos.com,443,X25519MLKEM768,NO,,,"",protocol_mismatch
temenos.com,443,SecP256r1MLKEM768,NO,,,"",protocol_mismatch
temenos.com,443,SecP384r1MLKEM1024,NO,,,"",protocol_mismatch
temenos.com,443,MLKEM512,NO,,,"",protocol_mismatch
temenos.com,443,MLKEM768,NO,,,"",protocol_mismatch
temenos.com,443,MLKEM1024,NO,,,"",protocol_mismatch
fiserv.com,443,X25519MLKEM768,YES,TLS_AES_128_GCM_SHA256,TLSv1.3,"X25519MLKEM768",
fiserv.com,443,SecP256r1MLKEM768,NO,,,"",handshake_failure
fiserv.com,443,SecP384r1MLKEM1024,NO,,,"",handshake_failure
fiserv.com,443,MLKEM512,NO,,,"",handshake_failure
fiserv.com,443,MLKEM768,NO,,,"",handshake_failure
fiserv.com,443,MLKEM1024,NO,,,"",handshake_failure
fisglobal.com,443,X25519MLKEM768,NO,,,"",handshake_failure
fisglobal.com,443,SecP256r1MLKEM768,NO,,,"",handshake_failure
fisglobal.com,443,SecP384r1MLKEM1024,NO,,,"",handshake_failure
fisglobal.com,443,MLKEM512,NO,,,"",handshake_failure
fisglobal.com,443,MLKEM768,NO,,,"",handshake_failure
fisglobal.com,443,MLKEM1024,NO,,,"",handshake_failure
jackhenry.com,443,X25519MLKEM768,YES,TLS_AES_256_GCM_SHA384,,"X25519MLKEM768",
jackhenry.com,443,SecP256r1MLKEM768,NO,,,"",handshake_failure
jackhenry.com,443,SecP384r1MLKEM1024,NO,,,"",handshake_failure
jackhenry.com,443,MLKEM512,NO,,,"",handshake_failure
jackhenry.com,443,MLKEM768,NO,,,"",handshake_failure
jackhenry.com,443,MLKEM1024,NO,,,"",handshake_failure
ncr.com,443,X25519MLKEM768,NO,,,"",unsupported_or_unknown
ncr.com,443,SecP256r1MLKEM768,NO,,,"",unsupported_or_unknown
ncr.com,443,SecP384r1MLKEM1024,NO,,,"",unsupported_or_unknown
ncr.com,443,MLKEM512,NO,,,"",unsupported_or_unknown
ncr.com,443,MLKEM768,NO,,,"",unsupported_or_unknown
ncr.com,443,MLKEM1024,NO,,,"",unsupported_or_unknown
aci.com,443,X25519MLKEM768,NO,,,"",unsupported_or_unknown
aci.com,443,SecP256r1MLKEM768,NO,,,"",unsupported_or_unknown
aci.com,443,SecP384r1MLKEM1024,NO,,,"",unsupported_or_unknown
aci.com,443,MLKEM512,NO,,,"",unsupported_or_unknown
aci.com,443,MLKEM768,NO,,,"",unsupported_or_unknown
aci.com,443,MLKEM1024,NO,,,"",unsupported_or_unknown
bottomline.com,443,X25519MLKEM768,NO,,,"",protocol_mismatch
bottomline.com,443,SecP256r1MLKEM768,NO,,,"",protocol_mismatch
bottomline.com,443,SecP384r1MLKEM1024,NO,,,"",protocol_mismatch
bottomline.com,443,MLKEM512,NO,,,"",protocol_mismatch
bottomline.com,443,MLKEM768,NO,,,"",protocol_mismatch
bottomline.com,443,MLKEM1024,NO,,,"",protocol_mismatch
opentext.com,443,X25519MLKEM768,NO,,,"",handshake_failure
opentext.com,443,SecP256r1MLKEM768,NO,,,"",handshake_failure
opentext.com,443,SecP384r1MLKEM1024,NO,,,"",handshake_failure
opentext.com,443,MLKEM512,NO,,,"",handshake_failure
opentext.com,443,MLKEM768,NO,,,"",handshake_failure
opentext.com,443,MLKEM1024,NO,,,"",handshake_failure
calypso.com,443,X25519MLKEM768,ERROR,,,"",connection_failed
murex.com,443,X25519MLKEM768,YES,TLS_AES_128_GCM_SHA256,TLSv1.3,"X25519MLKEM768",
murex.com,443,SecP256r1MLKEM768,NO,,,"",handshake_failure
murex.com,443,SecP384r1MLKEM1024,NO,,,"",handshake_failure
murex.com,443,MLKEM512,NO,,,"",handshake_failure
murex.com,443,MLKEM768,NO,,,"",handshake_failure
murex.com,443,MLKEM1024,NO,,,"",handshake_failure
oracle.com,443,X25519MLKEM768,NO,,,"",protocol_mismatch
oracle.com,443,SecP256r1MLKEM768,NO,,,"",protocol_mismatch
oracle.com,443,SecP384r1MLKEM1024,NO,,,"",protocol_mismatch
oracle.com,443,MLKEM512,NO,,,"",protocol_mismatch
oracle.com,443,MLKEM768,NO,,,"",protocol_mismatch
oracle.com,443,MLKEM1024,NO,,,"",protocol_mismatch
sap.com,443,X25519MLKEM768,YES,TLS_AES_256_GCM_SHA384,,"X25519MLKEM768",
sap.com,443,SecP256r1MLKEM768,NO,,,"",handshake_failure
sap.com,443,SecP384r1MLKEM1024,NO,,,"",handshake_failure
sap.com,443,MLKEM512,NO,,,"",handshake_failure
sap.com,443,MLKEM768,NO,,,"",handshake_failure
sap.com,443,MLKEM1024,NO,,,"",handshake_failure
infosys.com,443,X25519MLKEM768,NO,,,"",unsupported_or_unknown
infosys.com,443,SecP256r1MLKEM768,NO,,,"",unsupported_or_unknown
infosys.com,443,SecP384r1MLKEM1024,NO,,,"",unsupported_or_unknown
infosys.com,443,MLKEM512,NO,,,"",unsupported_or_unknown
infosys.com,443,MLKEM768,NO,,,"",unsupported_or_unknown
infosys.com,443,MLKEM1024,NO,,,"",unsupported_or_unknown
tcs.com,443,X25519MLKEM768,NO,,,"",handshake_failure
tcs.com,443,SecP256r1MLKEM768,NO,,,"",handshake_failure
tcs.com,443,SecP384r1MLKEM1024,NO,,,"",handshake_failure
tcs.com,443,MLKEM512,NO,,,"",handshake_failure
tcs.com,443,MLKEM768,NO,,,"",handshake_failure
tcs.com,443,MLKEM1024,NO,,,"",handshake_failure
wipro.com,443,X25519MLKEM768,NO,,,"",handshake_failure
wipro.com,443,SecP256r1MLKEM768,NO,,,"",handshake_failure
wipro.com,443,SecP384r1MLKEM1024,NO,,,"",handshake_failure
wipro.com,443,MLKEM512,NO,,,"",handshake_failure
wipro.com,443,MLKEM768,NO,,,"",handshake_failure
wipro.com,443,MLKEM1024,NO,,,"",handshake_failure
hcl.com,443,X25519MLKEM768,NO,,,"",handshake_failure
hcl.com,443,SecP256r1MLKEM768,NO,,,"",handshake_failure
hcl.com,443,SecP384r1MLKEM1024,NO,,,"",handshake_failure
hcl.com,443,MLKEM512,NO,,,"",handshake_failure
hcl.com,443,MLKEM768,NO,,,"",handshake_failure
hcl.com,443,MLKEM1024,NO,,,"",handshake_failure
cognizant.com,443,X25519MLKEM768,YES,TLS_AES_128_GCM_SHA256,TLSv1.3,"X25519MLKEM768",
cognizant.com,443,SecP256r1MLKEM768,NO,,,"",handshake_failure
cognizant.com,443,SecP384r1MLKEM1024,NO,,,"",handshake_failure
cognizant.com,443,MLKEM512,NO,,,"",handshake_failure
cognizant.com,443,MLKEM768,NO,,,"",handshake_failure
cognizant.com,443,MLKEM1024,NO,,,"",handshake_failure
dxc.com,443,X25519MLKEM768,YES,TLS_AES_128_GCM_SHA256,TLSv1.3,"X25519MLKEM768",
dxc.com,443,SecP256r1MLKEM768,NO,,,"",handshake_failure
dxc.com,443,SecP384r1MLKEM1024,NO,,,"",handshake_failure
dxc.com,443,MLKEM512,NO,,,"",handshake_failure
dxc.com,443,MLKEM768,NO,,,"",handshake_failure
dxc.com,443,MLKEM1024,NO,,,"",handshake_failure
synechron.com,443,X25519MLKEM768,YES,TLS_AES_128_GCM_SHA256,,"X25519MLKEM768",
synechron.com,443,SecP256r1MLKEM768,NO,,,"",handshake_failure
synechron.com,443,SecP384r1MLKEM1024,NO,,,"",handshake_failure
synechron.com,443,MLKEM512,NO,,,"",handshake_failure
synechron.com,443,MLKEM768,NO,,,"",handshake_failure
synechron.com,443,MLKEM1024,NO,,,"",handshake_failure
luxoft.com,443,X25519MLKEM768,NO,,,"",handshake_failure
luxoft.com,443,SecP256r1MLKEM768,NO,,,"",handshake_failure
luxoft.com,443,SecP384r1MLKEM1024,NO,,,"",handshake_failure
luxoft.com,443,MLKEM512,NO,,,"",handshake_failure
luxoft.com,443,MLKEM768,NO,,,"",handshake_failure
luxoft.com,443,MLKEM1024,NO,,,"",handshake_failure
epam.com,443,X25519MLKEM768,YES,TLS_AES_256_GCM_SHA384,,"X25519MLKEM768",
epam.com,443,SecP256r1MLKEM768,NO,,,"",handshake_failure
epam.com,443,SecP384r1MLKEM1024,NO,,,"",handshake_failure
epam.com,443,MLKEM512,NO,,,"",handshake_failure
epam.com,443,MLKEM768,NO,,,"",handshake_failure
epam.com,443,MLKEM1024,NO,,,"",handshake_failure
endava.com,443,X25519MLKEM768,YES,TLS_AES_256_GCM_SHA384,,"X25519MLKEM768",
endava.com,443,SecP256r1MLKEM768,NO,,,"",handshake_failure
endava.com,443,SecP384r1MLKEM1024,NO,,,"",handshake_failure
endava.com,443,MLKEM512,NO,,,"",handshake_failure
endava.com,443,MLKEM768,NO,,,"",handshake_failure
endava.com,443,MLKEM1024,NO,,,"",handshake_failure
globant.com,443,X25519MLKEM768,YES,TLS_CHACHA20_POLY1305_SHA256,,"X25519MLKEM768",
globant.com,443,SecP256r1MLKEM768,NO,,,"",handshake_failure
globant.com,443,SecP384r1MLKEM1024,NO,,,"",handshake_failure
globant.com,443,MLKEM512,NO,,,"",handshake_failure
globant.com,443,MLKEM768,NO,,,"",handshake_failure
globant.com,443,MLKEM1024,NO,,,"",handshake_failure
thoughtworks.com,443,X25519MLKEM768,YES,TLS_AES_128_GCM_SHA256,,"X25519MLKEM768",
thoughtworks.com,443,SecP256r1MLKEM768,YES,TLS_AES_128_GCM_SHA256,,"SecP256r1MLKEM768",
thoughtworks.com,443,SecP384r1MLKEM1024,NO,,,"",unsupported_or_unknown
thoughtworks.com,443,MLKEM512,NO,,,"",unsupported_or_unknown
thoughtworks.com,443,MLKEM768,NO,,,"",unsupported_or_unknown
thoughtworks.com,443,MLKEM1024,NO,,,"",unsupported_or_unknown
capco.com,443,X25519MLKEM768,NO,,,"",protocol_mismatch
capco.com,443,SecP256r1MLKEM768,NO,,,"",protocol_mismatch
capco.com,443,SecP384r1MLKEM1024,NO,,,"",protocol_mismatch
capco.com,443,MLKEM512,NO,,,"",protocol_mismatch
capco.com,443,MLKEM768,NO,,,"",protocol_mismatch
capco.com,443,MLKEM1024,NO,,,"",protocol_mismatch
crowdstrike.com,443,X25519MLKEM768,YES,TLS_AES_256_GCM_SHA384,,"X25519MLKEM768",
crowdstrike.com,443,SecP256r1MLKEM768,NO,,,"",handshake_failure
crowdstrike.com,443,SecP384r1MLKEM1024,NO,,,"",handshake_failure
crowdstrike.com,443,MLKEM512,NO,,,"",handshake_failure
crowdstrike.com,443,MLKEM768,NO,,,"",handshake_failure
crowdstrike.com,443,MLKEM1024,NO,,,"",handshake_failure
paloaltonetworks.com,443,X25519MLKEM768,NO,,,"",handshake_failure
paloaltonetworks.com,443,SecP256r1MLKEM768,NO,,,"",handshake_failure
paloaltonetworks.com,443,SecP384r1MLKEM1024,NO,,,"",handshake_failure
paloaltonetworks.com,443,MLKEM512,NO,,,"",handshake_failure
paloaltonetworks.com,443,MLKEM768,NO,,,"",handshake_failure
paloaltonetworks.com,443,MLKEM1024,NO,,,"",handshake_failure
fortinet.com,443,X25519MLKEM768,NO,,,"",handshake_failure
fortinet.com,443,SecP256r1MLKEM768,NO,,,"",handshake_failure
fortinet.com,443,SecP384r1MLKEM1024,NO,,,"",handshake_failure
fortinet.com,443,MLKEM512,NO,,,"",handshake_failure
fortinet.com,443,MLKEM768,NO,,,"",handshake_failure
fortinet.com,443,MLKEM1024,NO,,,"",handshake_failure
zscaler.com,443,X25519MLKEM768,NO,,,"",unsupported_or_unknown
zscaler.com,443,SecP256r1MLKEM768,NO,,,"",unsupported_or_unknown
zscaler.com,443,SecP384r1MLKEM1024,NO,,,"",unsupported_or_unknown
zscaler.com,443,MLKEM512,NO,,,"",unsupported_or_unknown
zscaler.com,443,MLKEM768,NO,,,"",unsupported_or_unknown
zscaler.com,443,MLKEM1024,NO,,,"",unsupported_or_unknown
splunk.com,443,X25519MLKEM768,NO,,,"",handshake_failure
splunk.com,443,SecP256r1MLKEM768,NO,,,"",handshake_failure
splunk.com,443,SecP384r1MLKEM1024,NO,,,"",handshake_failure
splunk.com,443,MLKEM512,NO,,,"",handshake_failure
splunk.com,443,MLKEM768,NO,,,"",handshake_failure
splunk.com,443,MLKEM1024,NO,,,"",handshake_failure
rapid7.com,443,X25519MLKEM768,YES,TLS_AES_128_GCM_SHA256,,"X25519MLKEM768",
rapid7.com,443,SecP256r1MLKEM768,YES,TLS_AES_128_GCM_SHA256,,"SecP256r1MLKEM768",
rapid7.com,443,SecP384r1MLKEM1024,NO,,,"",unsupported_or_unknown
rapid7.com,443,MLKEM512,NO,,,"",unsupported_or_unknown
rapid7.com,443,MLKEM768,NO,,,"",unsupported_or_unknown
rapid7.com,443,MLKEM1024,NO,,,"",unsupported_or_unknown
qualys.com,443,X25519MLKEM768,YES,TLS_AES_256_GCM_SHA384,,"X25519MLKEM768",
qualys.com,443,SecP256r1MLKEM768,NO,,,"",handshake_failure
qualys.com,443,SecP384r1MLKEM1024,NO,,,"",handshake_failure
qualys.com,443,MLKEM512,NO,,,"",handshake_failure
qualys.com,443,MLKEM768,NO,,,"",handshake_failure
qualys.com,443,MLKEM1024,NO,,,"",handshake_failure
tenable.com,443,X25519MLKEM768,NO,,,"",unsupported_or_unknown
tenable.com,443,SecP256r1MLKEM768,NO,,,"",unsupported_or_unknown
tenable.com,443,SecP384r1MLKEM1024,NO,,,"",unsupported_or_unknown
tenable.com,443,MLKEM512,NO,,,"",unsupported_or_unknown
tenable.com,443,MLKEM768,NO,,,"",unsupported_or_unknown
tenable.com,443,MLKEM1024,NO,,,"",unsupported_or_unknown
carbonblack.com,443,X25519MLKEM768,ERROR,,,"",connection_failed
sentinelone.com,443,X25519MLKEM768,YES,TLS_AES_256_GCM_SHA384,,"X25519MLKEM768",
sentinelone.com,443,SecP256r1MLKEM768,NO,,,"",handshake_failure
sentinelone.com,443,SecP384r1MLKEM1024,NO,,,"",handshake_failure
sentinelone.com,443,MLKEM512,NO,,,"",handshake_failure
sentinelone.com,443,MLKEM768,NO,,,"",handshake_failure
sentinelone.com,443,MLKEM1024,NO,,,"",handshake_failure
fireeye.com,443,X25519MLKEM768,YES,TLS_AES_256_GCM_SHA384,,"X25519MLKEM768",
fireeye.com,443,SecP256r1MLKEM768,NO,,,"",handshake_failure
fireeye.com,443,SecP384r1MLKEM1024,NO,,,"",handshake_failure
fireeye.com,443,MLKEM512,NO,,,"",handshake_failure
fireeye.com,443,MLKEM768,NO,,,"",handshake_failure
fireeye.com,443,MLKEM1024,NO,,,"",handshake_failure
mandiant.com,443,X25519MLKEM768,YES,TLS_AES_256_GCM_SHA384,,"X25519MLKEM768",
mandiant.com,443,SecP256r1MLKEM768,NO,,,"",handshake_failure
mandiant.com,443,SecP384r1MLKEM1024,NO,,,"",handshake_failure
mandiant.com,443,MLKEM512,NO,,,"",handshake_failure
mandiant.com,443,MLKEM768,NO,,,"",handshake_failure
mandiant.com,443,MLKEM1024,NO,,,"",handshake_failure
secureworks.com,443,X25519MLKEM768,YES,TLS_AES_128_GCM_SHA256,,"X25519MLKEM768",
secureworks.com,443,SecP256r1MLKEM768,YES,TLS_AES_128_GCM_SHA256,,"SecP256r1MLKEM768",
secureworks.com,443,SecP384r1MLKEM1024,NO,,,"",unsupported_or_unknown
secureworks.com,443,MLKEM512,NO,,,"",unsupported_or_unknown
secureworks.com,443,MLKEM768,NO,,,"",unsupported_or_unknown
secureworks.com,443,MLKEM1024,NO,,,"",unsupported_or_unknown
cyberark.com,443,X25519MLKEM768,YES,TLS_AES_256_GCM_SHA384,,"X25519MLKEM768",
cyberark.com,443,SecP256r1MLKEM768,NO,,,"",handshake_failure
cyberark.com,443,SecP384r1MLKEM1024,NO,,,"",handshake_failure
cyberark.com,443,MLKEM512,NO,,,"",handshake_failure
cyberark.com,443,MLKEM768,NO,,,"",handshake_failure
cyberark.com,443,MLKEM1024,NO,,,"",handshake_failure
beyondtrust.com,443,X25519MLKEM768,YES,TLS_AES_256_GCM_SHA384,,"X25519MLKEM768",
beyondtrust.com,443,SecP256r1MLKEM768,NO,,,"",handshake_failure
beyondtrust.com,443,SecP384r1MLKEM1024,NO,,,"",handshake_failure
beyondtrust.com,443,MLKEM512,NO,,,"",handshake_failure
beyondtrust.com,443,MLKEM768,NO,,,"",handshake_failure
beyondtrust.com,443,MLKEM1024,NO,,,"",handshake_failure
sailpoint.com,443,X25519MLKEM768,YES,TLS_AES_128_GCM_SHA256,TLSv1.3,"X25519MLKEM768",
sailpoint.com,443,SecP256r1MLKEM768,NO,,,"",handshake_failure
sailpoint.com,443,SecP384r1MLKEM1024,NO,,,"",handshake_failure
sailpoint.com,443,MLKEM512,NO,,,"",handshake_failure
sailpoint.com,443,MLKEM768,NO,,,"",handshake_failure
sailpoint.com,443,MLKEM1024,NO,,,"",handshake_failure
okta.com,443,X25519MLKEM768,YES,TLS_AES_128_GCM_SHA256,,"X25519MLKEM768",
okta.com,443,SecP256r1MLKEM768,YES,TLS_AES_128_GCM_SHA256,,"SecP256r1MLKEM768",
okta.com,443,SecP384r1MLKEM1024,NO,,,"",unsupported_or_unknown
okta.com,443,MLKEM512,NO,,,"",unsupported_or_unknown
okta.com,443,MLKEM768,NO,,,"",unsupported_or_unknown
okta.com,443,MLKEM1024,NO,,,"",unsupported_or_unknown
ping.com,443,X25519MLKEM768,NO,,,"",handshake_failure
ping.com,443,SecP256r1MLKEM768,NO,,,"",handshake_failure
ping.com,443,SecP384r1MLKEM1024,NO,,,"",handshake_failure
ping.com,443,MLKEM512,NO,,,"",handshake_failure
ping.com,443,MLKEM768,NO,,,"",handshake_failure
ping.com,443,MLKEM1024,NO,,,"",handshake_failure
forgerock.com,443,X25519MLKEM768,NO,,,"",unsupported_or_unknown
forgerock.com,443,SecP256r1MLKEM768,NO,,,"",unsupported_or_unknown
forgerock.com,443,SecP384r1MLKEM1024,NO,,,"",unsupported_or_unknown
forgerock.com,443,MLKEM512,NO,,,"",unsupported_or_unknown
forgerock.com,443,MLKEM768,NO,,,"",unsupported_or_unknown
forgerock.com,443,MLKEM1024,NO,,,"",unsupported_or_unknown
onespan.com,443,X25519MLKEM768,YES,TLS_AES_256_GCM_SHA384,,"X25519MLKEM768",
onespan.com,443,SecP256r1MLKEM768,NO,,,"",handshake_failure
onespan.com,443,SecP384r1MLKEM1024,NO,,,"",handshake_failure
onespan.com,443,MLKEM512,NO,,,"",handshake_failure
onespan.com,443,MLKEM768,NO,,,"",handshake_failure
onespan.com,443,MLKEM1024,NO,,,"",handshake_failure
entrust.com,443,X25519MLKEM768,YES,TLS_AES_256_GCM_SHA384,,"X25519MLKEM768",
entrust.com,443,SecP256r1MLKEM768,NO,,,"",handshake_failure
entrust.com,443,SecP384r1MLKEM1024,NO,,,"",handshake_failure
entrust.com,443,MLKEM512,NO,,,"",handshake_failure
entrust.com,443,MLKEM768,NO,,,"",handshake_failure
entrust.com,443,MLKEM1024,NO,,,"",handshake_failure
thalesgroup.com,443,X25519MLKEM768,YES,TLS_AES_128_GCM_SHA256,,"X25519MLKEM768",
thalesgroup.com,443,SecP256r1MLKEM768,NO,,,"",handshake_failure
thalesgroup.com,443,SecP384r1MLKEM1024,NO,,,"",handshake_failure
thalesgroup.com,443,MLKEM512,NO,,,"",handshake_failure
thalesgroup.com,443,MLKEM768,NO,,,"",handshake_failure
thalesgroup.com,443,MLKEM1024,NO,,,"",handshake_failure
gemalto.com,443,X25519MLKEM768,ERROR,,,"",connection_failed
idemia.com,443,X25519MLKEM768,NO,,,"",handshake_failure
idemia.com,443,SecP256r1MLKEM768,NO,,,"",handshake_failure
idemia.com,443,SecP384r1MLKEM1024,NO,,,"",handshake_failure
idemia.com,443,MLKEM512,NO,,,"",handshake_failure
idemia.com,443,MLKEM768,NO,,,"",handshake_failure
idemia.com,443,MLKEM1024,NO,,,"",handshake_failure
verisign.com,443,X25519MLKEM768,NO,,,"",handshake_failure
verisign.com,443,SecP256r1MLKEM768,NO,,,"",handshake_failure
verisign.com,443,SecP384r1MLKEM1024,NO,,,"",handshake_failure
verisign.com,443,MLKEM512,NO,,,"",handshake_failure
verisign.com,443,MLKEM768,NO,,,"",handshake_failure
verisign.com,443,MLKEM1024,NO,,,"",handshake_failure
digicert.com,443,X25519MLKEM768,YES,TLS_AES_128_GCM_SHA256,,"X25519MLKEM768",
digicert.com,443,SecP256r1MLKEM768,NO,,,"",handshake_failure
digicert.com,443,SecP384r1MLKEM1024,NO,,,"",handshake_failure
digicert.com,443,MLKEM512,NO,,,"",handshake_failure
digicert.com,443,MLKEM768,NO,,,"",handshake_failure
digicert.com,443,MLKEM1024,NO,,,"",handshake_failure
sectigo.com,443,X25519MLKEM768,NO,,,"",protocol_mismatch
sectigo.com,443,SecP256r1MLKEM768,NO,,,"",protocol_mismatch
sectigo.com,443,SecP384r1MLKEM1024,NO,,,"",protocol_mismatch
sectigo.com,443,MLKEM512,NO,,,"",protocol_mismatch
sectigo.com,443,MLKEM768,NO,,,"",protocol_mismatch
sectigo.com,443,MLKEM1024,NO,,,"",protocol_mismatch
globalsign.com,443,X25519MLKEM768,YES,TLS_AES_256_GCM_SHA384,,"X25519MLKEM768",
globalsign.com,443,SecP256r1MLKEM768,NO,,,"",handshake_failure
globalsign.com,443,SecP384r1MLKEM1024,NO,,,"",handshake_failure
globalsign.com,443,MLKEM512,NO,,,"",handshake_failure
globalsign.com,443,MLKEM768,NO,,,"",handshake_failure
globalsign.com,443,MLKEM1024,NO,,,"",handshake_failure
letsencrypt.org,443,X25519MLKEM768,NO,,,"",handshake_failure
letsencrypt.org,443,SecP256r1MLKEM768,NO,,,"",handshake_failure
letsencrypt.org,443,SecP384r1MLKEM1024,NO,,,"",handshake_failure
letsencrypt.org,443,MLKEM512,NO,,,"",handshake_failure
letsencrypt.org,443,MLKEM768,NO,,,"",handshake_failure
letsencrypt.org,443,MLKEM1024,NO,,,"",handshake_failure
venafi.com,443,X25519MLKEM768,YES,TLS_AES_128_GCM_SHA256,TLSv1.3,"X25519MLKEM768",
venafi.com,443,SecP256r1MLKEM768,NO,,,"",handshake_failure
venafi.com,443,SecP384r1MLKEM1024,NO,,,"",handshake_failure
venafi.com,443,MLKEM512,NO,,,"",handshake_failure
venafi.com,443,MLKEM768,NO,,,"",handshake_failure
venafi.com,443,MLKEM1024,NO,,,"",handshake_failure
keyfactor.com,443,X25519MLKEM768,YES,TLS_AES_256_GCM_SHA384,,"X25519MLKEM768",
keyfactor.com,443,SecP256r1MLKEM768,NO,,,"",handshake_failure
keyfactor.com,443,SecP384r1MLKEM1024,NO,,,"",handshake_failure
keyfactor.com,443,MLKEM512,NO,,,"",handshake_failure
keyfactor.com,443,MLKEM768,NO,,,"",handshake_failure
keyfactor.com,443,MLKEM1024,NO,,,"",handshake_failure
hashicorp.com,443,X25519MLKEM768,YES,TLS_AES_128_GCM_SHA256,TLSv1.3,"X25519MLKEM768",
hashicorp.com,443,SecP256r1MLKEM768,NO,,,"",handshake_failure
hashicorp.com,443,SecP384r1MLKEM1024,NO,,,"",handshake_failure
hashicorp.com,443,MLKEM512,NO,,,"",handshake_failure
hashicorp.com,443,MLKEM768,NO,,,"",handshake_failure
hashicorp.com,443,MLKEM1024,NO,,,"",handshake_failure
vaultproject.io,443,X25519MLKEM768,YES,TLS_AES_128_GCM_SHA256,TLSv1.3,"X25519MLKEM768",
vaultproject.io,443,SecP256r1MLKEM768,NO,,,"",handshake_failure
vaultproject.io,443,SecP384r1MLKEM1024,NO,,,"",handshake_failure
vaultproject.io,443,MLKEM512,NO,,,"",handshake_failure
vaultproject.io,443,MLKEM768,NO,,,"",handshake_failure
vaultproject.io,443,MLKEM1024,NO,,,"",handshake_failure
cbre.com,443,X25519MLKEM768,NO,,,"",handshake_failure
cbre.com,443,SecP256r1MLKEM768,NO,,,"",handshake_failure
cbre.com,443,SecP384r1MLKEM1024,NO,,,"",handshake_failure
cbre.com,443,MLKEM512,NO,,,"",handshake_failure
cbre.com,443,MLKEM768,NO,,,"",handshake_failure
cbre.com,443,MLKEM1024,NO,,,"",handshake_failure
jll.com,443,X25519MLKEM768,NO,,,"",handshake_failure
jll.com,443,SecP256r1MLKEM768,NO,,,"",handshake_failure
jll.com,443,SecP384r1MLKEM1024,NO,,,"",handshake_failure
jll.com,443,MLKEM512,NO,,,"",handshake_failure
jll.com,443,MLKEM768,NO,,,"",handshake_failure
jll.com,443,MLKEM1024,NO,,,"",handshake_failure
cushmanwakefield.com,443,X25519MLKEM768,NO,,,"",protocol_mismatch
cushmanwakefield.com,443,SecP256r1MLKEM768,NO,,,"",protocol_mismatch
cushmanwakefield.com,443,SecP384r1MLKEM1024,NO,,,"",protocol_mismatch
cushmanwakefield.com,443,MLKEM512,NO,,,"",protocol_mismatch
cushmanwakefield.com,443,MLKEM768,NO,,,"",protocol_mismatch
cushmanwakefield.com,443,MLKEM1024,NO,,,"",protocol_mismatch
colliers.com,443,X25519MLKEM768,NO,,,"",protocol_mismatch
colliers.com,443,SecP256r1MLKEM768,NO,,,"",protocol_mismatch
colliers.com,443,SecP384r1MLKEM1024,NO,,,"",protocol_mismatch
colliers.com,443,MLKEM512,NO,,,"",protocol_mismatch
colliers.com,443,MLKEM768,NO,,,"",protocol_mismatch
colliers.com,443,MLKEM1024,NO,,,"",protocol_mismatch
savills.com,443,X25519MLKEM768,YES,TLS_AES_128_GCM_SHA256,,"X25519MLKEM768",
savills.com,443,SecP256r1MLKEM768,YES,TLS_AES_128_GCM_SHA256,,"SecP256r1MLKEM768",
savills.com,443,SecP384r1MLKEM1024,NO,,,"",unsupported_or_unknown
savills.com,443,MLKEM512,NO,,,"",unsupported_or_unknown
savills.com,443,MLKEM768,NO,,,"",unsupported_or_unknown
savills.com,443,MLKEM1024,NO,,,"",unsupported_or_unknown
knightfrank.com,443,X25519MLKEM768,ERROR,,,"",connection_failed
newmarkgroup.com,443,X25519MLKEM768,NO,,,"",handshake_failure
newmarkgroup.com,443,SecP256r1MLKEM768,NO,,,"",handshake_failure
newmarkgroup.com,443,SecP384r1MLKEM1024,NO,,,"",handshake_failure
newmarkgroup.com,443,MLKEM512,NO,,,"",handshake_failure
newmarkgroup.com,443,MLKEM768,NO,,,"",handshake_failure
newmarkgroup.com,443,MLKEM1024,NO,,,"",handshake_failure
marcusmillichap.com,443,X25519MLKEM768,NO,,,"",handshake_failure
marcusmillichap.com,443,SecP256r1MLKEM768,NO,,,"",handshake_failure
marcusmillichap.com,443,SecP384r1MLKEM1024,NO,,,"",handshake_failure
marcusmillichap.com,443,MLKEM512,NO,,,"",handshake_failure
marcusmillichap.com,443,MLKEM768,NO,,,"",handshake_failure
marcusmillichap.com,443,MLKEM1024,NO,,,"",handshake_failure
eastdilsecured.com,443,X25519MLKEM768,NO,,,"",handshake_failure
eastdilsecured.com,443,SecP256r1MLKEM768,NO,,,"",handshake_failure
eastdilsecured.com,443,SecP384r1MLKEM1024,NO,,,"",handshake_failure
eastdilsecured.com,443,MLKEM512,NO,,,"",handshake_failure
eastdilsecured.com,443,MLKEM768,NO,,,"",handshake_failure
eastdilsecured.com,443,MLKEM1024,NO,,,"",handshake_failure
berkadiacre.com,443,X25519MLKEM768,ERROR,,,"",connection_failed
blackstone-realestate.com,443,X25519MLKEM768,ERROR,,,"",connection_failed
brookfieldAM.com,443,X25519MLKEM768,ERROR,,,"",connection_failed
starwoodcapital.com,443,X25519MLKEM768,NO,,,"",protocol_mismatch
starwoodcapital.com,443,SecP256r1MLKEM768,NO,,,"",protocol_mismatch
starwoodcapital.com,443,SecP384r1MLKEM1024,NO,,,"",protocol_mismatch
starwoodcapital.com,443,MLKEM512,NO,,,"",protocol_mismatch
starwoodcapital.com,443,MLKEM768,NO,,,"",protocol_mismatch
starwoodcapital.com,443,MLKEM1024,NO,,,"",protocol_mismatch
prologis.com,443,X25519MLKEM768,NO,,,"",unsupported_or_unknown
prologis.com,443,SecP256r1MLKEM768,NO,,,"",unsupported_or_unknown
prologis.com,443,SecP384r1MLKEM1024,NO,,,"",unsupported_or_unknown
prologis.com,443,MLKEM512,NO,,,"",unsupported_or_unknown
prologis.com,443,MLKEM768,NO,,,"",unsupported_or_unknown
prologis.com,443,MLKEM1024,NO,,,"",unsupported_or_unknown
equinix.com,443,X25519MLKEM768,NO,,,"",handshake_failure
equinix.com,443,SecP256r1MLKEM768,NO,,,"",handshake_failure
equinix.com,443,SecP384r1MLKEM1024,NO,,,"",handshake_failure
equinix.com,443,MLKEM512,NO,,,"",handshake_failure
equinix.com,443,MLKEM768,NO,,,"",handshake_failure
equinix.com,443,MLKEM1024,NO,,,"",handshake_failure
digitalrealty.com,443,X25519MLKEM768,NO,,,"",handshake_failure
digitalrealty.com,443,SecP256r1MLKEM768,NO,,,"",handshake_failure
digitalrealty.com,443,SecP384r1MLKEM1024,NO,,,"",handshake_failure
digitalrealty.com,443,MLKEM512,NO,,,"",handshake_failure
digitalrealty.com,443,MLKEM768,NO,,,"",handshake_failure
digitalrealty.com,443,MLKEM1024,NO,,,"",handshake_failure
simoncpg.com,443,X25519MLKEM768,ERROR,,,"",connection_failed
vornado.com,443,X25519MLKEM768,YES,TLS_AES_256_GCM_SHA384,,"X25519MLKEM768",
vornado.com,443,SecP256r1MLKEM768,NO,,,"",handshake_failure
vornado.com,443,SecP384r1MLKEM1024,NO,,,"",handshake_failure
vornado.com,443,MLKEM512,NO,,,"",handshake_failure
vornado.com,443,MLKEM768,NO,,,"",handshake_failure
vornado.com,443,MLKEM1024,NO,,,"",handshake_failure
bostonproperties.com,443,X25519MLKEM768,YES,TLS_AES_128_GCM_SHA256,,"X25519MLKEM768",
bostonproperties.com,443,SecP256r1MLKEM768,NO,,,"",handshake_failure
bostonproperties.com,443,SecP384r1MLKEM1024,NO,,,"",handshake_failure
bostonproperties.com,443,MLKEM512,NO,,,"",handshake_failure
bostonproperties.com,443,MLKEM768,NO,,,"",handshake_failure
bostonproperties.com,443,MLKEM1024,NO,,,"",handshake_failure
alexandriareit.com,443,X25519MLKEM768,ERROR,,,"",connection_failed
mapletree.com.sg,443,X25519MLKEM768,YES,TLS_AES_128_GCM_SHA256,,"X25519MLKEM768",
mapletree.com.sg,443,SecP256r1MLKEM768,YES,TLS_AES_128_GCM_SHA256,,"SecP256r1MLKEM768",
mapletree.com.sg,443,SecP384r1MLKEM1024,NO,,,"",unsupported_or_unknown
mapletree.com.sg,443,MLKEM512,NO,,,"",unsupported_or_unknown
mapletree.com.sg,443,MLKEM768,NO,,,"",unsupported_or_unknown
mapletree.com.sg,443,MLKEM1024,NO,,,"",unsupported_or_unknown
capitaland.com,443,X25519MLKEM768,YES,TLS_AES_128_GCM_SHA256,,"X25519MLKEM768",
capitaland.com,443,SecP256r1MLKEM768,NO,,,"",handshake_failure
capitaland.com,443,SecP384r1MLKEM1024,NO,,,"",handshake_failure
capitaland.com,443,MLKEM512,NO,,,"",handshake_failure
capitaland.com,443,MLKEM768,NO,,,"",handshake_failure
capitaland.com,443,MLKEM1024,NO,,,"",handshake_failure
ascendas-singbridge.com,443,X25519MLKEM768,ERROR,,,"",connection_failed
keppel-reit.com,443,X25519MLKEM768,ERROR,,,"",connection_failed
frasers.com,443,X25519MLKEM768,NO,,,"",handshake_failure
frasers.com,443,SecP256r1MLKEM768,NO,,,"",handshake_failure
frasers.com,443,SecP384r1MLKEM1024,NO,,,"",handshake_failure
frasers.com,443,MLKEM512,NO,,,"",handshake_failure
frasers.com,443,MLKEM768,NO,,,"",handshake_failure
frasers.com,443,MLKEM1024,NO,,,"",handshake_failure
sunteccity.com.sg,443,X25519MLKEM768,NO,,,"",unsupported_or_unknown
sunteccity.com.sg,443,SecP256r1MLKEM768,NO,,,"",unsupported_or_unknown
sunteccity.com.sg,443,SecP384r1MLKEM1024,NO,,,"",unsupported_or_unknown
sunteccity.com.sg,443,MLKEM512,NO,,,"",unsupported_or_unknown
sunteccity.com.sg,443,MLKEM768,NO,,,"",unsupported_or_unknown
sunteccity.com.sg,443,MLKEM1024,NO,,,"",unsupported_or_unknown
ouereit.com.sg,443,X25519MLKEM768,ERROR,,,"",connection_failed
ireit.sg,443,X25519MLKEM768,ERROR,,,"",connection_failed
worldbank.org,443,X25519MLKEM768,YES,TLS_AES_256_GCM_SHA384,,"X25519MLKEM768",
worldbank.org,443,SecP256r1MLKEM768,NO,,,"",handshake_failure
worldbank.org,443,SecP384r1MLKEM1024,NO,,,"",handshake_failure
worldbank.org,443,MLKEM512,NO,,,"",handshake_failure
worldbank.org,443,MLKEM768,NO,,,"",handshake_failure
worldbank.org,443,MLKEM1024,NO,,,"",handshake_failure
ifc.org,443,X25519MLKEM768,YES,TLS_AES_256_GCM_SHA384,,"X25519MLKEM768",
ifc.org,443,SecP256r1MLKEM768,NO,,,"",handshake_failure
ifc.org,443,SecP384r1MLKEM1024,NO,,,"",handshake_failure
ifc.org,443,MLKEM512,NO,,,"",handshake_failure
ifc.org,443,MLKEM768,NO,,,"",handshake_failure
ifc.org,443,MLKEM1024,NO,,,"",handshake_failure
imf.org,443,X25519MLKEM768,NO,,,"",handshake_failure
imf.org,443,SecP256r1MLKEM768,NO,,,"",handshake_failure
imf.org,443,SecP384r1MLKEM1024,NO,,,"",handshake_failure
imf.org,443,MLKEM512,NO,,,"",handshake_failure
imf.org,443,MLKEM768,NO,,,"",handshake_failure
imf.org,443,MLKEM1024,NO,,,"",handshake_failure
adb.org,443,X25519MLKEM768,NO,,,"",handshake_failure
adb.org,443,SecP256r1MLKEM768,NO,,,"",handshake_failure
adb.org,443,SecP384r1MLKEM1024,NO,,,"",handshake_failure
adb.org,443,MLKEM512,NO,,,"",handshake_failure
adb.org,443,MLKEM768,NO,,,"",handshake_failure
adb.org,443,MLKEM1024,NO,,,"",handshake_failure
afdb.org,443,X25519MLKEM768,YES,TLS_AES_256_GCM_SHA384,,"X25519MLKEM768",
afdb.org,443,SecP256r1MLKEM768,NO,,,"",handshake_failure
afdb.org,443,SecP384r1MLKEM1024,NO,,,"",handshake_failure
afdb.org,443,MLKEM512,NO,,,"",handshake_failure
afdb.org,443,MLKEM768,NO,,,"",handshake_failure
afdb.org,443,MLKEM1024,NO,,,"",handshake_failure
ebrd.com,443,X25519MLKEM768,NO,,,"",handshake_failure
ebrd.com,443,SecP256r1MLKEM768,NO,,,"",handshake_failure
ebrd.com,443,SecP384r1MLKEM1024,NO,,,"",handshake_failure
ebrd.com,443,MLKEM512,NO,,,"",handshake_failure
ebrd.com,443,MLKEM768,NO,,,"",handshake_failure
ebrd.com,443,MLKEM1024,NO,,,"",handshake_failure
aiib.org,443,X25519MLKEM768,NO,,,"",handshake_failure
aiib.org,443,SecP256r1MLKEM768,NO,,,"",handshake_failure
aiib.org,443,SecP384r1MLKEM1024,NO,,,"",handshake_failure
aiib.org,443,MLKEM512,NO,,,"",handshake_failure
aiib.org,443,MLKEM768,NO,,,"",handshake_failure
aiib.org,443,MLKEM1024,NO,,,"",handshake_failure
ndb.int,443,X25519MLKEM768,ERROR,,,"",connection_failed
isdb.org,443,X25519MLKEM768,ERROR,,,"",connection_failed
bii.co.uk,443,X25519MLKEM768,YES,TLS_AES_256_GCM_SHA384,,"X25519MLKEM768",
bii.co.uk,443,SecP256r1MLKEM768,NO,,,"",handshake_failure
bii.co.uk,443,SecP384r1MLKEM1024,NO,,,"",handshake_failure
bii.co.uk,443,MLKEM512,NO,,,"",handshake_failure
bii.co.uk,443,MLKEM768,NO,,,"",handshake_failure
bii.co.uk,443,MLKEM1024,NO,,,"",handshake_failure
dfc.gov,443,X25519MLKEM768,NO,,,"",handshake_failure
dfc.gov,443,SecP256r1MLKEM768,NO,,,"",handshake_failure
dfc.gov,443,SecP384r1MLKEM1024,NO,,,"",handshake_failure
dfc.gov,443,MLKEM512,NO,,,"",handshake_failure
dfc.gov,443,MLKEM768,NO,,,"",handshake_failure
dfc.gov,443,MLKEM1024,NO,,,"",handshake_failure
proparco.fr,443,X25519MLKEM768,NO,,,"",handshake_failure
proparco.fr,443,SecP256r1MLKEM768,NO,,,"",handshake_failure
proparco.fr,443,SecP384r1MLKEM1024,NO,,,"",handshake_failure
proparco.fr,443,MLKEM512,NO,,,"",handshake_failure
proparco.fr,443,MLKEM768,NO,,,"",handshake_failure
proparco.fr,443,MLKEM1024,NO,,,"",handshake_failure
degonline.de,443,X25519MLKEM768,ERROR,,,"",connection_failed
fmo.nl,443,X25519MLKEM768,NO,,,"",handshake_failure
fmo.nl,443,SecP256r1MLKEM768,NO,,,"",handshake_failure
fmo.nl,443,SecP384r1MLKEM1024,NO,,,"",handshake_failure
fmo.nl,443,MLKEM512,NO,,,"",handshake_failure
fmo.nl,443,MLKEM768,NO,,,"",handshake_failure
fmo.nl,443,MLKEM1024,NO,,,"",handshake_failure
swedfund.se,443,X25519MLKEM768,NO,,,"",handshake_failure
swedfund.se,443,SecP256r1MLKEM768,NO,,,"",handshake_failure
swedfund.se,443,SecP384r1MLKEM1024,NO,,,"",handshake_failure
swedfund.se,443,MLKEM512,NO,,,"",handshake_failure
swedfund.se,443,MLKEM768,NO,,,"",handshake_failure
swedfund.se,443,MLKEM1024,NO,,,"",handshake_failure
norfund.no,443,X25519MLKEM768,YES,TLS_AES_256_GCM_SHA384,,"X25519MLKEM768",
norfund.no,443,SecP256r1MLKEM768,NO,,,"",handshake_failure
norfund.no,443,SecP384r1MLKEM1024,NO,,,"",handshake_failure
norfund.no,443,MLKEM512,NO,,,"",handshake_failure
norfund.no,443,MLKEM768,NO,,,"",handshake_failure
norfund.no,443,MLKEM1024,NO,,,"",handshake_failure
finnfund.fi,443,X25519MLKEM768,NO,,,"",handshake_failure
finnfund.fi,443,SecP256r1MLKEM768,NO,,,"",handshake_failure
finnfund.fi,443,SecP384r1MLKEM1024,NO,,,"",handshake_failure
finnfund.fi,443,MLKEM512,NO,,,"",handshake_failure
finnfund.fi,443,MLKEM768,NO,,,"",handshake_failure
finnfund.fi,443,MLKEM1024,NO,,,"",handshake_failure
oecd.org,443,X25519MLKEM768,YES,TLS_AES_128_GCM_SHA256,TLSv1.3,"X25519MLKEM768",
oecd.org,443,SecP256r1MLKEM768,NO,,,"",handshake_failure
oecd.org,443,SecP384r1MLKEM1024,NO,,,"",handshake_failure
oecd.org,443,MLKEM512,NO,,,"",handshake_failure
oecd.org,443,MLKEM768,NO,,,"",handshake_failure
oecd.org,443,MLKEM1024,NO,,,"",handshake_failure
bis.org,443,X25519MLKEM768,NO,,,"",handshake_failure
bis.org,443,SecP256r1MLKEM768,NO,,,"",handshake_failure
bis.org,443,SecP384r1MLKEM1024,NO,,,"",handshake_failure
bis.org,443,MLKEM512,NO,,,"",handshake_failure
bis.org,443,MLKEM768,NO,,,"",handshake_failure
bis.org,443,MLKEM1024,NO,,,"",handshake_failure
cgap.org,443,X25519MLKEM768,YES,TLS_AES_128_GCM_SHA256,TLSv1.3,"X25519MLKEM768",
cgap.org,443,SecP256r1MLKEM768,NO,,,"",handshake_failure
cgap.org,443,SecP384r1MLKEM1024,NO,,,"",handshake_failure
cgap.org,443,MLKEM512,NO,,,"",handshake_failure
cgap.org,443,MLKEM768,NO,,,"",handshake_failure
cgap.org,443,MLKEM1024,NO,,,"",handshake_failure
toast.com,443,X25519MLKEM768,YES,TLS_AES_256_GCM_SHA384,,"X25519MLKEM768",
toast.com,443,SecP256r1MLKEM768,NO,,,"",handshake_failure
toast.com,443,SecP384r1MLKEM1024,NO,,,"",handshake_failure
toast.com,443,MLKEM512,NO,,,"",handshake_failure
toast.com,443,MLKEM768,NO,,,"",handshake_failure
toast.com,443,MLKEM1024,NO,,,"",handshake_failure
marqeta.com,443,X25519MLKEM768,NO,,,"",handshake_failure
marqeta.com,443,SecP256r1MLKEM768,NO,,,"",handshake_failure
marqeta.com,443,SecP384r1MLKEM1024,NO,,,"",handshake_failure
marqeta.com,443,MLKEM512,NO,,,"",handshake_failure
marqeta.com,443,MLKEM768,NO,,,"",handshake_failure
marqeta.com,443,MLKEM1024,NO,,,"",handshake_failure
galileo-ft.com,443,X25519MLKEM768,YES,TLS_AES_128_GCM_SHA256,,"X25519MLKEM768",
galileo-ft.com,443,SecP256r1MLKEM768,YES,TLS_AES_128_GCM_SHA256,,"SecP256r1MLKEM768",
galileo-ft.com,443,SecP384r1MLKEM1024,NO,,,"",unsupported_or_unknown
galileo-ft.com,443,MLKEM512,NO,,,"",unsupported_or_unknown
galileo-ft.com,443,MLKEM768,NO,,,"",unsupported_or_unknown
galileo-ft.com,443,MLKEM1024,NO,,,"",unsupported_or_unknown
lithic.com,443,X25519MLKEM768,YES,TLS_AES_256_GCM_SHA384,,"X25519MLKEM768",
lithic.com,443,SecP256r1MLKEM768,NO,,,"",handshake_failure
lithic.com,443,SecP384r1MLKEM1024,NO,,,"",handshake_failure
lithic.com,443,MLKEM512,NO,,,"",handshake_failure
lithic.com,443,MLKEM768,NO,,,"",handshake_failure
lithic.com,443,MLKEM1024,NO,,,"",handshake_failure
i2c.com,443,X25519MLKEM768,YES,TLS_AES_128_GCM_SHA256,,"X25519MLKEM768",
i2c.com,443,SecP256r1MLKEM768,NO,,,"",handshake_failure
i2c.com,443,SecP384r1MLKEM1024,NO,,,"",handshake_failure
i2c.com,443,MLKEM512,NO,,,"",handshake_failure
i2c.com,443,MLKEM768,NO,,,"",handshake_failure
i2c.com,443,MLKEM1024,NO,,,"",handshake_failure
tabapay.com,443,X25519MLKEM768,NO,,,"",handshake_failure
tabapay.com,443,SecP256r1MLKEM768,NO,,,"",handshake_failure
tabapay.com,443,SecP384r1MLKEM1024,NO,,,"",handshake_failure
tabapay.com,443,MLKEM512,NO,,,"",handshake_failure
tabapay.com,443,MLKEM768,NO,,,"",handshake_failure
tabapay.com,443,MLKEM1024,NO,,,"",handshake_failure
apto.com,443,X25519MLKEM768,ERROR,,,"",connection_failed
unit.co,443,X25519MLKEM768,YES,TLS_AES_256_GCM_SHA384,,"X25519MLKEM768",
unit.co,443,SecP256r1MLKEM768,NO,,,"",handshake_failure
unit.co,443,SecP384r1MLKEM1024,NO,,,"",handshake_failure
unit.co,443,MLKEM512,NO,,,"",handshake_failure
unit.co,443,MLKEM768,NO,,,"",handshake_failure
unit.co,443,MLKEM1024,NO,,,"",handshake_failure
treasuryprime.com,443,X25519MLKEM768,YES,TLS_AES_256_GCM_SHA384,,"X25519MLKEM768",
treasuryprime.com,443,SecP256r1MLKEM768,NO,,,"",handshake_failure
treasuryprime.com,443,SecP384r1MLKEM1024,NO,,,"",handshake_failure
treasuryprime.com,443,MLKEM512,NO,,,"",handshake_failure
treasuryprime.com,443,MLKEM768,NO,,,"",handshake_failure
treasuryprime.com,443,MLKEM1024,NO,,,"",handshake_failure
bond.tech,443,X25519MLKEM768,NO,,,"",handshake_failure
bond.tech,443,SecP256r1MLKEM768,NO,,,"",handshake_failure
bond.tech,443,SecP384r1MLKEM1024,NO,,,"",handshake_failure
bond.tech,443,MLKEM512,NO,,,"",handshake_failure
bond.tech,443,MLKEM768,NO,,,"",handshake_failure
bond.tech,443,MLKEM1024,NO,,,"",handshake_failure
synapse.com,443,X25519MLKEM768,YES,TLS_AES_256_GCM_SHA384,,"X25519MLKEM768",
synapse.com,443,SecP256r1MLKEM768,NO,,,"",handshake_failure
synapse.com,443,SecP384r1MLKEM1024,NO,,,"",handshake_failure
synapse.com,443,MLKEM512,NO,,,"",handshake_failure
synapse.com,443,MLKEM768,NO,,,"",handshake_failure
synapse.com,443,MLKEM1024,NO,,,"",handshake_failure
column.com,443,X25519MLKEM768,YES,TLS_AES_128_GCM_SHA256,,"X25519MLKEM768",
column.com,443,SecP256r1MLKEM768,YES,TLS_AES_128_GCM_SHA256,,"SecP256r1MLKEM768",
column.com,443,SecP384r1MLKEM1024,NO,,,"",unsupported_or_unknown
column.com,443,MLKEM512,NO,,,"",unsupported_or_unknown
column.com,443,MLKEM768,NO,,,"",unsupported_or_unknown
column.com,443,MLKEM1024,NO,,,"",unsupported_or_unknown
cross-river.com,443,X25519MLKEM768,NO,,,"",unsupported_or_unknown
cross-river.com,443,SecP256r1MLKEM768,NO,,,"",unsupported_or_unknown
cross-river.com,443,SecP384r1MLKEM1024,NO,,,"",unsupported_or_unknown
cross-river.com,443,MLKEM512,NO,,,"",unsupported_or_unknown
cross-river.com,443,MLKEM768,NO,,,"",unsupported_or_unknown
cross-river.com,443,MLKEM1024,NO,,,"",unsupported_or_unknown
coastal-community.com,443,X25519MLKEM768,ERROR,,,"",connection_failed
bankprov.com,443,X25519MLKEM768,NO,,,"",protocol_mismatch
bankprov.com,443,SecP256r1MLKEM768,NO,,,"",protocol_mismatch
bankprov.com,443,SecP384r1MLKEM1024,NO,,,"",protocol_mismatch
bankprov.com,443,MLKEM512,NO,,,"",protocol_mismatch
bankprov.com,443,MLKEM768,NO,,,"",protocol_mismatch
bankprov.com,443,MLKEM1024,NO,,,"",protocol_mismatch
evolvebank.com,443,X25519MLKEM768,ERROR,,,"",connection_failed
choicefi.com,443,X25519MLKEM768,NO,,,"",handshake_failure
choicefi.com,443,SecP256r1MLKEM768,NO,,,"",handshake_failure
choicefi.com,443,SecP384r1MLKEM1024,NO,,,"",handshake_failure
choicefi.com,443,MLKEM512,NO,,,"",handshake_failure
choicefi.com,443,MLKEM768,NO,,,"",handshake_failure
choicefi.com,443,MLKEM1024,NO,,,"",handshake_failure
linebank.com,443,X25519MLKEM768,ERROR,,,"",connection_failed
greenbank.com,443,X25519MLKEM768,YES,TLS_AES_256_GCM_SHA384,,"X25519MLKEM768",
greenbank.com,443,SecP256r1MLKEM768,NO,,,"",handshake_failure
greenbank.com,443,SecP384r1MLKEM1024,NO,,,"",handshake_failure
greenbank.com,443,MLKEM512,NO,,,"",handshake_failure
greenbank.com,443,MLKEM768,NO,,,"",handshake_failure
greenbank.com,443,MLKEM1024,NO,,,"",handshake_failure
aspiration.com,443,X25519MLKEM768,NO,,,"",unsupported_or_unknown
aspiration.com,443,SecP256r1MLKEM768,NO,,,"",unsupported_or_unknown
aspiration.com,443,SecP384r1MLKEM1024,NO,,,"",unsupported_or_unknown
aspiration.com,443,MLKEM512,NO,,,"",unsupported_or_unknown
aspiration.com,443,MLKEM768,NO,,,"",unsupported_or_unknown
aspiration.com,443,MLKEM1024,NO,,,"",unsupported_or_unknown
atmos.earth,443,X25519MLKEM768,YES,TLS_AES_256_GCM_SHA384,,"X25519MLKEM768",
atmos.earth,443,SecP256r1MLKEM768,NO,,,"",handshake_failure
atmos.earth,443,SecP384r1MLKEM1024,NO,,,"",handshake_failure
atmos.earth,443,MLKEM512,NO,,,"",handshake_failure
atmos.earth,443,MLKEM768,NO,,,"",handshake_failure
atmos.earth,443,MLKEM1024,NO,,,"",handshake_failure
jiko.io,443,X25519MLKEM768,NO,,,"",handshake_failure
jiko.io,443,SecP256r1MLKEM768,NO,,,"",handshake_failure
jiko.io,443,SecP384r1MLKEM1024,NO,,,"",handshake_failure
jiko.io,443,MLKEM512,NO,,,"",handshake_failure
jiko.io,443,MLKEM768,NO,,,"",handshake_failure
jiko.io,443,MLKEM1024,NO,,,"",handshake_failure
lendio.com,443,X25519MLKEM768,YES,TLS_AES_256_GCM_SHA384,,"X25519MLKEM768",
lendio.com,443,SecP256r1MLKEM768,NO,,,"",handshake_failure
lendio.com,443,SecP384r1MLKEM1024,NO,,,"",handshake_failure
lendio.com,443,MLKEM512,NO,,,"",handshake_failure
lendio.com,443,MLKEM768,NO,,,"",handshake_failure
lendio.com,443,MLKEM1024,NO,,,"",handshake_failure
biz2credit.com,443,X25519MLKEM768,YES,TLS_AES_128_GCM_SHA256,,"X25519MLKEM768",
biz2credit.com,443,SecP256r1MLKEM768,YES,TLS_AES_128_GCM_SHA256,,"SecP256r1MLKEM768",
biz2credit.com,443,SecP384r1MLKEM1024,NO,,,"",unsupported_or_unknown
biz2credit.com,443,MLKEM512,NO,,,"",unsupported_or_unknown
biz2credit.com,443,MLKEM768,NO,,,"",unsupported_or_unknown
biz2credit.com,443,MLKEM1024,NO,,,"",unsupported_or_unknown
nav.com,443,X25519MLKEM768,NO,,,"",protocol_mismatch
nav.com,443,SecP256r1MLKEM768,NO,,,"",protocol_mismatch
nav.com,443,SecP384r1MLKEM1024,NO,,,"",protocol_mismatch
nav.com,443,MLKEM512,NO,,,"",protocol_mismatch
nav.com,443,MLKEM768,NO,,,"",protocol_mismatch
nav.com,443,MLKEM1024,NO,,,"",protocol_mismatch
brella.com,443,X25519MLKEM768,NO,,,"",handshake_failure
brella.com,443,SecP256r1MLKEM768,NO,,,"",handshake_failure
brella.com,443,SecP384r1MLKEM1024,NO,,,"",handshake_failure
brella.com,443,MLKEM512,NO,,,"",handshake_failure
brella.com,443,MLKEM768,NO,,,"",handshake_failure
brella.com,443,MLKEM1024,NO,,,"",handshake_failure
joust.com,443,X25519MLKEM768,YES,TLS_AES_128_GCM_SHA256,,"X25519MLKEM768",
joust.com,443,SecP256r1MLKEM768,YES,TLS_AES_128_GCM_SHA256,,"SecP256r1MLKEM768",
joust.com,443,SecP384r1MLKEM1024,NO,,,"",unsupported_or_unknown
joust.com,443,MLKEM512,NO,,,"",unsupported_or_unknown
joust.com,443,MLKEM768,NO,,,"",unsupported_or_unknown
joust.com,443,MLKEM1024,NO,,,"",unsupported_or_unknown
keepfinancial.com,443,X25519MLKEM768,YES,TLS_AES_256_GCM_SHA384,,"X25519MLKEM768",
keepfinancial.com,443,SecP256r1MLKEM768,NO,,,"",handshake_failure
keepfinancial.com,443,SecP384r1MLKEM1024,NO,,,"",handshake_failure
keepfinancial.com,443,MLKEM512,NO,,,"",handshake_failure
keepfinancial.com,443,MLKEM768,NO,,,"",handshake_failure
keepfinancial.com,443,MLKEM1024,NO,,,"",handshake_failure
truelink.com,443,X25519MLKEM768,ERROR,,,"",connection_failed
aura.com,443,X25519MLKEM768,YES,TLS_AES_256_GCM_SHA384,,"X25519MLKEM768",
aura.com,443,SecP256r1MLKEM768,NO,,,"",handshake_failure
aura.com,443,SecP384r1MLKEM1024,NO,,,"",handshake_failure
aura.com,443,MLKEM512,NO,,,"",handshake_failure
aura.com,443,MLKEM768,NO,,,"",handshake_failure
aura.com,443,MLKEM1024,NO,,,"",handshake_failure
lifelock.com,443,X25519MLKEM768,NO,,,"",handshake_failure
lifelock.com,443,SecP256r1MLKEM768,NO,,,"",handshake_failure
lifelock.com,443,SecP384r1MLKEM1024,NO,,,"",handshake_failure
lifelock.com,443,MLKEM512,NO,,,"",handshake_failure
lifelock.com,443,MLKEM768,NO,,,"",handshake_failure
lifelock.com,443,MLKEM1024,NO,,,"",handshake_failure
identityguard.com,443,X25519MLKEM768,YES,TLS_AES_256_GCM_SHA384,,"X25519MLKEM768",
identityguard.com,443,SecP256r1MLKEM768,NO,,,"",handshake_failure
identityguard.com,443,SecP384r1MLKEM1024,NO,,,"",handshake_failure
identityguard.com,443,MLKEM512,NO,,,"",handshake_failure
identityguard.com,443,MLKEM768,NO,,,"",handshake_failure
identityguard.com,443,MLKEM1024,NO,,,"",handshake_failure
identityforce.com,443,X25519MLKEM768,NO,,,"",unsupported_or_unknown
identityforce.com,443,SecP256r1MLKEM768,NO,,,"",unsupported_or_unknown
identityforce.com,443,SecP384r1MLKEM1024,NO,,,"",unsupported_or_unknown
identityforce.com,443,MLKEM512,NO,,,"",unsupported_or_unknown
identityforce.com,443,MLKEM768,NO,,,"",unsupported_or_unknown
identityforce.com,443,MLKEM1024,NO,,,"",unsupported_or_unknown
zander.com,443,X25519MLKEM768,NO,,,"",unsupported_or_unknown
zander.com,443,SecP256r1MLKEM768,NO,,,"",unsupported_or_unknown
zander.com,443,SecP384r1MLKEM1024,NO,,,"",unsupported_or_unknown
zander.com,443,MLKEM512,NO,,,"",unsupported_or_unknown
zander.com,443,MLKEM768,NO,,,"",unsupported_or_unknown
zander.com,443,MLKEM1024,NO,,,"",unsupported_or_unknown
credit-sesame.com,443,X25519MLKEM768,ERROR,,,"",connection_failed
wallethub.com,443,X25519MLKEM768,YES,TLS_AES_256_GCM_SHA384,,"X25519MLKEM768",
wallethub.com,443,SecP256r1MLKEM768,NO,,,"",handshake_failure
wallethub.com,443,SecP384r1MLKEM1024,NO,,,"",handshake_failure
wallethub.com,443,MLKEM512,NO,,,"",handshake_failure
wallethub.com,443,MLKEM768,NO,,,"",handshake_failure
wallethub.com,443,MLKEM1024,NO,,,"",handshake_failure
annualcreditreport.com,443,X25519MLKEM768,NO,,,"",handshake_failure
annualcreditreport.com,443,SecP256r1MLKEM768,NO,,,"",handshake_failure
annualcreditreport.com,443,SecP384r1MLKEM1024,NO,,,"",handshake_failure
annualcreditreport.com,443,MLKEM512,NO,,,"",handshake_failure
annualcreditreport.com,443,MLKEM768,NO,,,"",handshake_failure
annualcreditreport.com,443,MLKEM1024,NO,,,"",handshake_failure
myfico.com,443,X25519MLKEM768,YES,TLS_AES_128_GCM_SHA256,,"X25519MLKEM768",
myfico.com,443,SecP256r1MLKEM768,NO,,,"",handshake_failure
myfico.com,443,SecP384r1MLKEM1024,NO,,,"",handshake_failure
myfico.com,443,MLKEM512,NO,,,"",handshake_failure
myfico.com,443,MLKEM768,NO,,,"",handshake_failure
myfico.com,443,MLKEM1024,NO,,,"",handshake_failure
clearscore.com,443,X25519MLKEM768,YES,TLS_AES_256_GCM_SHA384,,"X25519MLKEM768",
clearscore.com,443,SecP256r1MLKEM768,NO,,,"",handshake_failure
clearscore.com,443,SecP384r1MLKEM1024,NO,,,"",handshake_failure
clearscore.com,443,MLKEM512,NO,,,"",handshake_failure
clearscore.com,443,MLKEM768,NO,,,"",handshake_failure
clearscore.com,443,MLKEM1024,NO,,,"",handshake_failure
totallymoney.com,443,X25519MLKEM768,YES,TLS_AES_256_GCM_SHA384,,"X25519MLKEM768",
totallymoney.com,443,SecP256r1MLKEM768,NO,,,"",handshake_failure
totallymoney.com,443,SecP384r1MLKEM1024,NO,,,"",handshake_failure
totallymoney.com,443,MLKEM512,NO,,,"",handshake_failure
totallymoney.com,443,MLKEM768,NO,,,"",handshake_failure
totallymoney.com,443,MLKEM1024,NO,,,"",handshake_failure
moneyhelper.org.uk,443,X25519MLKEM768,YES,TLS_AES_256_GCM_SHA384,,"X25519MLKEM768",
moneyhelper.org.uk,443,SecP256r1MLKEM768,NO,,,"",handshake_failure
moneyhelper.org.uk,443,SecP384r1MLKEM1024,NO,,,"",handshake_failure
moneyhelper.org.uk,443,MLKEM512,NO,,,"",handshake_failure
moneyhelper.org.uk,443,MLKEM768,NO,,,"",handshake_failure
moneyhelper.org.uk,443,MLKEM1024,NO,,,"",handshake_failure
financialhealth.org,443,X25519MLKEM768,NO,,,"",handshake_failure
financialhealth.org,443,SecP256r1MLKEM768,NO,,,"",handshake_failure
financialhealth.org,443,SecP384r1MLKEM1024,NO,,,"",handshake_failure
financialhealth.org,443,MLKEM512,NO,,,"",handshake_failure
financialhealth.org,443,MLKEM768,NO,,,"",handshake_failure
financialhealth.org,443,MLKEM1024,NO,,,"",handshake_failure
bfrb.gov,443,X25519MLKEM768,ERROR,,,"",connection_failed
consumerfinance.gov,443,X25519MLKEM768,NO,,,"",handshake_failure
consumerfinance.gov,443,SecP256r1MLKEM768,NO,,,"",handshake_failure
consumerfinance.gov,443,SecP384r1MLKEM1024,NO,,,"",handshake_failure
consumerfinance.gov,443,MLKEM512,NO,,,"",handshake_failure
consumerfinance.gov,443,MLKEM768,NO,,,"",handshake_failure
consumerfinance.gov,443,MLKEM1024,NO,,,"",handshake_failure
investor.gov,443,X25519MLKEM768,NO,,,"",handshake_failure
investor.gov,443,SecP256r1MLKEM768,NO,,,"",handshake_failure
investor.gov,443,SecP384r1MLKEM1024,NO,,,"",handshake_failure
investor.gov,443,MLKEM512,NO,,,"",handshake_failure
investor.gov,443,MLKEM768,NO,,,"",handshake_failure
investor.gov,443,MLKEM1024,NO,,,"",handshake_failure
daiwa-grp.jp,443,X25519MLKEM768,ERROR,,,"",connection_failed
nikkei.com,443,X25519MLKEM768,NO,,,"",unsupported_or_unknown
nikkei.com,443,SecP256r1MLKEM768,NO,,,"",unsupported_or_unknown
nikkei.com,443,SecP384r1MLKEM1024,NO,,,"",unsupported_or_unknown
nikkei.com,443,MLKEM512,NO,,,"",unsupported_or_unknown
nikkei.com,443,MLKEM768,NO,,,"",unsupported_or_unknown
nikkei.com,443,MLKEM1024,NO,,,"",unsupported_or_unknown
sbisec.co.jp,443,X25519MLKEM768,YES,TLS_AES_128_GCM_SHA256,,"X25519MLKEM768",
sbisec.co.jp,443,SecP256r1MLKEM768,YES,TLS_AES_128_GCM_SHA256,,"SecP256r1MLKEM768",
sbisec.co.jp,443,SecP384r1MLKEM1024,NO,,,"",unsupported_or_unknown
sbisec.co.jp,443,MLKEM512,NO,,,"",unsupported_or_unknown
sbisec.co.jp,443,MLKEM768,NO,,,"",unsupported_or_unknown
sbisec.co.jp,443,MLKEM1024,NO,,,"",unsupported_or_unknown
rakuten-sec.co.jp,443,X25519MLKEM768,NO,,,"",handshake_failure
rakuten-sec.co.jp,443,SecP256r1MLKEM768,NO,,,"",handshake_failure
rakuten-sec.co.jp,443,SecP384r1MLKEM1024,NO,,,"",handshake_failure
rakuten-sec.co.jp,443,MLKEM512,NO,,,"",handshake_failure
rakuten-sec.co.jp,443,MLKEM768,NO,,,"",handshake_failure
rakuten-sec.co.jp,443,MLKEM1024,NO,,,"",handshake_failure
matsui.co.jp,443,X25519MLKEM768,YES,TLS_AES_128_GCM_SHA256,,"X25519MLKEM768",
matsui.co.jp,443,SecP256r1MLKEM768,YES,TLS_AES_128_GCM_SHA256,,"SecP256r1MLKEM768",
matsui.co.jp,443,SecP384r1MLKEM1024,NO,,,"",unsupported_or_unknown
matsui.co.jp,443,MLKEM512,NO,,,"",unsupported_or_unknown
matsui.co.jp,443,MLKEM768,NO,,,"",unsupported_or_unknown
matsui.co.jp,443,MLKEM1024,NO,,,"",unsupported_or_unknown
monex.co.jp,443,X25519MLKEM768,NO,,,"",handshake_failure
monex.co.jp,443,SecP256r1MLKEM768,NO,,,"",handshake_failure
monex.co.jp,443,SecP384r1MLKEM1024,NO,,,"",handshake_failure
monex.co.jp,443,MLKEM512,NO,,,"",handshake_failure
monex.co.jp,443,MLKEM768,NO,,,"",handshake_failure
monex.co.jp,443,MLKEM1024,NO,,,"",handshake_failure
kabucom.co.jp,443,X25519MLKEM768,ERROR,,,"",connection_failed
sbigroup.co.jp,443,X25519MLKEM768,ERROR,,,"",connection_failed
orix.co.jp,443,X25519MLKEM768,ERROR,,,"",connection_failed
sumitomocorp.com,443,X25519MLKEM768,ERROR,,,"",connection_failed
mitsubishicorp.com,443,X25519MLKEM768,ERROR,,,"",connection_failed
marubeni.com,443,X25519MLKEM768,ERROR,,,"",connection_failed
itochu.co.jp,443,X25519MLKEM768,ERROR,,,"",connection_failed
sojitz.com,443,X25519MLKEM768,ERROR,,,"",connection_failed
toyotafs.com,443,X25519MLKEM768,YES,TLS_AES_128_GCM_SHA256,TLSv1.3,"X25519MLKEM768",
toyotafs.com,443,SecP256r1MLKEM768,NO,,,"",handshake_failure
toyotafs.com,443,SecP384r1MLKEM1024,NO,,,"",handshake_failure
toyotafs.com,443,MLKEM512,NO,,,"",handshake_failure
toyotafs.com,443,MLKEM768,NO,,,"",handshake_failure
toyotafs.com,443,MLKEM1024,NO,,,"",handshake_failure
hitachi-capital.co.jp,443,X25519MLKEM768,ERROR,,,"",connection_failed
kbsec.co.kr,443,X25519MLKEM768,NO,,,"",unsupported_or_unknown
kbsec.co.kr,443,SecP256r1MLKEM768,NO,,,"",unsupported_or_unknown
kbsec.co.kr,443,SecP384r1MLKEM1024,NO,,,"",unsupported_or_unknown
kbsec.co.kr,443,MLKEM512,NO,,,"",unsupported_or_unknown
kbsec.co.kr,443,MLKEM768,NO,,,"",unsupported_or_unknown
kbsec.co.kr,443,MLKEM1024,NO,,,"",unsupported_or_unknown
nhqv.com,443,X25519MLKEM768,NO,,,"",protocol_mismatch
nhqv.com,443,SecP256r1MLKEM768,NO,,,"",protocol_mismatch
nhqv.com,443,SecP384r1MLKEM1024,NO,,,"",protocol_mismatch
nhqv.com,443,MLKEM512,NO,,,"",protocol_mismatch
nhqv.com,443,MLKEM768,NO,,,"",protocol_mismatch
nhqv.com,443,MLKEM1024,NO,,,"",protocol_mismatch
miraeasset.com,443,X25519MLKEM768,NO,,,"",handshake_failure
miraeasset.com,443,SecP256r1MLKEM768,NO,,,"",handshake_failure
miraeasset.com,443,SecP384r1MLKEM1024,NO,,,"",handshake_failure
miraeasset.com,443,MLKEM512,NO,,,"",handshake_failure
miraeasset.com,443,MLKEM768,NO,,,"",handshake_failure
miraeasset.com,443,MLKEM1024,NO,,,"",handshake_failure
samsungfn.com,443,X25519MLKEM768,NO,,,"",unsupported_or_unknown
samsungfn.com,443,SecP256r1MLKEM768,NO,,,"",unsupported_or_unknown
samsungfn.com,443,SecP384r1MLKEM1024,NO,,,"",unsupported_or_unknown
samsungfn.com,443,MLKEM512,NO,,,"",unsupported_or_unknown
samsungfn.com,443,MLKEM768,NO,,,"",unsupported_or_unknown
samsungfn.com,443,MLKEM1024,NO,,,"",unsupported_or_unknown
kiwoom.com,443,X25519MLKEM768,NO,,,"",handshake_failure
kiwoom.com,443,SecP256r1MLKEM768,NO,,,"",handshake_failure
kiwoom.com,443,SecP384r1MLKEM1024,NO,,,"",handshake_failure
kiwoom.com,443,MLKEM512,NO,,,"",handshake_failure
kiwoom.com,443,MLKEM768,NO,,,"",handshake_failure
kiwoom.com,443,MLKEM1024,NO,,,"",handshake_failure
daol.co.kr,443,X25519MLKEM768,ERROR,,,"",connection_failed
koreaninvestment.com,443,X25519MLKEM768,ERROR,,,"",connection_failed
yuantabank.com.tw,443,X25519MLKEM768,NO,,,"",handshake_failure
yuantabank.com.tw,443,SecP256r1MLKEM768,NO,,,"",handshake_failure
yuantabank.com.tw,443,SecP384r1MLKEM1024,NO,,,"",handshake_failure
yuantabank.com.tw,443,MLKEM512,NO,,,"",handshake_failure
yuantabank.com.tw,443,MLKEM768,NO,,,"",handshake_failure
yuantabank.com.tw,443,MLKEM1024,NO,,,"",handshake_failure
esunbank.com.tw,443,X25519MLKEM768,ERROR,,,"",connection_failed
cathayholdings.com,443,X25519MLKEM768,ERROR,,,"",connection_failed
fubon.com,443,X25519MLKEM768,ERROR,,,"",connection_failed
megaholdings.com.tw,443,X25519MLKEM768,ERROR,,,"",connection_failed
firstbank.com.tw,443,X25519MLKEM768,ERROR,,,"",connection_failed
taipeifubon.com.tw,443,X25519MLKEM768,ERROR,,,"",connection_failed
sinopac.com,443,X25519MLKEM768,ERROR,,,"",connection_failed
ctbcbank.com,443,X25519MLKEM768,ERROR,,,"",connection_failed
taishinbank.com.tw,443,X25519MLKEM768,NO,,,"",handshake_failure
taishinbank.com.tw,443,SecP256r1MLKEM768,NO,,,"",handshake_failure
taishinbank.com.tw,443,SecP384r1MLKEM1024,NO,,,"",handshake_failure
taishinbank.com.tw,443,MLKEM512,NO,,,"",handshake_failure
taishinbank.com.tw,443,MLKEM768,NO,,,"",handshake_failure
taishinbank.com.tw,443,MLKEM1024,NO,,,"",handshake_failure
banksinopac.com,443,X25519MLKEM768,NO,,,"",handshake_failure
banksinopac.com,443,SecP256r1MLKEM768,NO,,,"",handshake_failure
banksinopac.com,443,SecP384r1MLKEM1024,NO,,,"",handshake_failure
banksinopac.com,443,MLKEM512,NO,,,"",handshake_failure
banksinopac.com,443,MLKEM768,NO,,,"",handshake_failure
banksinopac.com,443,MLKEM1024,NO,,,"",handshake_failure
postfinance.ch,443,X25519MLKEM768,NO,,,"",handshake_failure
postfinance.ch,443,SecP256r1MLKEM768,NO,,,"",handshake_failure
postfinance.ch,443,SecP384r1MLKEM1024,NO,,,"",handshake_failure
postfinance.ch,443,MLKEM512,NO,,,"",handshake_failure
postfinance.ch,443,MLKEM768,NO,,,"",handshake_failure
postfinance.ch,443,MLKEM1024,NO,,,"",handshake_failure
raiffeisen.ch,443,X25519MLKEM768,YES,TLS_AES_256_GCM_SHA384,,"X25519MLKEM768",
raiffeisen.ch,443,SecP256r1MLKEM768,NO,,,"",handshake_failure
raiffeisen.ch,443,SecP384r1MLKEM1024,NO,,,"",handshake_failure
raiffeisen.ch,443,MLKEM512,NO,,,"",handshake_failure
raiffeisen.ch,443,MLKEM768,NO,,,"",handshake_failure
raiffeisen.ch,443,MLKEM1024,NO,,,"",handshake_failure
cantonalbank.ch,443,X25519MLKEM768,NO,,,"",handshake_failure
cantonalbank.ch,443,SecP256r1MLKEM768,NO,,,"",handshake_failure
cantonalbank.ch,443,SecP384r1MLKEM1024,NO,,,"",handshake_failure
cantonalbank.ch,443,MLKEM512,NO,,,"",handshake_failure
cantonalbank.ch,443,MLKEM768,NO,,,"",handshake_failure
cantonalbank.ch,443,MLKEM1024,NO,,,"",handshake_failure
banquecantonal.ch,443,X25519MLKEM768,ERROR,,,"",connection_failed
swissquote.com,443,X25519MLKEM768,NO,,,"",handshake_failure
swissquote.com,443,SecP256r1MLKEM768,NO,,,"",handshake_failure
swissquote.com,443,SecP384r1MLKEM1024,NO,,,"",handshake_failure
swissquote.com,443,MLKEM512,NO,,,"",handshake_failure
swissquote.com,443,MLKEM768,NO,,,"",handshake_failure
swissquote.com,443,MLKEM1024,NO,,,"",handshake_failure
saxobank.com,443,X25519MLKEM768,ERROR,,,"",connection_failed
degiro.com,443,X25519MLKEM768,NO,,,"",unsupported_or_unknown
degiro.com,443,SecP256r1MLKEM768,NO,,,"",unsupported_or_unknown
degiro.com,443,SecP384r1MLKEM1024,NO,,,"",unsupported_or_unknown
degiro.com,443,MLKEM512,NO,,,"",unsupported_or_unknown
degiro.com,443,MLKEM768,NO,,,"",unsupported_or_unknown
degiro.com,443,MLKEM1024,NO,,,"",unsupported_or_unknown
interactivebrokers.com,443,X25519MLKEM768,NO,,,"",handshake_failure
interactivebrokers.com,443,SecP256r1MLKEM768,NO,,,"",handshake_failure
interactivebrokers.com,443,SecP384r1MLKEM1024,NO,,,"",handshake_failure
interactivebrokers.com,443,MLKEM512,NO,,,"",handshake_failure
interactivebrokers.com,443,MLKEM768,NO,,,"",handshake_failure
interactivebrokers.com,443,MLKEM1024,NO,,,"",handshake_failure
cmcmarkets.com,443,X25519MLKEM768,NO,,,"",handshake_failure
cmcmarkets.com,443,SecP256r1MLKEM768,NO,,,"",handshake_failure
cmcmarkets.com,443,SecP384r1MLKEM1024,NO,,,"",handshake_failure
cmcmarkets.com,443,MLKEM512,NO,,,"",handshake_failure
cmcmarkets.com,443,MLKEM768,NO,,,"",handshake_failure
cmcmarkets.com,443,MLKEM1024,NO,,,"",handshake_failure
iggroup.com,443,X25519MLKEM768,ERROR,,,"",connection_failed
plus500.com,443,X25519MLKEM768,YES,TLS_AES_256_GCM_SHA384,,"X25519MLKEM768",
plus500.com,443,SecP256r1MLKEM768,NO,,,"",handshake_failure
plus500.com,443,SecP384r1MLKEM1024,NO,,,"",handshake_failure
plus500.com,443,MLKEM512,NO,,,"",handshake_failure
plus500.com,443,MLKEM768,NO,,,"",handshake_failure
plus500.com,443,MLKEM1024,NO,,,"",handshake_failure
xtb.com,443,X25519MLKEM768,NO,,,"",handshake_failure
xtb.com,443,SecP256r1MLKEM768,NO,,,"",handshake_failure
xtb.com,443,SecP384r1MLKEM1024,NO,,,"",handshake_failure
xtb.com,443,MLKEM512,NO,,,"",handshake_failure
xtb.com,443,MLKEM768,NO,,,"",handshake_failure
xtb.com,443,MLKEM1024,NO,,,"",handshake_failure
trading212.com,443,X25519MLKEM768,YES,TLS_AES_128_GCM_SHA256,,"X25519MLKEM768",
trading212.com,443,SecP256r1MLKEM768,YES,TLS_AES_128_GCM_SHA256,,"SecP256r1MLKEM768",
trading212.com,443,SecP384r1MLKEM1024,NO,,,"",unsupported_or_unknown
trading212.com,443,MLKEM512,NO,,,"",unsupported_or_unknown
trading212.com,443,MLKEM768,NO,,,"",unsupported_or_unknown
trading212.com,443,MLKEM1024,NO,,,"",unsupported_or_unknown
etoro.com,443,X25519MLKEM768,NO,,,"",handshake_failure
etoro.com,443,SecP256r1MLKEM768,NO,,,"",handshake_failure
etoro.com,443,SecP384r1MLKEM1024,NO,,,"",handshake_failure
etoro.com,443,MLKEM512,NO,,,"",handshake_failure
etoro.com,443,MLKEM768,NO,,,"",handshake_failure
etoro.com,443,MLKEM1024,NO,,,"",handshake_failure
scalable.capital,443,X25519MLKEM768,YES,TLS_AES_128_GCM_SHA256,,"X25519MLKEM768",
scalable.capital,443,SecP256r1MLKEM768,YES,TLS_AES_128_GCM_SHA256,,"SecP256r1MLKEM768",
scalable.capital,443,SecP384r1MLKEM1024,NO,,,"",unsupported_or_unknown
scalable.capital,443,MLKEM512,NO,,,"",unsupported_or_unknown
scalable.capital,443,MLKEM768,NO,,,"",unsupported_or_unknown
scalable.capital,443,MLKEM1024,NO,,,"",unsupported_or_unknown
trade-republic.com,443,X25519MLKEM768,ERROR,,,"",connection_failed
bux.com,443,X25519MLKEM768,NO,,,"",handshake_failure
bux.com,443,SecP256r1MLKEM768,NO,,,"",handshake_failure
bux.com,443,SecP384r1MLKEM1024,NO,,,"",handshake_failure
bux.com,443,MLKEM512,NO,,,"",handshake_failure
bux.com,443,MLKEM768,NO,,,"",handshake_failure
bux.com,443,MLKEM1024,NO,,,"",handshake_failure
lightyear.com,443,X25519MLKEM768,YES,TLS_AES_128_GCM_SHA256,,"X25519MLKEM768",
lightyear.com,443,SecP256r1MLKEM768,YES,TLS_AES_128_GCM_SHA256,,"SecP256r1MLKEM768",
lightyear.com,443,SecP384r1MLKEM1024,NO,,,"",unsupported_or_unknown
lightyear.com,443,MLKEM512,NO,,,"",unsupported_or_unknown
lightyear.com,443,MLKEM768,NO,,,"",unsupported_or_unknown
lightyear.com,443,MLKEM1024,NO,,,"",unsupported_or_unknown
freetrade.io,443,X25519MLKEM768,YES,TLS_AES_256_GCM_SHA384,,"X25519MLKEM768",
freetrade.io,443,SecP256r1MLKEM768,NO,,,"",handshake_failure
freetrade.io,443,SecP384r1MLKEM1024,NO,,,"",handshake_failure
freetrade.io,443,MLKEM512,NO,,,"",handshake_failure
freetrade.io,443,MLKEM768,NO,,,"",handshake_failure
freetrade.io,443,MLKEM1024,NO,,,"",handshake_failure
nutmeg.com,443,X25519MLKEM768,YES,TLS_AES_128_GCM_SHA256,,"X25519MLKEM768",
nutmeg.com,443,SecP256r1MLKEM768,YES,TLS_AES_128_GCM_SHA256,,"SecP256r1MLKEM768",
nutmeg.com,443,SecP384r1MLKEM1024,NO,,,"",unsupported_or_unknown
nutmeg.com,443,MLKEM512,NO,,,"",unsupported_or_unknown
nutmeg.com,443,MLKEM768,NO,,,"",unsupported_or_unknown
nutmeg.com,443,MLKEM1024,NO,,,"",unsupported_or_unknown
moneyfarm.com,443,X25519MLKEM768,YES,TLS_AES_128_GCM_SHA256,,"X25519MLKEM768",
moneyfarm.com,443,SecP256r1MLKEM768,YES,TLS_AES_128_GCM_SHA256,,"SecP256r1MLKEM768",
moneyfarm.com,443,SecP384r1MLKEM1024,NO,,,"",unsupported_or_unknown
moneyfarm.com,443,MLKEM512,NO,,,"",unsupported_or_unknown
moneyfarm.com,443,MLKEM768,NO,,,"",unsupported_or_unknown
moneyfarm.com,443,MLKEM1024,NO,,,"",unsupported_or_unknown
wealthify.com,443,X25519MLKEM768,NO,,,"",handshake_failure
wealthify.com,443,SecP256r1MLKEM768,NO,,,"",handshake_failure
wealthify.com,443,SecP384r1MLKEM1024,NO,,,"",handshake_failure
wealthify.com,443,MLKEM512,NO,,,"",handshake_failure
wealthify.com,443,MLKEM768,NO,,,"",handshake_failure
wealthify.com,443,MLKEM1024,NO,,,"",handshake_failure
evestor.co.uk,443,X25519MLKEM768,NO,,,"",handshake_failure
evestor.co.uk,443,SecP256r1MLKEM768,NO,,,"",handshake_failure
evestor.co.uk,443,SecP384r1MLKEM1024,NO,,,"",handshake_failure
evestor.co.uk,443,MLKEM512,NO,,,"",handshake_failure
evestor.co.uk,443,MLKEM768,NO,,,"",handshake_failure
evestor.co.uk,443,MLKEM1024,NO,,,"",handshake_failure
plum.io,443,X25519MLKEM768,YES,TLS_AES_128_GCM_SHA256,,"X25519MLKEM768",
plum.io,443,SecP256r1MLKEM768,YES,TLS_AES_128_GCM_SHA256,,"SecP256r1MLKEM768",
plum.io,443,SecP384r1MLKEM1024,YES,TLS_AES_128_GCM_SHA256,,"SecP384r1MLKEM1024",
plum.io,443,MLKEM512,NO,,,"",unsupported_or_unknown
plum.io,443,MLKEM768,NO,,,"",unsupported_or_unknown
plum.io,443,MLKEM1024,NO,,,"",unsupported_or_unknown
moneybox.app,443,X25519MLKEM768,ERROR,,,"",connection_failed
chip.com,443,X25519MLKEM768,NO,,,"",handshake_failure
chip.com,443,SecP256r1MLKEM768,NO,,,"",handshake_failure
chip.com,443,SecP384r1MLKEM1024,NO,,,"",handshake_failure
chip.com,443,MLKEM512,NO,,,"",handshake_failure
chip.com,443,MLKEM768,NO,,,"",handshake_failure
chip.com,443,MLKEM1024,NO,,,"",handshake_failure
curve.com,443,X25519MLKEM768,YES,TLS_AES_128_GCM_SHA256,,"X25519MLKEM768",
curve.com,443,SecP256r1MLKEM768,YES,TLS_AES_128_GCM_SHA256,,"SecP256r1MLKEM768",
curve.com,443,SecP384r1MLKEM1024,NO,,,"",unsupported_or_unknown
curve.com,443,MLKEM512,NO,,,"",unsupported_or_unknown
curve.com,443,MLKEM768,NO,,,"",unsupported_or_unknown
curve.com,443,MLKEM1024,NO,,,"",unsupported_or_unknown
tide.co,443,X25519MLKEM768,YES,TLS_AES_256_GCM_SHA384,,"X25519MLKEM768",
tide.co,443,SecP256r1MLKEM768,NO,,,"",handshake_failure
tide.co,443,SecP384r1MLKEM1024,NO,,,"",handshake_failure
tide.co,443,MLKEM512,NO,,,"",handshake_failure
tide.co,443,MLKEM768,NO,,,"",handshake_failure
tide.co,443,MLKEM1024,NO,,,"",handshake_failure
countingup.com,443,X25519MLKEM768,NO,,,"",handshake_failure
countingup.com,443,SecP256r1MLKEM768,NO,,,"",handshake_failure
countingup.com,443,SecP384r1MLKEM1024,NO,,,"",handshake_failure
countingup.com,443,MLKEM512,NO,,,"",handshake_failure
countingup.com,443,MLKEM768,NO,,,"",handshake_failure
countingup.com,443,MLKEM1024,NO,,,"",handshake_failure
anna.money,443,X25519MLKEM768,YES,TLS_AES_128_GCM_SHA256,TLSv1.3,"X25519MLKEM768",
anna.money,443,SecP256r1MLKEM768,NO,,,"",handshake_failure
anna.money,443,SecP384r1MLKEM1024,NO,,,"",handshake_failure
anna.money,443,MLKEM512,NO,,,"",handshake_failure
anna.money,443,MLKEM768,NO,,,"",handshake_failure
anna.money,443,MLKEM1024,NO,,,"",handshake_failure
coconut.co,443,X25519MLKEM768,YES,TLS_AES_256_GCM_SHA384,,"X25519MLKEM768",
coconut.co,443,SecP256r1MLKEM768,NO,,,"",handshake_failure
coconut.co,443,SecP384r1MLKEM1024,NO,,,"",handshake_failure
coconut.co,443,MLKEM512,NO,,,"",handshake_failure
coconut.co,443,MLKEM768,NO,,,"",handshake_failure
coconut.co,443,MLKEM1024,NO,,,"",handshake_failure
penta.com,443,X25519MLKEM768,YES,TLS_AES_256_GCM_SHA384,,"X25519MLKEM768",
penta.com,443,SecP256r1MLKEM768,NO,,,"",handshake_failure
penta.com,443,SecP384r1MLKEM1024,NO,,,"",handshake_failure
penta.com,443,MLKEM512,NO,,,"",handshake_failure
penta.com,443,MLKEM768,NO,,,"",handshake_failure
penta.com,443,MLKEM1024,NO,,,"",handshake_failure
qonto.com,443,X25519MLKEM768,YES,TLS_AES_128_GCM_SHA256,,"X25519MLKEM768",
qonto.com,443,SecP256r1MLKEM768,YES,TLS_AES_128_GCM_SHA256,,"SecP256r1MLKEM768",
qonto.com,443,SecP384r1MLKEM1024,NO,,,"",unsupported_or_unknown
qonto.com,443,MLKEM512,NO,,,"",unsupported_or_unknown
qonto.com,443,MLKEM768,NO,,,"",unsupported_or_unknown
qonto.com,443,MLKEM1024,NO,,,"",unsupported_or_unknown
memo.bank,443,X25519MLKEM768,YES,TLS_AES_128_GCM_SHA256,,"X25519MLKEM768",
memo.bank,443,SecP256r1MLKEM768,YES,TLS_AES_128_GCM_SHA256,,"SecP256r1MLKEM768",
memo.bank,443,SecP384r1MLKEM1024,NO,,,"",unsupported_or_unknown
memo.bank,443,MLKEM512,NO,,,"",unsupported_or_unknown
memo.bank,443,MLKEM768,NO,,,"",unsupported_or_unknown
memo.bank,443,MLKEM1024,NO,,,"",unsupported_or_unknown
shine.fr,443,X25519MLKEM768,NO,,,"",handshake_failure
shine.fr,443,SecP256r1MLKEM768,NO,,,"",handshake_failure
shine.fr,443,SecP384r1MLKEM1024,NO,,,"",handshake_failure
shine.fr,443,MLKEM512,NO,,,"",handshake_failure
shine.fr,443,MLKEM768,NO,,,"",handshake_failure
shine.fr,443,MLKEM1024,NO,,,"",handshake_failure
solarisbank.com,443,X25519MLKEM768,NO,,,"",handshake_failure
solarisbank.com,443,SecP256r1MLKEM768,NO,,,"",handshake_failure
solarisbank.com,443,SecP384r1MLKEM1024,NO,,,"",handshake_failure
solarisbank.com,443,MLKEM512,NO,,,"",handshake_failure
solarisbank.com,443,MLKEM768,NO,,,"",handshake_failure
solarisbank.com,443,MLKEM1024,NO,,,"",handshake_failure
bankable.com,443,X25519MLKEM768,NO,,,"",unsupported_or_unknown
bankable.com,443,SecP256r1MLKEM768,NO,,,"",unsupported_or_unknown
bankable.com,443,SecP384r1MLKEM1024,NO,,,"",unsupported_or_unknown
bankable.com,443,MLKEM512,NO,,,"",unsupported_or_unknown
bankable.com,443,MLKEM768,NO,,,"",unsupported_or_unknown
bankable.com,443,MLKEM1024,NO,,,"",unsupported_or_unknown
railsr.com,443,X25519MLKEM768,NO,,,"",handshake_failure
railsr.com,443,SecP256r1MLKEM768,NO,,,"",handshake_failure
railsr.com,443,SecP384r1MLKEM1024,NO,,,"",handshake_failure
railsr.com,443,MLKEM512,NO,,,"",handshake_failure
railsr.com,443,MLKEM768,NO,,,"",handshake_failure
railsr.com,443,MLKEM1024,NO,,,"",handshake_failure
clearbank.co.uk,443,X25519MLKEM768,YES,TLS_AES_256_GCM_SHA384,,"X25519MLKEM768",
clearbank.co.uk,443,SecP256r1MLKEM768,NO,,,"",handshake_failure
clearbank.co.uk,443,SecP384r1MLKEM1024,NO,,,"",handshake_failure
clearbank.co.uk,443,MLKEM512,NO,,,"",handshake_failure
clearbank.co.uk,443,MLKEM768,NO,,,"",handshake_failure
clearbank.co.uk,443,MLKEM1024,NO,,,"",handshake_failure
modulr.finance,443,X25519MLKEM768,ERROR,,,"",connection_failed
openpayd.com,443,X25519MLKEM768,YES,TLS_AES_256_GCM_SHA384,,"X25519MLKEM768",
openpayd.com,443,SecP256r1MLKEM768,NO,,,"",handshake_failure
openpayd.com,443,SecP384r1MLKEM1024,NO,,,"",handshake_failure
openpayd.com,443,MLKEM512,NO,,,"",handshake_failure
openpayd.com,443,MLKEM768,NO,,,"",handshake_failure
openpayd.com,443,MLKEM1024,NO,,,"",handshake_failure
currencycloud.com,443,X25519MLKEM768,YES,TLS_AES_256_GCM_SHA384,,"X25519MLKEM768",
currencycloud.com,443,SecP256r1MLKEM768,NO,,,"",handshake_failure
currencycloud.com,443,SecP384r1MLKEM1024,NO,,,"",handshake_failure
currencycloud.com,443,MLKEM512,NO,,,"",handshake_failure
currencycloud.com,443,MLKEM768,NO,,,"",handshake_failure
currencycloud.com,443,MLKEM1024,NO,,,"",handshake_failure
airwallex.com,443,X25519MLKEM768,NO,,,"",handshake_failure
airwallex.com,443,SecP256r1MLKEM768,NO,,,"",handshake_failure
airwallex.com,443,SecP384r1MLKEM1024,NO,,,"",handshake_failure
airwallex.com,443,MLKEM512,NO,,,"",handshake_failure
airwallex.com,443,MLKEM768,NO,,,"",handshake_failure
airwallex.com,443,MLKEM1024,NO,,,"",handshake_failure
worldfirst.com,443,X25519MLKEM768,YES,TLS_AES_256_GCM_SHA384,,"X25519MLKEM768",
worldfirst.com,443,SecP256r1MLKEM768,NO,,,"",handshake_failure
worldfirst.com,443,SecP384r1MLKEM1024,NO,,,"",handshake_failure
worldfirst.com,443,MLKEM512,NO,,,"",handshake_failure
worldfirst.com,443,MLKEM768,NO,,,"",handshake_failure
worldfirst.com,443,MLKEM1024,NO,,,"",handshake_failure
ofx.com,443,X25519MLKEM768,YES,TLS_AES_128_GCM_SHA256,,"X25519MLKEM768",
ofx.com,443,SecP256r1MLKEM768,YES,TLS_AES_128_GCM_SHA256,,"SecP256r1MLKEM768",
ofx.com,443,SecP384r1MLKEM1024,NO,,,"",unsupported_or_unknown
ofx.com,443,MLKEM512,NO,,,"",unsupported_or_unknown
ofx.com,443,MLKEM768,NO,,,"",unsupported_or_unknown
ofx.com,443,MLKEM1024,NO,,,"",unsupported_or_unknown
xe.com,443,X25519MLKEM768,YES,TLS_AES_128_GCM_SHA256,,"X25519MLKEM768",
xe.com,443,SecP256r1MLKEM768,YES,TLS_AES_128_GCM_SHA256,,"SecP256r1MLKEM768",
xe.com,443,SecP384r1MLKEM1024,NO,,,"",unsupported_or_unknown
xe.com,443,MLKEM512,NO,,,"",unsupported_or_unknown
xe.com,443,MLKEM768,NO,,,"",unsupported_or_unknown
xe.com,443,MLKEM1024,NO,,,"",unsupported_or_unknown
currencies-direct.com,443,X25519MLKEM768,ERROR,,,"",connection_failed
global-e.com,443,X25519MLKEM768,NO,,,"",unsupported_or_unknown
global-e.com,443,SecP256r1MLKEM768,NO,,,"",unsupported_or_unknown
global-e.com,443,SecP384r1MLKEM1024,NO,,,"",unsupported_or_unknown
global-e.com,443,MLKEM512,NO,,,"",unsupported_or_unknown
global-e.com,443,MLKEM768,NO,,,"",unsupported_or_unknown
global-e.com,443,MLKEM1024,NO,,,"",unsupported_or_unknown
ebury.com,443,X25519MLKEM768,YES,TLS_AES_256_GCM_SHA384,,"X25519MLKEM768",
ebury.com,443,SecP256r1MLKEM768,NO,,,"",handshake_failure
ebury.com,443,SecP384r1MLKEM1024,NO,,,"",handshake_failure
ebury.com,443,MLKEM512,NO,,,"",handshake_failure
ebury.com,443,MLKEM768,NO,,,"",handshake_failure
ebury.com,443,MLKEM1024,NO,,,"",handshake_failure
kantox.com,443,X25519MLKEM768,NO,,,"",unsupported_or_unknown
kantox.com,443,SecP256r1MLKEM768,NO,,,"",unsupported_or_unknown
kantox.com,443,SecP384r1MLKEM1024,NO,,,"",unsupported_or_unknown
kantox.com,443,MLKEM512,NO,,,"",unsupported_or_unknown
kantox.com,443,MLKEM768,NO,,,"",unsupported_or_unknown
kantox.com,443,MLKEM1024,NO,,,"",unsupported_or_unknown
owlrock.com,443,X25519MLKEM768,YES,TLS_AES_256_GCM_SHA384,,"X25519MLKEM768",
owlrock.com,443,SecP256r1MLKEM768,NO,,,"",handshake_failure
owlrock.com,443,SecP384r1MLKEM1024,NO,,,"",handshake_failure
owlrock.com,443,MLKEM512,NO,,,"",handshake_failure
owlrock.com,443,MLKEM768,NO,,,"",handshake_failure
owlrock.com,443,MLKEM1024,NO,,,"",handshake_failure
bluowlcapital.com,443,X25519MLKEM768,ERROR,,,"",connection_failed
ares.com,443,X25519MLKEM768,YES,TLS_AES_256_GCM_SHA384,,"X25519MLKEM768",
ares.com,443,SecP256r1MLKEM768,NO,,,"",handshake_failure
ares.com,443,SecP384r1MLKEM1024,NO,,,"",handshake_failure
ares.com,443,MLKEM512,NO,,,"",handshake_failure
ares.com,443,MLKEM768,NO,,,"",handshake_failure
ares.com,443,MLKEM1024,NO,,,"",handshake_failure
golubcapital.com,443,X25519MLKEM768,YES,TLS_AES_256_GCM_SHA384,,"X25519MLKEM768",
golubcapital.com,443,SecP256r1MLKEM768,NO,,,"",handshake_failure
golubcapital.com,443,SecP384r1MLKEM1024,NO,,,"",handshake_failure
golubcapital.com,443,MLKEM512,NO,,,"",handshake_failure
golubcapital.com,443,MLKEM768,NO,,,"",handshake_failure
golubcapital.com,443,MLKEM1024,NO,,,"",handshake_failure
newmountaincapital.com,443,X25519MLKEM768,YES,TLS_AES_256_GCM_SHA384,,"X25519MLKEM768",
newmountaincapital.com,443,SecP256r1MLKEM768,NO,,,"",handshake_failure
newmountaincapital.com,443,SecP384r1MLKEM1024,NO,,,"",handshake_failure
newmountaincapital.com,443,MLKEM512,NO,,,"",handshake_failure
newmountaincapital.com,443,MLKEM768,NO,,,"",handshake_failure
newmountaincapital.com,443,MLKEM1024,NO,,,"",handshake_failure
oaktreecapital.com,443,X25519MLKEM768,YES,TLS_AES_256_GCM_SHA384,,"X25519MLKEM768",
oaktreecapital.com,443,SecP256r1MLKEM768,NO,,,"",handshake_failure
oaktreecapital.com,443,SecP384r1MLKEM1024,NO,,,"",handshake_failure
oaktreecapital.com,443,MLKEM512,NO,,,"",handshake_failure
oaktreecapital.com,443,MLKEM768,NO,,,"",handshake_failure
oaktreecapital.com,443,MLKEM1024,NO,,,"",handshake_failure
pgimrc.com,443,X25519MLKEM768,ERROR,,,"",connection_failed
nuveen.com,443,X25519MLKEM768,NO,,,"",handshake_failure
nuveen.com,443,SecP256r1MLKEM768,NO,,,"",handshake_failure
nuveen.com,443,SecP384r1MLKEM1024,NO,,,"",handshake_failure
nuveen.com,443,MLKEM512,NO,,,"",handshake_failure
nuveen.com,443,MLKEM768,NO,,,"",handshake_failure
nuveen.com,443,MLKEM1024,NO,,,"",handshake_failure
alcentra.com,443,X25519MLKEM768,YES,TLS_AES_256_GCM_SHA384,,"X25519MLKEM768",
alcentra.com,443,SecP256r1MLKEM768,NO,,,"",handshake_failure
alcentra.com,443,SecP384r1MLKEM1024,NO,,,"",handshake_failure
alcentra.com,443,MLKEM512,NO,,,"",handshake_failure
alcentra.com,443,MLKEM768,NO,,,"",handshake_failure
alcentra.com,443,MLKEM1024,NO,,,"",handshake_failure
bluebayam.com,443,X25519MLKEM768,ERROR,,,"",connection_failed
muzinich.com,443,X25519MLKEM768,NO,,,"",handshake_failure
muzinich.com,443,SecP256r1MLKEM768,NO,,,"",handshake_failure
muzinich.com,443,SecP384r1MLKEM1024,NO,,,"",handshake_failure
muzinich.com,443,MLKEM512,NO,,,"",handshake_failure
muzinich.com,443,MLKEM768,NO,,,"",handshake_failure
muzinich.com,443,MLKEM1024,NO,,,"",handshake_failure
hayfin.com,443,X25519MLKEM768,YES,TLS_AES_256_GCM_SHA384,,"X25519MLKEM768",
hayfin.com,443,SecP256r1MLKEM768,NO,,,"",handshake_failure
hayfin.com,443,SecP384r1MLKEM1024,NO,,,"",handshake_failure
hayfin.com,443,MLKEM512,NO,,,"",handshake_failure
hayfin.com,443,MLKEM768,NO,,,"",handshake_failure
hayfin.com,443,MLKEM1024,NO,,,"",handshake_failure
tikehaucapital.com,443,X25519MLKEM768,NO,,,"",handshake_failure
tikehaucapital.com,443,SecP256r1MLKEM768,NO,,,"",handshake_failure
tikehaucapital.com,443,SecP384r1MLKEM1024,NO,,,"",handshake_failure
tikehaucapital.com,443,MLKEM512,NO,,,"",handshake_failure
tikehaucapital.com,443,MLKEM768,NO,,,"",handshake_failure
tikehaucapital.com,443,MLKEM1024,NO,,,"",handshake_failure
ardaghlabs.com,443,X25519MLKEM768,ERROR,,,"",connection_failed
crestlineinvestors.com,443,X25519MLKEM768,YES,TLS_AES_256_GCM_SHA384,,"X25519MLKEM768",
crestlineinvestors.com,443,SecP256r1MLKEM768,NO,,,"",handshake_failure
crestlineinvestors.com,443,SecP384r1MLKEM1024,NO,,,"",handshake_failure
crestlineinvestors.com,443,MLKEM512,NO,,,"",handshake_failure
crestlineinvestors.com,443,MLKEM768,NO,,,"",handshake_failure
crestlineinvestors.com,443,MLKEM1024,NO,,,"",handshake_failure
iCapitalnetwork.com,443,X25519MLKEM768,YES,TLS_AES_256_GCM_SHA384,,"X25519MLKEM768",
iCapitalnetwork.com,443,SecP256r1MLKEM768,NO,,,"",handshake_failure
iCapitalnetwork.com,443,SecP384r1MLKEM1024,NO,,,"",handshake_failure
iCapitalnetwork.com,443,MLKEM512,NO,,,"",handshake_failure
iCapitalnetwork.com,443,MLKEM768,NO,,,"",handshake_failure
iCapitalnetwork.com,443,MLKEM1024,NO,,,"",handshake_failure
moonfare.com,443,X25519MLKEM768,YES,TLS_AES_256_GCM_SHA384,,"X25519MLKEM768",
moonfare.com,443,SecP256r1MLKEM768,NO,,,"",handshake_failure
moonfare.com,443,SecP384r1MLKEM1024,NO,,,"",handshake_failure
moonfare.com,443,MLKEM512,NO,,,"",handshake_failure
moonfare.com,443,MLKEM768,NO,,,"",handshake_failure
moonfare.com,443,MLKEM1024,NO,,,"",handshake_failure
gresb.com,443,X25519MLKEM768,YES,TLS_AES_256_GCM_SHA384,,"X25519MLKEM768",
gresb.com,443,SecP256r1MLKEM768,NO,,,"",handshake_failure
gresb.com,443,SecP384r1MLKEM1024,NO,,,"",handshake_failure
gresb.com,443,MLKEM512,NO,,,"",handshake_failure
gresb.com,443,MLKEM768,NO,,,"",handshake_failure
gresb.com,443,MLKEM1024,NO,,,"",handshake_failure
cdp.net,443,X25519MLKEM768,NO,,,"",handshake_failure
cdp.net,443,SecP256r1MLKEM768,NO,,,"",handshake_failure
cdp.net,443,SecP384r1MLKEM1024,NO,,,"",handshake_failure
cdp.net,443,MLKEM512,NO,,,"",handshake_failure
cdp.net,443,MLKEM768,NO,,,"",handshake_failure
cdp.net,443,MLKEM1024,NO,,,"",handshake_failure
tcfd.org,443,X25519MLKEM768,NO,,,"",unsupported_or_unknown
tcfd.org,443,SecP256r1MLKEM768,NO,,,"",unsupported_or_unknown
tcfd.org,443,SecP384r1MLKEM1024,NO,,,"",unsupported_or_unknown
tcfd.org,443,MLKEM512,NO,,,"",unsupported_or_unknown
tcfd.org,443,MLKEM768,NO,,,"",unsupported_or_unknown
tcfd.org,443,MLKEM1024,NO,,,"",unsupported_or_unknown
ifrs.org,443,X25519MLKEM768,YES,TLS_AES_128_GCM_SHA256,,"X25519MLKEM768",
ifrs.org,443,SecP256r1MLKEM768,NO,,,"",handshake_failure
ifrs.org,443,SecP384r1MLKEM1024,NO,,,"",handshake_failure
ifrs.org,443,MLKEM512,NO,,,"",handshake_failure
ifrs.org,443,MLKEM768,NO,,,"",handshake_failure
ifrs.org,443,MLKEM1024,NO,,,"",handshake_failure
sasb.org,443,X25519MLKEM768,YES,TLS_AES_256_GCM_SHA384,,"X25519MLKEM768",
sasb.org,443,SecP256r1MLKEM768,NO,,,"",handshake_failure
sasb.org,443,SecP384r1MLKEM1024,NO,,,"",handshake_failure
sasb.org,443,MLKEM512,NO,,,"",handshake_failure
sasb.org,443,MLKEM768,NO,,,"",handshake_failure
sasb.org,443,MLKEM1024,NO,,,"",handshake_failure
unglobalcompact.org,443,X25519MLKEM768,YES,TLS_AES_128_GCM_SHA256,,"X25519MLKEM768",
unglobalcompact.org,443,SecP256r1MLKEM768,YES,TLS_AES_128_GCM_SHA256,,"SecP256r1MLKEM768",
unglobalcompact.org,443,SecP384r1MLKEM1024,NO,,,"",unsupported_or_unknown
unglobalcompact.org,443,MLKEM512,NO,,,"",unsupported_or_unknown
unglobalcompact.org,443,MLKEM768,NO,,,"",unsupported_or_unknown
unglobalcompact.org,443,MLKEM1024,NO,,,"",unsupported_or_unknown
unpri.org,443,X25519MLKEM768,YES,TLS_AES_256_GCM_SHA384,,"X25519MLKEM768",
unpri.org,443,SecP256r1MLKEM768,NO,,,"",handshake_failure
unpri.org,443,SecP384r1MLKEM1024,NO,,,"",handshake_failure
unpri.org,443,MLKEM512,NO,,,"",handshake_failure
unpri.org,443,MLKEM768,NO,,,"",handshake_failure
unpri.org,443,MLKEM1024,NO,,,"",handshake_failure
icmagroup.org,443,X25519MLKEM768,NO,,,"",handshake_failure
icmagroup.org,443,SecP256r1MLKEM768,NO,,,"",handshake_failure
icmagroup.org,443,SecP384r1MLKEM1024,NO,,,"",handshake_failure
icmagroup.org,443,MLKEM512,NO,,,"",handshake_failure
icmagroup.org,443,MLKEM768,NO,,,"",handshake_failure
icmagroup.org,443,MLKEM1024,NO,,,"",handshake_failure
climatebonds.net,443,X25519MLKEM768,NO,,,"",handshake_failure
climatebonds.net,443,SecP256r1MLKEM768,NO,,,"",handshake_failure
climatebonds.net,443,SecP384r1MLKEM1024,NO,,,"",handshake_failure
climatebonds.net,443,MLKEM512,NO,,,"",handshake_failure
climatebonds.net,443,MLKEM768,NO,,,"",handshake_failure
climatebonds.net,443,MLKEM1024,NO,,,"",handshake_failure
greenfinanceplatform.org,443,X25519MLKEM768,YES,TLS_AES_256_GCM_SHA384,,"X25519MLKEM768",
greenfinanceplatform.org,443,SecP256r1MLKEM768,NO,,,"",handshake_failure
greenfinanceplatform.org,443,SecP384r1MLKEM1024,NO,,,"",handshake_failure
greenfinanceplatform.org,443,MLKEM512,NO,,,"",handshake_failure
greenfinanceplatform.org,443,MLKEM768,NO,,,"",handshake_failure
greenfinanceplatform.org,443,MLKEM1024,NO,,,"",handshake_failure
esginvestor.net,443,X25519MLKEM768,YES,TLS_AES_256_GCM_SHA384,,"X25519MLKEM768",
esginvestor.net,443,SecP256r1MLKEM768,NO,,,"",handshake_failure
esginvestor.net,443,SecP384r1MLKEM1024,NO,,,"",handshake_failure
esginvestor.net,443,MLKEM512,NO,,,"",handshake_failure
esginvestor.net,443,MLKEM768,NO,,,"",handshake_failure
esginvestor.net,443,MLKEM1024,NO,,,"",handshake_failure
responsibleinvestor.com,443,X25519MLKEM768,YES,TLS_AES_128_GCM_SHA256,,"X25519MLKEM768",
responsibleinvestor.com,443,SecP256r1MLKEM768,NO,,,"",handshake_failure
responsibleinvestor.com,443,SecP384r1MLKEM1024,NO,,,"",handshake_failure
responsibleinvestor.com,443,MLKEM512,NO,,,"",handshake_failure
responsibleinvestor.com,443,MLKEM768,NO,,,"",handshake_failure
responsibleinvestor.com,443,MLKEM1024,NO,,,"",handshake_failure
impactassets.org,443,X25519MLKEM768,YES,TLS_AES_256_GCM_SHA384,,"X25519MLKEM768",
impactassets.org,443,SecP256r1MLKEM768,NO,,,"",handshake_failure
impactassets.org,443,SecP384r1MLKEM1024,NO,,,"",handshake_failure
impactassets.org,443,MLKEM512,NO,,,"",handshake_failure
impactassets.org,443,MLKEM768,NO,,,"",handshake_failure
impactassets.org,443,MLKEM1024,NO,,,"",handshake_failure
bluemark.co,443,X25519MLKEM768,YES,TLS_AES_256_GCM_SHA384,,"X25519MLKEM768",
bluemark.co,443,SecP256r1MLKEM768,NO,,,"",handshake_failure
bluemark.co,443,SecP384r1MLKEM1024,NO,,,"",handshake_failure
bluemark.co,443,MLKEM512,NO,,,"",handshake_failure
bluemark.co,443,MLKEM768,NO,,,"",handshake_failure
bluemark.co,443,MLKEM1024,NO,,,"",handshake_failure
bridgespan.org,443,X25519MLKEM768,YES,TLS_AES_256_GCM_SHA384,,"X25519MLKEM768",
bridgespan.org,443,SecP256r1MLKEM768,NO,,,"",handshake_failure
bridgespan.org,443,SecP384r1MLKEM1024,NO,,,"",handshake_failure
bridgespan.org,443,MLKEM512,NO,,,"",handshake_failure
bridgespan.org,443,MLKEM768,NO,,,"",handshake_failure
bridgespan.org,443,MLKEM1024,NO,,,"",handshake_failure
giin.org,443,X25519MLKEM768,ERROR,,,"",connection_failed
impactalpha.com,443,X25519MLKEM768,YES,TLS_AES_256_GCM_SHA384,,"X25519MLKEM768",
impactalpha.com,443,SecP256r1MLKEM768,NO,,,"",handshake_failure
impactalpha.com,443,SecP384r1MLKEM1024,NO,,,"",handshake_failure
impactalpha.com,443,MLKEM512,NO,,,"",handshake_failure
impactalpha.com,443,MLKEM768,NO,,,"",handshake_failure
impactalpha.com,443,MLKEM1024,NO,,,"",handshake_failure
omidyar.com,443,X25519MLKEM768,YES,TLS_AES_256_GCM_SHA384,,"X25519MLKEM768",
omidyar.com,443,SecP256r1MLKEM768,NO,,,"",handshake_failure
omidyar.com,443,SecP384r1MLKEM1024,NO,,,"",handshake_failure
omidyar.com,443,MLKEM512,NO,,,"",handshake_failure
omidyar.com,443,MLKEM768,NO,,,"",handshake_failure
omidyar.com,443,MLKEM1024,NO,,,"",handshake_failure
skollworldforum.org,443,X25519MLKEM768,ERROR,,,"",connection_failed
acumenfund.org,443,X25519MLKEM768,ERROR,,,"",connection_failed
empower.com,443,X25519MLKEM768,YES,TLS_AES_256_GCM_SHA384,,"X25519MLKEM768",
empower.com,443,SecP256r1MLKEM768,NO,,,"",handshake_failure
empower.com,443,SecP384r1MLKEM1024,NO,,,"",handshake_failure
empower.com,443,MLKEM512,NO,,,"",handshake_failure
empower.com,443,MLKEM768,NO,,,"",handshake_failure
empower.com,443,MLKEM1024,NO,,,"",handshake_failure
edwardjones.com,443,X25519MLKEM768,NO,,,"",handshake_failure
edwardjones.com,443,SecP256r1MLKEM768,NO,,,"",handshake_failure
edwardjones.com,443,SecP384r1MLKEM1024,NO,,,"",handshake_failure
edwardjones.com,443,MLKEM512,NO,,,"",handshake_failure
edwardjones.com,443,MLKEM768,NO,,,"",handshake_failure
edwardjones.com,443,MLKEM1024,NO,,,"",handshake_failure
ameriprise.com,443,X25519MLKEM768,NO,,,"",handshake_failure
ameriprise.com,443,SecP256r1MLKEM768,NO,,,"",handshake_failure
ameriprise.com,443,SecP384r1MLKEM1024,NO,,,"",handshake_failure
ameriprise.com,443,MLKEM512,NO,,,"",handshake_failure
ameriprise.com,443,MLKEM768,NO,,,"",handshake_failure
ameriprise.com,443,MLKEM1024,NO,,,"",handshake_failure
lpl.com,443,X25519MLKEM768,YES,TLS_AES_256_GCM_SHA384,,"X25519MLKEM768",
lpl.com,443,SecP256r1MLKEM768,NO,,,"",handshake_failure
lpl.com,443,SecP384r1MLKEM1024,NO,,,"",handshake_failure
lpl.com,443,MLKEM512,NO,,,"",handshake_failure
lpl.com,443,MLKEM768,NO,,,"",handshake_failure
lpl.com,443,MLKEM1024,NO,,,"",handshake_failure
raymondjames.com,443,X25519MLKEM768,NO,,,"",handshake_failure
raymondjames.com,443,SecP256r1MLKEM768,NO,,,"",handshake_failure
raymondjames.com,443,SecP384r1MLKEM1024,NO,,,"",handshake_failure
raymondjames.com,443,MLKEM512,NO,,,"",handshake_failure
raymondjames.com,443,MLKEM768,NO,,,"",handshake_failure
raymondjames.com,443,MLKEM1024,NO,,,"",handshake_failure
bairdwealth.com,443,X25519MLKEM768,YES,TLS_AES_256_GCM_SHA384,,"X25519MLKEM768",
bairdwealth.com,443,SecP256r1MLKEM768,NO,,,"",handshake_failure
bairdwealth.com,443,SecP384r1MLKEM1024,NO,,,"",handshake_failure
bairdwealth.com,443,MLKEM512,NO,,,"",handshake_failure
bairdwealth.com,443,MLKEM768,NO,,,"",handshake_failure
bairdwealth.com,443,MLKEM1024,NO,,,"",handshake_failure
janney.com,443,X25519MLKEM768,NO,,,"",handshake_failure
janney.com,443,SecP256r1MLKEM768,NO,,,"",handshake_failure
janney.com,443,SecP384r1MLKEM1024,NO,,,"",handshake_failure
janney.com,443,MLKEM512,NO,,,"",handshake_failure
janney.com,443,MLKEM768,NO,,,"",handshake_failure
janney.com,443,MLKEM1024,NO,,,"",handshake_failure
stifel.com,443,X25519MLKEM768,NO,,,"",handshake_failure
stifel.com,443,SecP256r1MLKEM768,NO,,,"",handshake_failure
stifel.com,443,SecP384r1MLKEM1024,NO,,,"",handshake_failure
stifel.com,443,MLKEM512,NO,,,"",handshake_failure
stifel.com,443,MLKEM768,NO,,,"",handshake_failure
stifel.com,443,MLKEM1024,NO,,,"",handshake_failure
stephens.com,443,X25519MLKEM768,NO,,,"",unsupported_or_unknown
stephens.com,443,SecP256r1MLKEM768,NO,,,"",unsupported_or_unknown
stephens.com,443,SecP384r1MLKEM1024,NO,,,"",unsupported_or_unknown
stephens.com,443,MLKEM512,NO,,,"",unsupported_or_unknown
stephens.com,443,MLKEM768,NO,,,"",unsupported_or_unknown
stephens.com,443,MLKEM1024,NO,,,"",unsupported_or_unknown
piper-sandler.com,443,X25519MLKEM768,ERROR,,,"",connection_failed
jefferies.com,443,X25519MLKEM768,YES,TLS_AES_256_GCM_SHA384,,"X25519MLKEM768",
jefferies.com,443,SecP256r1MLKEM768,NO,,,"",handshake_failure
jefferies.com,443,SecP384r1MLKEM1024,NO,,,"",handshake_failure
jefferies.com,443,MLKEM512,NO,,,"",handshake_failure
jefferies.com,443,MLKEM768,NO,,,"",handshake_failure
jefferies.com,443,MLKEM1024,NO,,,"",handshake_failure
lazard.com,443,X25519MLKEM768,NO,,,"",unsupported_or_unknown
lazard.com,443,SecP256r1MLKEM768,NO,,,"",unsupported_or_unknown
lazard.com,443,SecP384r1MLKEM1024,NO,,,"",unsupported_or_unknown
lazard.com,443,MLKEM512,NO,,,"",unsupported_or_unknown
lazard.com,443,MLKEM768,NO,,,"",unsupported_or_unknown
lazard.com,443,MLKEM1024,NO,,,"",unsupported_or_unknown
evercore.com,443,X25519MLKEM768,YES,TLS_AES_256_GCM_SHA384,,"X25519MLKEM768",
evercore.com,443,SecP256r1MLKEM768,NO,,,"",handshake_failure
evercore.com,443,SecP384r1MLKEM1024,NO,,,"",handshake_failure
evercore.com,443,MLKEM512,NO,,,"",handshake_failure
evercore.com,443,MLKEM768,NO,,,"",handshake_failure
evercore.com,443,MLKEM1024,NO,,,"",handshake_failure
centerview.com,443,X25519MLKEM768,NO,,,"",handshake_failure
centerview.com,443,SecP256r1MLKEM768,NO,,,"",handshake_failure
centerview.com,443,SecP384r1MLKEM1024,NO,,,"",handshake_failure
centerview.com,443,MLKEM512,NO,,,"",handshake_failure
centerview.com,443,MLKEM768,NO,,,"",handshake_failure
centerview.com,443,MLKEM1024,NO,,,"",handshake_failure
guggenheim.com,443,X25519MLKEM768,ERROR,,,"",connection_failed
houlihanlockey.com,443,X25519MLKEM768,YES,TLS_AES_128_GCM_SHA256,,"X25519MLKEM768",
houlihanlockey.com,443,SecP256r1MLKEM768,NO,,,"",handshake_failure
houlihanlockey.com,443,SecP384r1MLKEM1024,NO,,,"",handshake_failure
houlihanlockey.com,443,MLKEM512,NO,,,"",handshake_failure
houlihanlockey.com,443,MLKEM768,NO,,,"",handshake_failure
houlihanlockey.com,443,MLKEM1024,NO,,,"",handshake_failure
williamblaircom.com,443,X25519MLKEM768,ERROR,,,"",connection_failed
rwbaird.com,443,X25519MLKEM768,YES,TLS_AES_256_GCM_SHA384,,"X25519MLKEM768",
rwbaird.com,443,SecP256r1MLKEM768,NO,,,"",handshake_failure
rwbaird.com,443,SecP384r1MLKEM1024,NO,,,"",handshake_failure
rwbaird.com,443,MLKEM512,NO,,,"",handshake_failure
rwbaird.com,443,MLKEM768,NO,,,"",handshake_failure
rwbaird.com,443,MLKEM1024,NO,,,"",handshake_failure
cowen.com,443,X25519MLKEM768,ERROR,,,"",connection_failed
oppenheimer.com,443,X25519MLKEM768,YES,TLS_AES_256_GCM_SHA384,,"X25519MLKEM768",
oppenheimer.com,443,SecP256r1MLKEM768,NO,,,"",handshake_failure
oppenheimer.com,443,SecP384r1MLKEM1024,NO,,,"",handshake_failure
oppenheimer.com,443,MLKEM512,NO,,,"",handshake_failure
oppenheimer.com,443,MLKEM768,NO,,,"",handshake_failure
oppenheimer.com,443,MLKEM1024,NO,,,"",handshake_failure
da-davidson.com,443,X25519MLKEM768,ERROR,,,"",connection_failed
btigllc.com,443,X25519MLKEM768,NO,,,"",handshake_failure
btigllc.com,443,SecP256r1MLKEM768,NO,,,"",handshake_failure
btigllc.com,443,SecP384r1MLKEM1024,NO,,,"",handshake_failure
btigllc.com,443,MLKEM512,NO,,,"",handshake_failure
btigllc.com,443,MLKEM768,NO,,,"",handshake_failure
btigllc.com,443,MLKEM1024,NO,,,"",handshake_failure
wedbush.com,443,X25519MLKEM768,NO,,,"",unsupported_or_unknown
wedbush.com,443,SecP256r1MLKEM768,NO,,,"",unsupported_or_unknown
wedbush.com,443,SecP384r1MLKEM1024,NO,,,"",unsupported_or_unknown
wedbush.com,443,MLKEM512,NO,,,"",unsupported_or_unknown
wedbush.com,443,MLKEM768,NO,,,"",unsupported_or_unknown
wedbush.com,443,MLKEM1024,NO,,,"",unsupported_or_unknown
maxim-group.com,443,X25519MLKEM768,NO,,,"",unsupported_or_unknown
maxim-group.com,443,SecP256r1MLKEM768,NO,,,"",unsupported_or_unknown
maxim-group.com,443,SecP384r1MLKEM1024,NO,,,"",unsupported_or_unknown
maxim-group.com,443,MLKEM512,NO,,,"",unsupported_or_unknown
maxim-group.com,443,MLKEM768,NO,,,"",unsupported_or_unknown
maxim-group.com,443,MLKEM1024,NO,,,"",unsupported_or_unknown
b-riley.com,443,X25519MLKEM768,ERROR,,,"",connection_failed
canaccordgenuity.com,443,X25519MLKEM768,YES,TLS_AES_128_GCM_SHA256,,"X25519MLKEM768",
canaccordgenuity.com,443,SecP256r1MLKEM768,NO,,,"",handshake_failure
canaccordgenuity.com,443,SecP384r1MLKEM1024,NO,,,"",handshake_failure
canaccordgenuity.com,443,MLKEM512,NO,,,"",handshake_failure
canaccordgenuity.com,443,MLKEM768,NO,,,"",handshake_failure
canaccordgenuity.com,443,MLKEM1024,NO,,,"",handshake_failure
needhamco.com,443,X25519MLKEM768,YES,TLS_AES_256_GCM_SHA384,,"X25519MLKEM768",
needhamco.com,443,SecP256r1MLKEM768,NO,,,"",handshake_failure
needhamco.com,443,SecP384r1MLKEM1024,NO,,,"",handshake_failure
needhamco.com,443,MLKEM512,NO,,,"",handshake_failure
needhamco.com,443,MLKEM768,NO,,,"",handshake_failure
needhamco.com,443,MLKEM1024,NO,,,"",handshake_failure
craighalum.com,443,X25519MLKEM768,ERROR,,,"",connection_failed
r3.com,443,X25519MLKEM768,YES,TLS_AES_256_GCM_SHA384,,"X25519MLKEM768",
r3.com,443,SecP256r1MLKEM768,NO,,,"",handshake_failure
r3.com,443,SecP384r1MLKEM1024,NO,,,"",handshake_failure
r3.com,443,MLKEM512,NO,,,"",handshake_failure
r3.com,443,MLKEM768,NO,,,"",handshake_failure
r3.com,443,MLKEM1024,NO,,,"",handshake_failure
hyperledger.org,443,X25519MLKEM768,YES,TLS_AES_128_GCM_SHA256,TLSv1.3,"X25519MLKEM768",
hyperledger.org,443,SecP256r1MLKEM768,NO,,,"",handshake_failure
hyperledger.org,443,SecP384r1MLKEM1024,NO,,,"",handshake_failure
hyperledger.org,443,MLKEM512,NO,,,"",handshake_failure
hyperledger.org,443,MLKEM768,NO,,,"",handshake_failure
hyperledger.org,443,MLKEM1024,NO,,,"",handshake_failure
ethereum.org,443,X25519MLKEM768,YES,TLS_AES_256_GCM_SHA384,,"X25519MLKEM768",
ethereum.org,443,SecP256r1MLKEM768,NO,,,"",handshake_failure
ethereum.org,443,SecP384r1MLKEM1024,NO,,,"",handshake_failure
ethereum.org,443,MLKEM512,NO,,,"",handshake_failure
ethereum.org,443,MLKEM768,NO,,,"",handshake_failure
ethereum.org,443,MLKEM1024,NO,,,"",handshake_failure
bitcoin.org,443,X25519MLKEM768,YES,TLS_AES_256_GCM_SHA384,,"X25519MLKEM768",
bitcoin.org,443,SecP256r1MLKEM768,NO,,,"",handshake_failure
bitcoin.org,443,SecP384r1MLKEM1024,NO,,,"",handshake_failure
bitcoin.org,443,MLKEM512,NO,,,"",handshake_failure
bitcoin.org,443,MLKEM768,NO,,,"",handshake_failure
bitcoin.org,443,MLKEM1024,NO,,,"",handshake_failure
polkadot.network,443,X25519MLKEM768,YES,TLS_AES_256_GCM_SHA384,,"X25519MLKEM768",
polkadot.network,443,SecP256r1MLKEM768,NO,,,"",handshake_failure
polkadot.network,443,SecP384r1MLKEM1024,NO,,,"",handshake_failure
polkadot.network,443,MLKEM512,NO,,,"",handshake_failure
polkadot.network,443,MLKEM768,NO,,,"",handshake_failure
polkadot.network,443,MLKEM1024,NO,,,"",handshake_failure
cosmos.network,443,X25519MLKEM768,YES,TLS_AES_128_GCM_SHA256,TLSv1.3,"X25519MLKEM768",
cosmos.network,443,SecP256r1MLKEM768,NO,,,"",handshake_failure
cosmos.network,443,SecP384r1MLKEM1024,NO,,,"",handshake_failure
cosmos.network,443,MLKEM512,NO,,,"",handshake_failure
cosmos.network,443,MLKEM768,NO,,,"",handshake_failure
cosmos.network,443,MLKEM1024,NO,,,"",handshake_failure
cardano.org,443,X25519MLKEM768,NO,,,"",handshake_failure
cardano.org,443,SecP256r1MLKEM768,NO,,,"",handshake_failure
cardano.org,443,SecP384r1MLKEM1024,NO,,,"",handshake_failure
cardano.org,443,MLKEM512,NO,,,"",handshake_failure
cardano.org,443,MLKEM768,NO,,,"",handshake_failure
cardano.org,443,MLKEM1024,NO,,,"",handshake_failure
tezos.com,443,X25519MLKEM768,YES,TLS_AES_128_GCM_SHA256,,"X25519MLKEM768",
tezos.com,443,SecP256r1MLKEM768,YES,TLS_AES_128_GCM_SHA256,,"SecP256r1MLKEM768",
tezos.com,443,SecP384r1MLKEM1024,NO,,,"",unsupported_or_unknown
tezos.com,443,MLKEM512,NO,,,"",unsupported_or_unknown
tezos.com,443,MLKEM768,NO,,,"",unsupported_or_unknown
tezos.com,443,MLKEM1024,NO,,,"",unsupported_or_unknown
hedera.com,443,X25519MLKEM768,YES,TLS_AES_256_GCM_SHA384,,"X25519MLKEM768",
hedera.com,443,SecP256r1MLKEM768,NO,,,"",handshake_failure
hedera.com,443,SecP384r1MLKEM1024,NO,,,"",handshake_failure
hedera.com,443,MLKEM512,NO,,,"",handshake_failure
hedera.com,443,MLKEM768,NO,,,"",handshake_failure
hedera.com,443,MLKEM1024,NO,,,"",handshake_failure
corda.net,443,X25519MLKEM768,YES,TLS_AES_256_GCM_SHA384,,"X25519MLKEM768",
corda.net,443,SecP256r1MLKEM768,NO,,,"",handshake_failure
corda.net,443,SecP384r1MLKEM1024,NO,,,"",handshake_failure
corda.net,443,MLKEM512,NO,,,"",handshake_failure
corda.net,443,MLKEM768,NO,,,"",handshake_failure
corda.net,443,MLKEM1024,NO,,,"",handshake_failure
quorum.com,443,X25519MLKEM768,NO,,,"",protocol_mismatch
quorum.com,443,SecP256r1MLKEM768,NO,,,"",protocol_mismatch
quorum.com,443,SecP384r1MLKEM1024,NO,,,"",protocol_mismatch
quorum.com,443,MLKEM512,NO,,,"",protocol_mismatch
quorum.com,443,MLKEM768,NO,,,"",protocol_mismatch
quorum.com,443,MLKEM1024,NO,,,"",protocol_mismatch
avalanche.avax.network,443,X25519MLKEM768,ERROR,,,"",connection_failed
arbitrum.io,443,X25519MLKEM768,YES,TLS_AES_256_GCM_SHA384,,"X25519MLKEM768",
arbitrum.io,443,SecP256r1MLKEM768,NO,,,"",handshake_failure
arbitrum.io,443,SecP384r1MLKEM1024,NO,,,"",handshake_failure
arbitrum.io,443,MLKEM512,NO,,,"",handshake_failure
arbitrum.io,443,MLKEM768,NO,,,"",handshake_failure
arbitrum.io,443,MLKEM1024,NO,,,"",handshake_failure
optimism.io,443,X25519MLKEM768,YES,TLS_AES_256_GCM_SHA384,,"X25519MLKEM768",
optimism.io,443,SecP256r1MLKEM768,NO,,,"",handshake_failure
optimism.io,443,SecP384r1MLKEM1024,NO,,,"",handshake_failure
optimism.io,443,MLKEM512,NO,,,"",handshake_failure
optimism.io,443,MLKEM768,NO,,,"",handshake_failure
optimism.io,443,MLKEM1024,NO,,,"",handshake_failure
starknet.io,443,X25519MLKEM768,YES,TLS_AES_256_GCM_SHA384,,"X25519MLKEM768",
starknet.io,443,SecP256r1MLKEM768,NO,,,"",handshake_failure
starknet.io,443,SecP384r1MLKEM1024,NO,,,"",handshake_failure
starknet.io,443,MLKEM512,NO,,,"",handshake_failure
starknet.io,443,MLKEM768,NO,,,"",handshake_failure
starknet.io,443,MLKEM1024,NO,,,"",handshake_failure
zksync.io,443,X25519MLKEM768,YES,TLS_AES_128_GCM_SHA256,TLSv1.3,"X25519MLKEM768",
zksync.io,443,SecP256r1MLKEM768,NO,,,"",handshake_failure
zksync.io,443,SecP384r1MLKEM1024,NO,,,"",handshake_failure
zksync.io,443,MLKEM512,NO,,,"",handshake_failure
zksync.io,443,MLKEM768,NO,,,"",handshake_failure
zksync.io,443,MLKEM1024,NO,,,"",handshake_failure
immutablex.com,443,X25519MLKEM768,NO,,,"",handshake_failure
immutablex.com,443,SecP256r1MLKEM768,NO,,,"",handshake_failure
immutablex.com,443,SecP384r1MLKEM1024,NO,,,"",handshake_failure
immutablex.com,443,MLKEM512,NO,,,"",handshake_failure
immutablex.com,443,MLKEM768,NO,,,"",handshake_failure
immutablex.com,443,MLKEM1024,NO,,,"",handshake_failure
dydx.exchange,443,X25519MLKEM768,YES,TLS_AES_128_GCM_SHA256,TLSv1.3,"X25519MLKEM768",
dydx.exchange,443,SecP256r1MLKEM768,NO,,,"",handshake_failure
dydx.exchange,443,SecP384r1MLKEM1024,NO,,,"",handshake_failure
dydx.exchange,443,MLKEM512,NO,,,"",handshake_failure
dydx.exchange,443,MLKEM768,NO,,,"",handshake_failure
dydx.exchange,443,MLKEM1024,NO,,,"",handshake_failure
lido.fi,443,X25519MLKEM768,YES,TLS_AES_256_GCM_SHA384,,"X25519MLKEM768",
lido.fi,443,SecP256r1MLKEM768,NO,,,"",handshake_failure
lido.fi,443,SecP384r1MLKEM1024,NO,,,"",handshake_failure
lido.fi,443,MLKEM512,NO,,,"",handshake_failure
lido.fi,443,MLKEM768,NO,,,"",handshake_failure
lido.fi,443,MLKEM1024,NO,,,"",handshake_failure
rocketpool.net,443,X25519MLKEM768,YES,TLS_AES_256_GCM_SHA384,,"X25519MLKEM768",
rocketpool.net,443,SecP256r1MLKEM768,NO,,,"",handshake_failure
rocketpool.net,443,SecP384r1MLKEM1024,NO,,,"",handshake_failure
rocketpool.net,443,MLKEM512,NO,,,"",handshake_failure
rocketpool.net,443,MLKEM768,NO,,,"",handshake_failure
rocketpool.net,443,MLKEM1024,NO,,,"",handshake_failure
eigenlayer.xyz,443,X25519MLKEM768,YES,TLS_AES_256_GCM_SHA384,,"X25519MLKEM768",
eigenlayer.xyz,443,SecP256r1MLKEM768,NO,,,"",handshake_failure
eigenlayer.xyz,443,SecP384r1MLKEM1024,NO,,,"",handshake_failure
eigenlayer.xyz,443,MLKEM512,NO,,,"",handshake_failure
eigenlayer.xyz,443,MLKEM768,NO,,,"",handshake_failure
eigenlayer.xyz,443,MLKEM1024,NO,,,"",handshake_failure
chainlinklabs.com,443,X25519MLKEM768,YES,TLS_AES_256_GCM_SHA384,,"X25519MLKEM768",
chainlinklabs.com,443,SecP256r1MLKEM768,NO,,,"",handshake_failure
chainlinklabs.com,443,SecP384r1MLKEM1024,NO,,,"",handshake_failure
chainlinklabs.com,443,MLKEM512,NO,,,"",handshake_failure
chainlinklabs.com,443,MLKEM768,NO,,,"",handshake_failure
chainlinklabs.com,443,MLKEM1024,NO,,,"",handshake_failure
ft.com,443,X25519MLKEM768,YES,TLS_AES_128_GCM_SHA256,TLSv1.3,"X25519MLKEM768",
ft.com,443,SecP256r1MLKEM768,NO,,,"",handshake_failure
ft.com,443,SecP384r1MLKEM1024,NO,,,"",handshake_failure
ft.com,443,MLKEM512,NO,,,"",handshake_failure
ft.com,443,MLKEM768,NO,,,"",handshake_failure
ft.com,443,MLKEM1024,NO,,,"",handshake_failure
wsj.com,443,X25519MLKEM768,YES,TLS_AES_128_GCM_SHA256,,"X25519MLKEM768",
wsj.com,443,SecP256r1MLKEM768,YES,TLS_AES_128_GCM_SHA256,,"SecP256r1MLKEM768",
wsj.com,443,SecP384r1MLKEM1024,NO,,,"",unsupported_or_unknown
wsj.com,443,MLKEM512,NO,,,"",unsupported_or_unknown
wsj.com,443,MLKEM768,NO,,,"",unsupported_or_unknown
wsj.com,443,MLKEM1024,NO,,,"",unsupported_or_unknown
reuters.com,443,X25519MLKEM768,NO,,,"",handshake_failure
reuters.com,443,SecP256r1MLKEM768,NO,,,"",handshake_failure
reuters.com,443,SecP384r1MLKEM1024,NO,,,"",handshake_failure
reuters.com,443,MLKEM512,NO,,,"",handshake_failure
reuters.com,443,MLKEM768,NO,,,"",handshake_failure
reuters.com,443,MLKEM1024,NO,,,"",handshake_failure
cnbc.com,443,X25519MLKEM768,NO,,,"",unsupported_or_unknown
cnbc.com,443,SecP256r1MLKEM768,NO,,,"",unsupported_or_unknown
cnbc.com,443,SecP384r1MLKEM1024,NO,,,"",unsupported_or_unknown
cnbc.com,443,MLKEM512,NO,,,"",unsupported_or_unknown
cnbc.com,443,MLKEM768,NO,,,"",unsupported_or_unknown
cnbc.com,443,MLKEM1024,NO,,,"",unsupported_or_unknown
marketwatch.com,443,X25519MLKEM768,YES,TLS_AES_128_GCM_SHA256,,"X25519MLKEM768",
marketwatch.com,443,SecP256r1MLKEM768,YES,TLS_AES_128_GCM_SHA256,,"SecP256r1MLKEM768",
marketwatch.com,443,SecP384r1MLKEM1024,NO,,,"",unsupported_or_unknown
marketwatch.com,443,MLKEM512,NO,,,"",unsupported_or_unknown
marketwatch.com,443,MLKEM768,NO,,,"",unsupported_or_unknown
marketwatch.com,443,MLKEM1024,NO,,,"",unsupported_or_unknown
barrons.com,443,X25519MLKEM768,YES,TLS_AES_128_GCM_SHA256,,"X25519MLKEM768",
barrons.com,443,SecP256r1MLKEM768,YES,TLS_AES_128_GCM_SHA256,,"SecP256r1MLKEM768",
barrons.com,443,SecP384r1MLKEM1024,NO,,,"",unsupported_or_unknown
barrons.com,443,MLKEM512,NO,,,"",unsupported_or_unknown
barrons.com,443,MLKEM768,NO,,,"",unsupported_or_unknown
barrons.com,443,MLKEM1024,NO,,,"",unsupported_or_unknown
investopedia.com,443,X25519MLKEM768,YES,TLS_AES_256_GCM_SHA384,,"X25519MLKEM768",
investopedia.com,443,SecP256r1MLKEM768,NO,,,"",handshake_failure
investopedia.com,443,SecP384r1MLKEM1024,NO,,,"",handshake_failure
investopedia.com,443,MLKEM512,NO,,,"",handshake_failure
investopedia.com,443,MLKEM768,NO,,,"",handshake_failure
investopedia.com,443,MLKEM1024,NO,,,"",handshake_failure
seekingalpha.com,443,X25519MLKEM768,YES,TLS_AES_128_GCM_SHA256,TLSv1.3,"X25519MLKEM768",
seekingalpha.com,443,SecP256r1MLKEM768,NO,,,"",handshake_failure
seekingalpha.com,443,SecP384r1MLKEM1024,NO,,,"",handshake_failure
seekingalpha.com,443,MLKEM512,NO,,,"",handshake_failure
seekingalpha.com,443,MLKEM768,NO,,,"",handshake_failure
seekingalpha.com,443,MLKEM1024,NO,,,"",handshake_failure
thestreet.com,443,X25519MLKEM768,YES,TLS_AES_128_GCM_SHA256,TLSv1.3,"X25519MLKEM768",
thestreet.com,443,SecP256r1MLKEM768,NO,,,"",handshake_failure
thestreet.com,443,SecP384r1MLKEM1024,NO,,,"",handshake_failure
thestreet.com,443,MLKEM512,NO,,,"",handshake_failure
thestreet.com,443,MLKEM768,NO,,,"",handshake_failure
thestreet.com,443,MLKEM1024,NO,,,"",handshake_failure
fool.com,443,X25519MLKEM768,YES,TLS_AES_256_GCM_SHA384,,"X25519MLKEM768",
fool.com,443,SecP256r1MLKEM768,NO,,,"",handshake_failure
fool.com,443,SecP384r1MLKEM1024,NO,,,"",handshake_failure
fool.com,443,MLKEM512,NO,,,"",handshake_failure
fool.com,443,MLKEM768,NO,,,"",handshake_failure
fool.com,443,MLKEM1024,NO,,,"",handshake_failure
kiplinger.com,443,X25519MLKEM768,YES,TLS_AES_128_GCM_SHA256,TLSv1.3,"X25519MLKEM768",
kiplinger.com,443,SecP256r1MLKEM768,NO,,,"",handshake_failure
kiplinger.com,443,SecP384r1MLKEM1024,NO,,,"",handshake_failure
kiplinger.com,443,MLKEM512,NO,,,"",handshake_failure
kiplinger.com,443,MLKEM768,NO,,,"",handshake_failure
kiplinger.com,443,MLKEM1024,NO,,,"",handshake_failure
moneycontrol.com,443,X25519MLKEM768,NO,,,"",handshake_failure
moneycontrol.com,443,SecP256r1MLKEM768,NO,,,"",handshake_failure
moneycontrol.com,443,SecP384r1MLKEM1024,NO,,,"",handshake_failure
moneycontrol.com,443,MLKEM512,NO,,,"",handshake_failure
moneycontrol.com,443,MLKEM768,NO,,,"",handshake_failure
moneycontrol.com,443,MLKEM1024,NO,,,"",handshake_failure
livemint.com,443,X25519MLKEM768,NO,,,"",handshake_failure
livemint.com,443,SecP256r1MLKEM768,NO,,,"",handshake_failure
livemint.com,443,SecP384r1MLKEM1024,NO,,,"",handshake_failure
livemint.com,443,MLKEM512,NO,,,"",handshake_failure
livemint.com,443,MLKEM768,NO,,,"",handshake_failure
livemint.com,443,MLKEM1024,NO,,,"",handshake_failure
theedgesingapore.com,443,X25519MLKEM768,YES,TLS_AES_256_GCM_SHA384,,"X25519MLKEM768",
theedgesingapore.com,443,SecP256r1MLKEM768,NO,,,"",handshake_failure
theedgesingapore.com,443,SecP384r1MLKEM1024,NO,,,"",handshake_failure
theedgesingapore.com,443,MLKEM512,NO,,,"",handshake_failure
theedgesingapore.com,443,MLKEM768,NO,,,"",handshake_failure
theedgesingapore.com,443,MLKEM1024,NO,,,"",handshake_failure
businesstimes.com.sg,443,X25519MLKEM768,YES,TLS_AES_128_GCM_SHA256,,"X25519MLKEM768",
businesstimes.com.sg,443,SecP256r1MLKEM768,YES,TLS_AES_128_GCM_SHA256,,"SecP256r1MLKEM768",
businesstimes.com.sg,443,SecP384r1MLKEM1024,NO,,,"",unsupported_or_unknown
businesstimes.com.sg,443,MLKEM512,NO,,,"",unsupported_or_unknown
businesstimes.com.sg,443,MLKEM768,NO,,,"",unsupported_or_unknown
businesstimes.com.sg,443,MLKEM1024,NO,,,"",unsupported_or_unknown
afr.com,443,X25519MLKEM768,NO,,,"",protocol_mismatch
afr.com,443,SecP256r1MLKEM768,NO,,,"",protocol_mismatch
afr.com,443,SecP384r1MLKEM1024,NO,,,"",protocol_mismatch
afr.com,443,MLKEM512,NO,,,"",protocol_mismatch
afr.com,443,MLKEM768,NO,,,"",protocol_mismatch
afr.com,443,MLKEM1024,NO,,,"",protocol_mismatch
scmp.com,443,X25519MLKEM768,YES,TLS_AES_256_GCM_SHA384,,"X25519MLKEM768",
scmp.com,443,SecP256r1MLKEM768,NO,,,"",handshake_failure
scmp.com,443,SecP384r1MLKEM1024,NO,,,"",handshake_failure
scmp.com,443,MLKEM512,NO,,,"",handshake_failure
scmp.com,443,MLKEM768,NO,,,"",handshake_failure
scmp.com,443,MLKEM1024,NO,,,"",handshake_failure
nikkei.com,443,X25519MLKEM768,NO,,,"",unsupported_or_unknown
nikkei.com,443,SecP256r1MLKEM768,NO,,,"",unsupported_or_unknown
nikkei.com,443,SecP384r1MLKEM1024,NO,,,"",unsupported_or_unknown
nikkei.com,443,MLKEM512,NO,,,"",unsupported_or_unknown
nikkei.com,443,MLKEM768,NO,,,"",unsupported_or_unknown
nikkei.com,443,MLKEM1024,NO,,,"",unsupported_or_unknown
caixin.com,443,X25519MLKEM768,NO,,,"",handshake_failure
caixin.com,443,SecP256r1MLKEM768,NO,,,"",handshake_failure
caixin.com,443,SecP384r1MLKEM1024,NO,,,"",handshake_failure
caixin.com,443,MLKEM512,NO,,,"",handshake_failure
caixin.com,443,MLKEM768,NO,,,"",handshake_failure
caixin.com,443,MLKEM1024,NO,,,"",handshake_failure
economictimes.indiatimes.com,443,X25519MLKEM768,NO,,,"",handshake_failure
economictimes.indiatimes.com,443,SecP256r1MLKEM768,NO,,,"",handshake_failure
economictimes.indiatimes.com,443,SecP384r1MLKEM1024,NO,,,"",handshake_failure
economictimes.indiatimes.com,443,MLKEM512,NO,,,"",handshake_failure
economictimes.indiatimes.com,443,MLKEM768,NO,,,"",handshake_failure
economictimes.indiatimes.com,443,MLKEM1024,NO,,,"",handshake_failure
